"county","type","facility_name","street_address","city","state","zip","location"
"Bronx","Grocery","Met Food","Woodycrest Avenue","Bronx","NY","10452",
"Queens","Grocery","Key Food #8","73rd Ave","Bayside","NY","11364",
"Queens","Pharmacy Only","Duane Reade #14423","Broadway","Astoria","NY","11106",
"Steuben","Grocery","Hornell Save-A-Lot","Park Drive","Hornell","NY","14843",
"Wyoming","Grocery","Tops Market #277","Prospect St","Attica","NY","14011",
"Westchester","Grocery","Peekskill Mini Mart Corp.","Bank Street","Peekskill","NY","10566",
"Westchester","Grocery","Bryn Mawr Iga","Lockwood Avenue","Yonkers","NY","10701",
"Wyoming","Grocery","Arcade Market Place","W Main St","Arcade","NY","14009",
"Westchester","Grocery","Gian Deli Grocery Corp","W Sidney Avenue","Mount Vernon","NY","10550",
"Yates","Pharmacy Only","Walgreens # 10218","Liberty St","Penn Yan","NY","14527",
"Westchester","Pharmacy Only","Lake Ave Pharmacy","Lake Avenue","Yonkers","NY","10703",
"Wyoming","Grocery","Perry Food Market","N Center St Po Box 7","Perry","NY","14530",
"Westchester","Pharmacy Only","Stanley Pharmacy","S Broadway","Yonkers","NY","10701",
"Yates","Grocery","Tops Market #566","Liberty St","Penn Yan","NY","14527",
"Westchester","Grocery","Zoe Mini Market Inc","Union Avenue","New Rochelle","NY","10801",
"Wyoming","Grocery w/ Pharmacy inside","Tops Market #238","W Main St","Arcade","NY","14009",
"Westchester","Pharmacy Only","Mt Vernon Pharmacy Corp.","Stevens Ave","Mount Vernon","NY","10550",
"Wyoming","Grocery","Save-A-Lot Warsaw","N. Main St.","Warsaw","NY","14569",
"Westchester","Grocery","Ideal Fresh Market","Yonkers Avenue","Yonkers","NY","10704",
"Westchester","Pharmacy Only","Esther Pharmacy","South Broadway","Yonkers","NY","10701",
"Wyoming","Grocery","Tops Market #247","Rte 19","Warsaw","NY","14569",
"Queens","Grocery","Melody Market Inc","Junction Boulevard","East Elmhurst","NY","11369",
"Erie","Grocery","Save-A-Lot Lackawanna","Abbott Road","Lackawanna","NY","14218",
"Kings","Grocery","Ideal Food Basket","Bedford Ave","Brooklyn","NY","11226",
"Bronx","Grocery","Western Beef #29","Webster Avenue","Bronx","NY","10457",
"Monroe","Grocery","Public Meat & Grocery","Hudson Avenue","Rochester","NY","14605",
"New York","Pharmacy Only","Duane Reade #14126","Wall Street","New York","NY","10005",
"Kings","Grocery","Pioneer","Fulton St","Brooklyn","NY","11208",
"Westchester","Grocery","La Michoacana Hermanos Diaz Inc","Union Avenue","New Rochelle","NY","10801",
"Suffolk","Grocery","Fine Fare","Old Country Road","Riverhead","NY","11901",
"New York","Grocery","City Fresh Market","East 106th St","New York","NY","10029",
"Nassau","Grocery","Food Bazaar","Corporate Drive","Westbury","NY","11590",
"Steuben","Grocery","Tops Market #540","West Pulteney St","Corning","NY","14830",
"Kings","Grocery","R & M Grocery Corp.","Neptune Ave","Brooklyn","NY","11235",
"Oswego","Grocery","Tops Market #585","Rome Rd (Rt-13)","Pulaski","NY","13142",
"Monroe","Grocery","Herrema's Marketplace","Pattonwood Drive","Irondequoit","NY","14617",
"OOS","Grocery","ShopRite Of Westfall Town Center","Hulst Drive","Montague","NJ","7927",
"Queens","Grocery","Pioneer Supermarket","Northern Blvd","Corona","NY","11368",
"Nassau","Grocery","La Placita Supermarket","Glen St","Glen Cove","NY","11542",
"Erie","Pharmacy Only","Walgreens # 12473","French Rd","Buffalo","NY","14227",
"Suffolk","Pharmacy Only","Walgreens #05439","Deer Park Ave","Deer Park","NY","11729",
"Kings","Grocery","Food Universe","Remsen Avenue","Brooklyn","NY","11212",
"Nassau","Pharmacy Only","CVS Pharmacy #2028","Henry Street","Hempstead","NY","11550",
"Bronx","Grocery","Regina Meat & Deli Grocery Inc","Westchester Avenue","Bronx","NY","10472",
"Westchester","Grocery","Associated Supermarket","South Broadway","Yonkers","NY","10705",
"Nassau","Grocery","Stop & Shop #569","Pine Hollow Rd","Oyster Bay","NY","11771",
"Bronx","Grocery","1029 Food Plaza Inc","East 181st Street","Bronx","NY","10453",
"Orange","Grocery","Landau Supermarket","Forest Road","Monroe","NY","10950",
"Kings","Grocery","Kosher Town","Albany Avenue","Brooklyn","NY","11213",
"Kings","Grocery","La Placita De Brooklyn Supermarket","8th Avenue","Brooklyn","NY","11232",
"Richmond","Grocery w/ Pharmacy inside","ShopRite Of Forest & Richmond","Richmond Avenue","Staten Island","NY","10314",
"Richmond","Grocery","Key Food","Bay St","Staten Island","NY","10301",
"Kings","Grocery","Bensonhurst Market","20th Avenue","Brooklyn","NY","11204",
"Rockland","Grocery w/ Pharmacy inside","ShopRite Of New City","North Main St","New City","NY","10956",
"Bronx","Pharmacy Only","Mahesh Drugs","White Plains Road","Bronx","NY","10473",
"Richmond","Grocery","Frutas Y Abarrotes Mexico Ii Inc.","Victory Blvd.","Staten Island","NY","10301",
"Queens","Grocery","Key Food","Queens Blvd","Woodside","NY","11377",
"Queens","Grocery","Lan Babyshop Inc.","Northern Boulevard","Flushing","NY","11354",
"Nassau","Pharmacy Only","CVS Pharmacy #541","Sunrise Highway","Rockville Centre","NY","11570",
"Queens","Grocery","Shop Fair Supermarket Market Place","Seneca Av","Ridgewood","NY","11385",
"New York","Pharmacy Only","Duane Reade #14369","Madison Ave","New York","NY","10029",
"Westchester","Grocery","La Famosa Corp.","Beekman Avenue","Sleepy Hollow","NY","10591",
"Queens","Grocery","Foodtown","Queens Blvd","Forest Hills","NY","11375",
"Onondaga","Grocery w/ Pharmacy inside","Walmart Supercenter #5242","Brewerton Ro","Cicero","NY","13039",
"Queens","Grocery","Key Food","Queens Blvd","Forest Hills","NY","11375",
"Queens","Grocery","Associated Fresh Marketplace","Parsons Blvd","Fresh Meadows","NY","11365",
"Chemung","Grocery","Jubilee Foods","Westinghouse Road","Horseheads","NY","14845",
"New York","Grocery","El Manantial Grocery Store, Inc.","Audubon Ave","New York","NY","10033",
"Kings","Grocery","Golden Farms","Crescent Street","Brooklyn","NY","11208",
"Bronx","Pharmacy Only","City Line Pharmacy","White Plains Road","Bronx","NY","10470",
"Oneida","Grocery w/ Pharmacy inside","Walmart Supercenter #2093","Horatio St","Utica","NY","13502",
"Schenectady","Grocery w/ Pharmacy inside","Market 32 By Price Chopper #191","Balltown Rd","Schenectady","NY","12304",
"Kings","Grocery","Sweet Garden Market Inc.","18th Ave","Brooklyn","NY","11204",
"Kings","Grocery","The Kosher Food Depot, Inc.","42nd St","Brooklyn","NY","11219",
"Kings","Grocery","City Fresh Market","Stanley Avenue","Brooklyn","NY","11207",
"Bronx","Pharmacy Only","1st Aid Pharmacy & Surgical Supplie","West Fordham Road","Bronx","NY","10468",
"Erie","Pharmacy Only","Walgreens #10442","Delaware Ave","Buffalo","NY","14217",
"Kings","Grocery","Bowen & Darren Deli & Grocery, Corp","7th Av","Brooklyn","NY","11220",
"Bronx","Grocery","Fine Fare","East Mount Eden Avenue","Bronx","NY","10452",
"Suffolk","Pharmacy Only","Salumed Pharmacy","Fifth Ave","Bay Shore","NY","11706",
"Putnam","Grocery","Tops Market #535","Us Route 6","Carmel","NY","10512",
"Kings","Pharmacy Only","Fine Care Pharmacy","13th Avenue","Brooklyn","NY","11219",
"Orange","Grocery","ShopRite Of Middletown #272","Dolson Av","Middletown","NY","10940",
"Monroe","Grocery w/ Pharmacy inside","Walmart Supercenter #1619","Market Place Dr","Henrietta","NY","14467",
"Westchester","Grocery","Acme #2424","Route 22","Goldens Bridge","NY","10526",
"Suffolk","Pharmacy Only","CVS Pharmacy #509","East Suffolk Avenue","Central Islip","NY","11722",
"Dutchess","Pharmacy Only","CVS #5057","Route 44","Millerton","NY","12546",
"Orange","Grocery","Geraci's Market","Mill St","Newburgh","NY","12550",
"Suffolk","Grocery w/ Pharmacy inside","Stop & Shop #583","Patchogue Yaphank Ro","Medford","NY","11763",
"Seneca","Grocery","Ovid Big M","Main Street","Ovid","NY","14521",
"Suffolk","Grocery","ShopRite Of Hauppauge","Nesconset Hwy","Hauppauge","NY","11788",
"Kings","Grocery","Royal Market","Nostrand Ave","Brooklyn","NY","11216",
"Kings","Grocery","Metropolitan Citymarket","Bedford Ave.","Brooklyn","NY","11216",
"Queens","Grocery","Ideal Food Basket","Hillside Av","Jamaica","NY","11435",
"Chautauqua","Pharmacy Only","Walgreens #11729","Main St","Dunkirk","NY","14048",
"Suffolk","Pharmacy Only","CVS Pharmacy #1271","Route 25a","Rocky Point","NY","11778",
"Bronx","Pharmacy Only","Gig Pharmacy Inc.","Jerome Avenue","Bronx","NY","10467",
"Suffolk","Grocery","La Plaza Mini Market Corp","Straight Path","Wyandanch","NY","11798",
"Kings","Grocery","Ideal Food Basket","Rockaway Parkway","Brooklyn","NY","11236",
"Albany","Grocery","Market 32 By Price Chopper #23","Madison Ave","Albany","NY","12210",
"Kings","Grocery w/ Pharmacy inside","Bocker Pharmacy & Food Mart Inc.","Knickerbocker Avenue","Brooklyn","NY","11237",
"Richmond","Pharmacy Only","Walgreens #09204","Manor Rd","Staten Island","NY","10314",
"Kings","Grocery","Tov Meod","14th Ave","Brooklyn","NY","11219",
"Erie","Grocery","Tops Market #212","Harlem Rd","West Seneca","NY","14224",
"Fulton","Grocery","Tops Market #721","Main Street","Northville","NY","12134",
"Ontario","Grocery","Tops Market #435","Route 96","Farmington","NY","14425",
"Monroe","Grocery w/ Pharmacy inside","Wegmans Food Market #20","Mt Read Blvd","Rochester","NY","14616",
"Queens","Grocery","Mi Tierra Supermarket","Roosevelt Ave","Jackson Heights","NY","11372",
"Queens","Grocery","Foodtown","37th Ave","Jackson Heights","NY","11372",
"Bronx","Grocery","Fine Fare","East Tremont Avenue","Bronx","NY","10457",
"New York","Grocery","Compare","Avenue D","New York","NY","10009",
"Rensselaer","Grocery","Tops Market #723","Route 22","Hoosick Falls","NY","12090",
"New York","Grocery","Thrifty Deli Supermarket","Broadway","New York","NY","10027",
"Kings","Grocery","C-Town Supermarkets","Avenue D","Brooklyn","NY","11203",
"New York","Grocery","C-Town Supermarkets","Frederick Douglass Blvd","New York","NY","10027",
"Chenango","Grocery","Sherburne Big M","North Main St","Sherburne","NY","13460",
"Bronx","Grocery","Sagal Food","Southern Boulevard","Bronx","NY","10459",
"Queens","Grocery","C & C International Deli Grocery Co","41st Ave","Corona","NY","11368",
"Rockland","Grocery","Evergreen Kosher Llc","Route 59","Monsey","NY","10952",
"Orange","Grocery","Target #1296","North Galleria Drive, Ste 40","Middletown","NY","10941",
"Kings","Grocery","Colonial Deli, Inc.","Bay Ridge Ave","Brooklyn","NY","11220",
"Queens","Grocery","Food Bazaar","Northern Blvd","Long Island City","NY","11101",
"Onondaga","Grocery w/ Pharmacy inside","Wegmans Food Market #30","E Genesee St","Fayetteville","NY","13066",
"Bronx","Grocery","Golden Produce Ii Llc","Grand Concourse","Bronx","NY","10457",
"Kings","Grocery","Throop Ave. Grocery & Meat Market","Park Avenue","Brooklyn","NY","11206",
"Bronx","Grocery","Cacheo Food Corp","Sheridan Avenue","Bronx","NY","10456",
"Kings","Grocery","Lucky 4502 Grocery Inc","6th Avenue","Brooklyn","NY","11220",
"Dutchess","Grocery","Stop & Shop #567","Albany Post Road","Hyde Park","NY","12538",
"Kings","Grocery","Food Bazaar","Van Brunt St","Brooklyn","NY","11231",
"Richmond","Grocery","Target Store T-2753","Richmond Avenue","Staten Island","NY","10314",
"Suffolk","Grocery","Target Store T-1148","Sunrise Highway","Bay Shore","NY","11706",
"Erie","Grocery w/ Pharmacy inside","Tops Market #202","Union Rd","Cheektowaga","NY","14225",
"Kings","Grocery","Southside Food Plaza Inc.","Bedford Ave","Brooklyn","NY","11249",
"Queens","Grocery","Trade Fair","Astoria Blvd.","East Elmhurst","NY","11369",
"Kings","Grocery","3 J S Food Corp.","Pitkin Avenue","Brooklyn","NY","11207",
"Queens","Grocery","Fine Fare Supermarket","Jamaica Avenue","Woodhaven","NY","11421",
"Queens","Pharmacy Only","Medicmasters Pharmacy & Surgical Su","Jamaica Avenue","Jamaica","NY","11432",
"New York","Pharmacy Only","Upper Manhattan Pharmacy","Amsterdam Ave","New York","NY","10031",
"Nassau","Grocery","King Kullen #39","Jericho Turnpike","Garden City Park","NY","11040",
"Bronx","Grocery","Banesa Deli Grocery#2","Anthony Avenue","Bronx","NY","10457",
"Queens","Grocery","Stop & Shop #2580","26th Avenue","Bayside","NY","11360",
"Herkimer","Grocery w/ Pharmacy inside","Walmart Supercenter #2285","North Caroline Street","Herkimer","NY","13350",
"Kings","Grocery","Scaturro Supermarkets","11th Ave","Brooklyn","NY","11219",
"Monroe","Grocery w/ Pharmacy inside","Wegmans Food Market #67","Titus Ave","Rochester","NY","14621",
"Oswego","Grocery","Tops Market #595","North Main St","Sandy Creek","NY","13145",
"Bronx","Grocery","C-Town Supermarkets","Third Avenue","Bronx","NY","10451",
"Queens","Pharmacy Only","Sherman Pharmacy 2","Myrtle Avenue","Ridgewood","NY","11385",
"Suffolk","Grocery","Cherry Valley Marketplace","E. Suffolk Avenue","Central Islip","NY","11722",
"Kings","Pharmacy Only","Coney Island Chemist, Inc.","Coney Island Ave","Brooklyn","NY","11223",
"Westchester","Grocery","City Fresh Market","West Post Road","White Plains","NY","10606",
"New York","Grocery","C-Town Supermarkets","W 125th St","New York","NY","10027",
"Tioga","Grocery","Sweeney's Market","State Route 434","Apalachin","NY","13732",
"Suffolk","Grocery w/ Pharmacy inside","Stop & Shop #564","Montauk Hw","West Babylon","NY","11704",
"Rockland","Grocery","Pineapple Supermarket Llc","Mezritch Rd","Spring Valley","NY","10977",
"Saratoga","Grocery w/ Pharmacy inside","Price Chopper #184","Kendall Way","Malta","NY","12020",
"Queens","Grocery","Grace Tree Fruit Corp.","Woodward Avenue","Ridgewood","NY","11385",
"Nassau","Pharmacy Only","CVS Pharmacy #982","Wantagh Avenue","Levittown","NY","11756",
"Westchester","Grocery","La Placita Mini Market","South Highland Avenue","Ossining","NY","10562",
"Ontario","Grocery","West's Shurfine Food Mart","Main Street","Honeoye","NY","14471",
"Ulster","Grocery","ShopRite Of Ellenville #266","Shoprite Blvd","Ellenville","NY","12428",
"New York","Pharmacy Only","Duane Reade #14202","Columbus Ave","New York","NY","10025",
"Kings","Pharmacy Only","Rxcircle Pharmacy Corp","7th Avenue","Brooklyn","NY","11220",
"Suffolk","Grocery","Stop & Shop #2575","Newtown La","East Hampton","NY","11937",
"Suffolk","Pharmacy Only","CVS Pharmacy #2960","Main Street","Port Jefferson","NY","11777",
"Nassau","Grocery","Target Store T-1139","Corporate Drive","Westbury","NY","11590",
"Nassau","Grocery w/ Pharmacy inside","Stop & Shop #2584","Wheatly Plaza","Greenvale","NY","11548",
"Bronx","Pharmacy Only","Walgreens #1013","Broadway","Bronx","NY","10463",
"New York","Grocery","85 Deli Mini Market Corp.","Broadway","New York","NY","10034",
"Queens","Grocery","Stop 1","108th Street","Corona","NY","11368",
"Kings","Grocery","Foodtown #589","Mcdonald Ave","Brooklyn","NY","11218",
"Kings","Grocery","Karzinka Corp.","Bay Parkway","Brooklyn","NY","11204",
"Ulster","Grocery","Mytown Marketplace","Main Street","Stone Ridge","NY","12484",
"New York","Pharmacy Only","Pancare Pharmacy, Inc.","Bowery St","New York","NY","10013",
"Warren","Grocery w/ Pharmacy inside","Hannaford Food & Drug #8374","Broad St","Glens Falls","NY","12801",
"Queens","Grocery","Fine Fare","41st Avenue","Long Island City","NY","11101",
"Albany","Grocery w/ Pharmacy inside","Price Chopper #138","New Loudon Road","Latham","NY","12110",
"Oneida","Pharmacy Only","CVS #5015","Main St","Waterville","NY","13480",
"Kings","Grocery","C-Town Supermarkets","Taaffe Place","Brooklyn","NY","11205",
"Kings","Grocery","Power 7 Market, Inc.","7th Avenue","Brooklyn","NY","11220",
"Cayuga","Grocery","Byrne Dairy #37","Arterial East","Auburn","NY","13021",
"Bronx","Grocery","S & W Supermarket Inc","East Tremont Avenue","Bronx","NY","10465",
"Queens","Grocery w/ Pharmacy inside","Stop & Shop #2585","Springfield Blvd","Springfield Garden","NY","11413",
"Rensselaer","Grocery","ShopRite Of North Greenbush #250","Van Rensselaer Square","Rensselaer","NY","12144",
"Bronx","Grocery","Your Choice Deli Grocery Corp","Valentine Avenue","Bronx","NY","10458",
"New York","Grocery","Rey's Grocery Deli Corp.","Audubon Av","New York","NY","10033",
"Queens","Grocery","The Food Emporium","153rd Avenue","Howard Beach","NY","11414",
"Kings","Pharmacy Only","Walgreens # 11555","18th Ave","Brooklyn","NY","11204",
"Bronx","Pharmacy Only","161st Pharmacy & Surgical Supplies","East 161st Street","Bronx","NY","10451",
"Lewis","Grocery w/ Pharmacy inside","Walmart Supercenter #5498","State Route 12","Lowville","NY","13367",
"Kings","Pharmacy Only","Geo Pharmacy, Inc.","Coney Island Av","Brooklyn","NY","11218",
"Cattaraugus","Grocery","Tops Market #273","Main St","Randolph","NY","14772",
"Essex","Grocery","Village Meat Market","Essex Road","Willsboro","NY","12996",
"Delaware","Grocery","Price Chopper #215","Delaware Avenue","Sidney","NY","13838",
"Rockland","Grocery","Los Primos Grocery Store #2 Corp","Main Street","Haverstraw","NY","10927",
"Queens","Grocery","Food Bazaar","Gates Avenue","Ridgewood","NY","11385",
"Onondaga","Grocery","Price Rite Syracuse #248","South Av","Syracuse","NY","13207",
"New York","Grocery","Key Food","Amsterdam Ave","New York","NY","10024",
"Erie","Grocery","Save-A-Lot Lancaster","Aurora St.","Lancaster","NY","14086",
"New York","Grocery","C-Town Supermarkets","Saint Nicholas Avenue","New York","NY","10032",
"Bronx","Grocery","Fine Fare","East 149th Street","Bronx","NY","10455",
"Greene","Grocery","Tops Market #720","State Route 32","Greenville","NY","12083",
"Monroe","Grocery w/ Pharmacy inside","Wegmans Food Market #66","Holt Rd","Webster","NY","14580",
"Bronx","Grocery","Omale New York Grocery Corp","Crotona Avenue","Bronx","NY","10457",
"Erie","Grocery w/ Pharmacy inside","Walmart Supercenter #2210","Sheridan Dr","Amherst","NY","14226",
"Nassau","Grocery","ShopRite Of Massapequa","Sunrise Highway","Massapequa","NY","11758",
"Kings","Grocery","Hua Xing Grocery Inc","Fort Hamilton Pw","Brooklyn","NY","11219",
"Kings","Grocery","Avenue H Deli, Inc.","Avenue H","Brooklyn","NY","11234",
"Kings","Grocery","Sweet Chelsea Grocery Inc","7th Avenue","Brooklyn","NY","11220",
"Nassau","Pharmacy Only","CVS Pharmacy #510","Franklin Avenue","Garden City","NY","11530",
"Nassau","Pharmacy Only","Walgreens #2778","Dutch Broadway","Elmont","NY","11003",
"Albany","Grocery w/ Pharmacy inside","Hannaford Supermarket & Pharm #8367","Central Ave","Albany","NY","12206",
"Queens","Pharmacy Only","Duane Reade #14206","Beach Channel Dr","Far Rockaway","NY","11694",
"Niagara","Grocery w/ Pharmacy inside","Walmart Supercenter #4597","Niagara Falls Bo","North Tonawanda","NY","14120",
"Kings","Grocery","R & I Grocery Inc.","8th Avenue","Brooklyn","NY","11232",
"Onondaga","Grocery","Toomey Abbott Market","Almond St","Syracuse","NY","13210",
"Nassau","Grocery w/ Pharmacy inside","Stop & Shop #2582","East Park Av","Long Beach","NY","11561",
"New York","Pharmacy Only","Duane Reade #21261","8th Ave","New York","NY","10036",
"New York","Grocery","Fine Fare Fresh","Broadway Suite 17","New York","NY","10033",
"Bronx","Grocery","Ecuatioranita Deli Corp","Longwood Avenue","Bronx","NY","10459",
"Bronx","Grocery","J & R Super Deli Grocery Corp","Washington Avenue","Bronx","NY","10456",
"Bronx","Grocery","Foodtown","White Plains Road","Bronx","NY","10466",
"New York","Pharmacy Only","Duane Reade #14488","Lexington Ave","New York","NY","10022",
"Kings","Pharmacy Only","Duane Reade #14444","Ralph Ave","Brooklyn","NY","11234",
"Suffolk","Pharmacy Only","CVS Pharmacy #2286","Portion Road","Lake Ronkonkoma","NY","11779",
"Warren","Grocery","Grand Union Of Warrensburg #19494","Main Street","Warrensburg","NY","12885",
"Onondaga","Grocery","J & B Grocery","Bellevue Ave","Syracuse","NY","13204",
"Monroe","Grocery w/ Pharmacy inside","Wegmans Food Market # 25","Monroe Ave","Rochester","NY","14618",
"Dutchess","Grocery","Target T-1856","South Road","Poughkeepsie","NY","12601",
"Queens","Grocery","Darbar Deli & Grocery Inc.","Queens Blvd","Jamaica","NY","11435",
"Erie","Grocery w/ Pharmacy inside","Tops Market #220","Transit Rd","Depew","NY","14043",
"Bronx","Grocery","Leidy Deli Grocery","East 176 Street","Bronx","NY","10457",
"Westchester","Grocery","La Poblanita Deli Grocery Corp","Poningo Street","Port Chester","NY","10573",
"Oneida","Grocery","Tops Market #598","State Route 12","Boonville","NY","13309",
"Orange","Grocery","La Marqueta Meat & Produce","Broadway","Newburgh","NY","12550",
"Columbia","Grocery w/ Pharmacy inside","Walmart Supercenter #2097","Fairview Av","Hudson","NY","12534",
"Queens","Pharmacy Only","Walgreens #05051","Merrick Blvd","Laurelton","NY","11413",
"Kings","Grocery","Brooklyn Harvest Market","Metropolitan Avenue","Brooklyn","NY","11211",
"Queens","Grocery","Green Valley Of Sunnyside","Greenpoint Ave","Sunnyside","NY","11104",
"Kings","Grocery","Express Deli","Neptune Avenue","Brooklyn","NY","11235",
"Richmond","Grocery","Super Fresh","Greaves Lane","Staten Island","NY","10308",
"Kings","Grocery","Spitzer's Bakery Inc.","Bedford Avenue","Brooklyn","NY","11211",
"Steuben","Grocery w/ Pharmacy inside","Walmart Supercenter #2992","Silverback Ln","Painted Post","NY","14870",
"Livingston","Grocery","Tops Market #431","E Main St","Avon","NY","14414",
"Queens","Grocery","Happy 88 Grocery Store Inc.","Corona Ave","Elmhurst","NY","11373",
"St. Lawrence","Grocery w/ Pharmacy inside","Price Chopper #46","E. Main Street","Canton","NY","13617",
"Oswego","Grocery","Price Chopper #226","State Route 104","Oswego","NY","13126",
"Westchester","Grocery","Stop & Shop #591","Boston Post Road","Mamaroneck","NY","10543",
"Chemung","Grocery","Byrne Dairy #01","Grand Central Avenue","Horseheads","NY","14845",
"Kings","Grocery","Mary Grocery Inc","Fort Hamilton Pkwy","Brooklyn","NY","11219",
"Kings","Grocery","Amin Grocery Corp.","18 Ave","Brooklyn","NY","11218",
"Monroe","Grocery","Target Store T-2211","Medley Centre Parkway","Irondequoit","NY","14622",
"Suffolk","Grocery w/ Pharmacy inside","Stop & Shop #574","Route 25a","Setauket","NY","11733",
"Suffolk","Pharmacy Only","Family Care Pharmacy","Walt Whitman Rd","Huntington Station","NY","11746",
"Queens","Grocery","Cielo86 Inc","Roosevelt Avenue","Jackson Heights","NY","11372",
"Kings","Grocery","Dwip Bangla Grocery Inc","Beverley Road","Brooklyn","NY","11218",
"Jefferson","Grocery","Watertown Save-A-Lot","State St","Watertown","NY","13601",
"Queens","Pharmacy Only","Variety Drugs","137th Ave","Jamaica","NY","11434",
"Queens","Grocery","69-21 Mini Market, Inc.","Myrtle Ave","Glendale","NY","11385",
"Suffolk","Grocery w/ Pharmacy inside","King Kullen #37","Middle Country Rd","Middle Island","NY","11953",
"Onondaga","Grocery","Mike's Market","E. Division Street","Syracuse","NY","13208",
"Monroe","Grocery","Gold Star Super Market, Inc","Reynolds St","Rochester","NY","14608",
"Kings","Grocery","Mazel Food Center, Inc.","12th Avenue","Brooklyn","NY","11219",
"Kings","Grocery","Key Food","Avenue U","Brooklyn","NY","11234",
"New York","Pharmacy Only","Duane Reade #14417","W 125th St","New York","NY","10027",
"Suffolk","Pharmacy Only","CVS Pharmacy #7621","Montauk Highway","Copiague","NY","11726",
"Kings","Grocery","Kang Yi Inc.","5th Avenue","Brooklyn","NY","11232",
"Kings","Grocery w/ Pharmacy inside","Pitkin Pharmacy & Food Mart","Pitkin Avenue","Brooklyn","NY","11212",
"Queens","Grocery","Foodtown","63rd Road","Rego Park","NY","11374",
"Bronx","Grocery","Antillana Superfood Marketplace","White Plains Road","Bronx","NY","10462",
"Queens","Grocery","Mp Mini Market Corp.","90th Ave","Jamaica","NY","11435",
"Dutchess","Grocery w/ Pharmacy inside","Tops Market #531","Route 9","Rhinebeck","NY","12572",
"Montgomery","Pharmacy Only","Walgreens #10747","State Hwy 30","Amsterdam","NY","12010",
"Bronx","Grocery","Ricardito & Anthony Deli Grocery In","Vyse Ave","Bronx","NY","10460",
"Queens","Grocery","Te Quiero Bebe And 99c Up Store Inc","Broadway","Astoria","NY","11103",
"Nassau","Grocery","Key Food","N Newbridge Rd","Levittown","NY","11756",
"Kings","Pharmacy Only","Elm Pharmacy, Inc.","Coney Island Ave","Brooklyn","NY","11230",
"Kings","Pharmacy Only","Globe Drug Store","86th St","Brooklyn","NY","11209",
"Rockland","Grocery","Target #1083","Palisades Center Drive","West Nyack","NY","10994",
"Nassau","Pharmacy Only","CVS Pharmacy #997","Glen Cove Avenue","Glen Cove","NY","11542",
"Genesee","Grocery w/ Pharmacy inside","Tops Market #246","W Main Street","Le Roy","NY","14482",
"Suffolk","Pharmacy Only","CVS Pharmacy #5446","Jericho Turnpike","East Northport","NY","11731",
"Kings","Grocery","Key Food","Broadway","Brooklyn","NY","11221",
"Bronx","Grocery","Lisbeth Food Corp","Watson Avenue","Bronx","NY","10472",
"Kings","Grocery","Liriano Deli Corp","4th St","Brooklyn","NY","11211",
"Bronx","Grocery","Pioneer","Bryant Avenue","Bronx","NY","10460",
"Kings","Grocery","Ms. Convenience, Inc.","4th Ave","Brooklyn","NY","11209",
"Oneida","Grocery w/ Pharmacy inside","Grand Union Of Sherrill Llc #19485","East State Street","Sherrill","NY","13461",
"Kings","Grocery","Mega 53 Supermarkets","13th Ave","Brooklyn","NY","11219",
"Bronx","Grocery","Fine Fare","White Plains Rd","Bronx","NY","10467",
"Orange","Grocery w/ Pharmacy inside","Walmart #1959","Route 211 East","Middletown","NY","10940",
"Queens","Grocery","Food Bazaar","61st Ave","Douglaston","NY","11362",
"Rockland","Grocery","New Square Supermarket","Jefferson Avenue","Spring Valley","NY","10977",
"Kings","Grocery","6216 Jinyuan Trading Corp","11th Ave","Brooklyn","NY","11219",
"Westchester","Grocery","Stop & Shop #532","White Plains Road","Eastchester","NY","10709",
"Queens","Grocery w/ Pharmacy inside","Horizon Pharmacy","Kissena Bo","Flushing","NY","11355",
"St. Lawrence","Grocery w/ Pharmacy inside","Walmart Supercenter #3329","Us Highway 11","Potsdam","NY","13676",
"Queens","Grocery","Foodtown","Jamaica Ave","Jamaica","NY","11432",
"Suffolk","Grocery","Bravo Supermarket","Wheeler Road","Central Islip","NY","11722",
"Kings","Grocery","Amishapara Bazar Inc.","Church Avenue","Brooklyn","NY","11218",
"Kings","Pharmacy Only","Walgreens #06982","Kings Hwy","Brooklyn","NY","11223",
"Westchester","Grocery","Mana Food Center Corp","Spring Street","Ossining","NY","10562",
"Suffolk","Pharmacy Only","CVS Pharmacy #11","New York Ave","Halesite","NY","11743",
"Onondaga","Grocery","Byrne Dairy #55","Milton Avenue","Syracuse","NY","13219",
"Bronx","Grocery","C-Town Supermarkets","Boston Post Road","Bronx","NY","10475",
"Queens","Grocery","Carniceria Stop 1, Corp.","Jamaica Avenue","Woodhaven","NY","11421",
"Nassau","Grocery","Super Stop & Shop #2552","Hempstead Turnpike","West Hempstead","NY","11552",
"New York","Pharmacy Only","Forever Health Pharmacy 1, Llc","Grand St","New York","NY","10002",
"Kings","Grocery","C-Town Supermarkets","Flatlands Ave","Brooklyn","NY","11236",
"Nassau","Pharmacy Only","CVS Pharmacy #218","Hempstead Tpke","Levittown","NY","11756",
"Kings","Grocery","Key Food","Rockaway Parkway","Brooklyn","NY","11236",
"Queens","Grocery","Valentino Food Market","Fresh Pond Road","Ridgewood","NY","11385",
"Kings","Grocery","Goldberger's Grocery, Inc.","Division Ave","Brooklyn","NY","11211",
"Broome","Grocery w/ Pharmacy inside","Walmart Supercenter #1835","Vestal Parkway East","Vestal","NY","13850",
"Albany","Grocery","Target T-1268","Central Ave","Colonie","NY","12205",
"Kings","Grocery","Shop Fair Supermarket Foodmarkets","Broadway","Brooklyn","NY","11211",
"Kings","Grocery","C-Town Supermarkets","Central Av","Brooklyn","NY","11221",
"Kings","Grocery","Rnj Kings Food, Inc.","Kings Highway","Brooklyn","NY","11229",
"Bronx","Grocery","Sabor Latino Deli Supermarket Corp","Longwood Avenue","Bronx","NY","10459",
"New York","Pharmacy Only","Duane Reade #14146","Broadway","New York","NY","10025",
"Queens","Grocery","Cherry Valley Market Place","97th Avenue","Ozone Park","NY","11416",
"Queens","Grocery","Trade Fair","36th Avenue","Long Island City","NY","11106",
"New York","Pharmacy Only","Duane Reade #14433","West 37th Street","New York","NY","10018",
"New York","Pharmacy Only","Walgreens #10135","1st Ave","New York","NY","10009",
"Queens","Grocery","Key Food #564","Newtown Avenue","Astoria","NY","11102",
"Nassau","Grocery","Gala Foods Supermarket","North Main St","Freeport","NY","11520",
"New York","Grocery","Dan's Supermarket","West 185th St","New York","NY","10033",
"Nassau","Grocery","Stop & Shop #541","Old Country Ro","Carle Place","NY","11514",
"Bronx","Grocery","Madina Trading Corp","East 165th Street","Bronx","NY","10456",
"Queens","Grocery","Bangla Bazar Fish Market Inc","43rd Ave","Sunnyside","NY","11104",
"Oneida","Grocery","Price Chopper #44","Auert Avenue","Utica","NY","13502",
"Nassau","Pharmacy Only","CVS Pharmacy #2780","West Hempstead Avenue","West Hempstead","NY","11552",
"Bronx","Pharmacy Only","Washington Pharmacy","Tremont Avenue","Bronx","NY","10457",
"Queens","Grocery","C-Town Supermarkets","Roosevelt Ave","Woodside","NY","11377",
"Erie","Grocery w/ Pharmacy inside","Tops Market #239","Sheridan Drive","Buffalo","NY","14223",
"Nassau","Grocery w/ Pharmacy inside","Stop & Shop #559","West Old Country Rd","Hicksville","NY","11801",
"Suffolk","Grocery","ShopRite Of Commack","Garet Pl","Commack","NY","11725",
"Saratoga","Grocery","Target T-1477","Crossing Blvd","Clifton Park","NY","12065",
"Queens","Grocery","Ideal Food Basket","137th Avenue","Jamaica","NY","11434",
"New York","Grocery","196 Sto. Domingo Grocery, Inc.","Audubon Ave","New York","NY","10033",
"Queens","Grocery w/ Pharmacy inside","Stop & Shop #509","Grand Avenue","Maspeth","NY","11378",
"Westchester","Grocery","New Rochelle Farms","North Avenue","New Rochelle","NY","10801",
"Cattaraugus","Pharmacy Only","CVS Pharmacy #539","North Union St","Olean","NY","14760",
"Onondaga","Grocery","Save-A-Lot Butternut","Butternut St","Syracuse","NY","13208",
"Queens","Grocery","W & K Grocery Inc","Roosevelt Av","Jackson Heights","NY","11372",
"Allegany","Grocery","Wellsville Save A Lot","Bolivar Road","Wellsville","NY","14895",
"Queens","Grocery","Key Food","64th Road","Forest Hills","NY","11375",
"New York","Grocery","Fine Fare","3rd Ave","New York","NY","10029",
"Kings","Pharmacy Only","Family Pharmacy","Rockaway Ave","Brooklyn","NY","11212",
"Niagara","Grocery w/ Pharmacy inside","Tops Market #275","Rochester Rd","Lockport","NY","14094",
"Suffolk","Grocery","King Kullen #1","West Sunrise Highway","Patchogue","NY","11772",
"Schenectady","Grocery w/ Pharmacy inside","Market 32 By Price Chopper #175","Altamont Avenue","Schenectady","NY","12303",
"Kings","Grocery","Mb Brooklyn Grocery, Inc.","Empire Blvd","Brooklyn","NY","11225",
"New York","Pharmacy Only","Duane Reade #14246","Avenue Of The Americas","New York","NY","10001",
"Nassau","Pharmacy Only","CVS Pharmacy #407","Merrick Road","Rockville Centre","NY","11570",
"Albany","Grocery","Target T-1915","Troy Schenectady Rd","Latham","NY","12110",
"Kings","Grocery","The Food Emporium","Lafayette Ave","Brooklyn","NY","11238",
"Oswego","Grocery","Buckingham Market","Redfield St","Constantia","NY","13044",
"Essex","Grocery","Price Chopper #180","Saranac Ave","Lake Placid","NY","12946",
"Bronx","Grocery","Fruit Market Of Kings, Llc","Perry Avenue","Bronx","NY","10467",
"Tompkins","Grocery","Clarks Food Mart Llc","North Street","Dryden","NY","13053",
"Bronx","Pharmacy Only","Mott Haven Pharmacy","East 141st Street","Bronx","NY","10454",
"New York","Pharmacy Only","Duane Reade #14319","W 20th St","New York","NY","10011",
"Bronx","Grocery","Foodtown #523","West Ave","Bronx","NY","10462",
"Kings","Grocery","6109 L & Y Market Inc","5th Avenue","Brooklyn","NY","11220",
"Nassau","Grocery","King Kullen #53","Austin Boulevard","Island Park","NY","11558",
"Kings","Grocery","Key Food","Mcguinness Boulevard","Brooklyn","NY","11222",
"Madison","Grocery","Tops Market #360","Seneca Turnpike(Rt-5)","Canastota","NY","13032",
"Albany","Grocery w/ Pharmacy inside","Hannaford Supermarket & Pharm #8339","Delaware Avenue","Delmar","NY","12054",
"Niagara","Grocery","Budwey's Market In The Square","Division St","North Tonawanda","NY","14120",
"Suffolk","Pharmacy Only","CVS Pharmacy #4121","Merrick Road","Amity Harbor","NY","11701",
"Richmond","Pharmacy Only","Walgreens #06179","Richmond Ave","Staten Island","NY","10314",
"Erie","Grocery w/ Pharmacy inside","Tops Market #210","Amherst St","Buffalo","NY","14207",
"Onondaga","Grocery","Byrne Dairy #119","South Bay Road","Cicero","NY","13039",
"Nassau","Grocery","Ideal Food Basket","Merrick Road","Baldwin","NY","11510",
"Westchester","Grocery","Stop & Shop #592","Sandford Blvd","Mount Vernon","NY","10550",
"Westchester","Grocery","El Mercado Meat & Produce","Lake Street","White Plains","NY","10603",
"Queens","Grocery","Key Food Supermarket","30th Ave","Astoria","NY","11103",
"Queens","Grocery","V.M.D. Deli Grocery Inc.","Queens Blvd","Woodside","NY","11377",
"Bronx","Grocery","Fine Fare Supermarket","Morris Avenue","Bronx","NY","10451",
"Wayne","Grocery w/ Pharmacy inside","Tops Market #413","Furnace Rd Rte 104","Ontario","NY","14519",
"Onondaga","Grocery w/ Pharmacy inside","Wegmans Food Market #35","Rte 31","Liverpool","NY","13090",
"New York","Pharmacy Only","Duane Reade #14111","Broadway","New York","NY","10018",
"Monroe","Grocery w/ Pharmacy inside","Wegmans Food Market #63","Penfield Rd","Penfield","NY","14526",
"Ulster","Pharmacy Only","CVS #3102","Mill Hill Road","Woodstock","NY","12498",
"Kings","Grocery","Foodtown","Vanderbilt Avenue","Brooklyn","NY","11238",
"Richmond","Grocery","Island Kosher Llc","Victory Blvd","Staten Island","NY","10314",
"Kings","Grocery","Key Food","Ralph Ave","Brooklyn","NY","11236",
"Rensselaer","Grocery w/ Pharmacy inside","Market 32 By Price Chopper #111","Columbia Turnpike","Rensselaer","NY","12144",
"Westchester","Grocery","Foodtown #521","Lake Avenue","Yonkers","NY","10703",
"Bronx","Grocery","Agramonte Grocery Store Corp","Stratford Avenue","Bronx","NY","10472",
"Cortland","Grocery w/ Pharmacy inside","Price Chopper #178","State Route 13","Cortland","NY","13045",
"Oswego","Grocery","Byrne Dairy #10","West Bridge St","Oswego","NY","13126",
"Bronx","Grocery","Gerardo Grocery","Valentine Avenue","Bronx","NY","10458",
"Westchester","Grocery","Rey's Grocery","Westchester Avenue","Port Chester","NY","10573",
"Queens","Grocery","Key Food","Merrick Blvd","Laurelton","NY","11413",
"Suffolk","Grocery","Bravo Supermarket","South Ocean Ave","Patchogue","NY","11772",
"Monroe","Grocery w/ Pharmacy inside","Tops Market #429","East Ridge Road","Rochester","NY","14621",
"Steuben","Grocery w/ Pharmacy inside","Wegmans Food Market #51","Bridge St","Corning","NY","14830",
"Orange","Grocery","Refresh Supermarket","Bakertown Road","Monroe","NY","10950",
"Kings","Grocery","Laith Lite Deli Corp","New Lots Ave","Brooklyn","NY","11207",
"Queens","Grocery","M & T Grocery Inc.","Dongan Avenue","Elmhurst","NY","11373",
"Erie","Grocery w/ Pharmacy inside","Tops Market #113 (Franchise)","Niagara Street","Buffalo","NY","14201",
"Monroe","Grocery","Target Store T-1157","Marketplace Drive","Rochester","NY","14623",
"Erie","Pharmacy Only","Walgreens #3257","Abbott Rd","Buffalo","NY","14218",
"Kings","Grocery","Ideal Food Basket","Pitkin Ave","Brooklyn","NY","11212",
"New York","Pharmacy Only","Farmacia San Rafael","St Nicholas Ave","New York","NY","10033",
"Rensselaer","Grocery w/ Pharmacy inside","Market 32 By Price Chopper #03","Hoosick Rd","Troy","NY","12180",
"Kings","Grocery","Aden Supermarket Llc","Flatlands Avenue","Brooklyn","NY","11236",
"Jefferson","Grocery","Grand Union Of Watertown Llc #19492","Seaway Plaza","Watertown","NY","13601",
"Kings","Grocery","America's Food Basket","Atlantic Ave","Brooklyn","NY","11233",
"Kings","Grocery","My Neighborhood Grocery","Chesnut Street","Brooklyn","NY","11208",
"Bronx","Grocery","Cherry Valley Market Place","East 189 Street","Bronx","NY","10458",
"Bronx","Grocery","Mg Deli Grocery Corp","Sheridan Avenue","Bronx","NY","10451",
"Warren","Grocery","Tops Market #702","Lake Shore Drive","Bolton Landing","NY","12814",
"Orange","Grocery","West Point Commissary","Stony Lonesome Road","West Point","NY","10996",
"Monroe","Grocery w/ Pharmacy inside","Walmart Supercenter #2859","Chili Avenue","Rochester","NY","14624",
"Livingston","Grocery","Caledonia Marketplace","Main Street","Caledonia","NY","14423",
"Queens","Pharmacy Only","Walgreens #07294","Roosevelt Ave","Corona","NY","11368",
"New York","Grocery","55 Fulton Market By Key Food","Fulton St","New York","NY","10038",
"Nassau","Pharmacy Only","CVS Pharmacy #555","Broadway","Bethpage","NY","11714",
"Suffolk","Pharmacy Only","CVS Pharmacy #848","South Country Road","Bellport","NY","11713",
"Suffolk","Grocery w/ Pharmacy inside","Stop & Shop # 553","Pond Path","South Setauket","NY","11720",
"Orange","Grocery w/ Pharmacy inside","Walmart #2637","Larkin Drive","Monroe","NY","10950",
"Kings","Grocery","Food Universe","Rutland Road","Brooklyn","NY","11212",
"Bronx","Grocery","Food Universe Marketplace","West 183rd Street","Bronx","NY","10453",
"Kings","Grocery","Aaa Happy Inc","Myrtle Ave","Brooklyn","NY","11237",
"Queens","Grocery","C-Town Supermarkets","Roosevelt Ave","Corona","NY","11368",
"Suffolk","Grocery","Key Food #1514","Indian Head Road","Kings Park","NY","11754",
"Queens","Grocery","Bravo Fresh Market","65th Place","Woodside","NY","11377",
"Bronx","Pharmacy Only","Medstop Pharmacy & Surgical Supplie","Jerome Avenue","Bronx","NY","10452",
"Nassau","Pharmacy Only","CVS Pharmacy #1952","East Jericho Turnpike","Mineola","NY","11501",
"Kings","Grocery","Green Corner Fish & Farmers Market","Flushing Ave","Brooklyn","NY","11206",
"Kings","Pharmacy Only","Duane Reade #14285","Brighton Beach Ave","Brooklyn","NY","11235",
"Kings","Grocery","Target Store T-1401","Gateway Dr","Brooklyn","NY","11239",
"Westchester","Grocery","Gavilan Inc","South Street","Peekskill","NY","10566",
"Suffolk","Pharmacy Only","CVS Pharmacy #5063","Pantigo Lane","East Hampton","NY","11937",
"Rockland","Grocery","Madanim Supermarket Inc.","Washington Av","Spring Valley","NY","10977",
"Dutchess","Pharmacy Only","Walgreens #12158","Route 9","Wappingers Falls","NY","12590",
"Chautauqua","Grocery","Tops Market #270","South Erie St","Mayville","NY","14757",
"Bronx","Grocery","Alanis Deli Grocery Corp","Grand Concourse","Bronx","NY","10468",
"Wayne","Grocery","Byrne Dairy #130 East Newark","E. Union Street","Newark","NY","14513",
"New York","Grocery","Key Food Fresh","St Nicholas Av","New York","NY","10032",
"Schoharie","Grocery","Middleburgh Valley Market","State Route 30","Middleburgh","NY","12122",
"Queens","Grocery","Trade Fair #5","Ditmars Blvd","Astoria","NY","11105",
"Kings","Grocery","Posner's Food Center Inc.","15th Av","Brooklyn","NY","11219",
"Washington","Grocery","Cambridge Village Market","West Main St","Cambridge","NY","12816",
"Kings","Grocery","Rahim Grocery & Halal Meat Corp.","Coney Island Ave","Brooklyn","NY","11230",
"Erie","Grocery","Dash's Market-Hertel","Hertel Ave","Buffalo","NY","14216",
"Onondaga","Grocery","Byrne Dairy #129 Solvay","W. Genesee St","Syracuse","NY","13219",
"Westchester","Grocery","Avenue Deli Grocery","Yonkers Avenue","Yonkers","NY","10701",
"Erie","Grocery","7-Eleven #35135","Bailey Ave","Buffalo","NY","14215",
"Kings","Grocery","Perez Grocery","4th Ave","Brooklyn","NY","11220",
"Otsego","Grocery","Price Chopper #235","Chestnut Street","Cooperstown","NY","13326",
"Nassau","Grocery","King Kullen # 56","West Merrick Road","Valley Stream","NY","11580",
"Queens","Grocery","Maa Supermarket, Inc.","Parsons Blvd","Jamaica","NY","11432",
"Saratoga","Grocery","Tops Market #700","Main Street","Corinth","NY","12822",
"Kings","Grocery","Nyc Fresh Market","Myrtle Avenue","Brooklyn","NY","11201",
"New York","Grocery","Associated","Lenox Ave","New York","NY","10037",
"Bronx","Grocery","Food Universe","Einstein Loop","Bronx","NY","10475",
"Albany","Grocery w/ Pharmacy inside","Hannaford Supermarket & Pharm #8233","Maple Road","Voorheesville","NY","12186",
"Kings","Grocery","Super Fresh","13th Ave","Brooklyn","NY","11228",
"Kings","Grocery","Fresh Halal Meat & Grocery","Church Ave","Brooklyn","NY","11226",
"Queens","Grocery","Target Store T-2451","College Point Bo Ste F600","Flushing","NY","11354",
"Suffolk","Pharmacy Only","CVS Pharmacy #1117","Sunrise Highway","Bohemia","NY","11716",
"Monroe","Grocery","Tops Market #452","South Av","Hilton","NY","14468",
"Niagara","Grocery","Target Store T-1012","Niagara Falls Blvd.","Niagara Falls","NY","14304",
"Broome","Grocery","Weis Markets #214","Upper Front Street","Binghamton","NY","13901",
"Kings","Grocery","City Fresh Market","Pennsylvania Ave","Brooklyn","NY","11239",
"Otsego","Grocery w/ Pharmacy inside","Walmart #2262","Ny-23","Oneonta","NY","13820",
"Westchester","Grocery","Food Bazaar","Bogopa Plaza","Mount Vernon","NY","10550",
"Nassau","Pharmacy Only","CVS Pharmacy #369","Hempstead Turnpike","West Hempstead","NY","11552",
"Bronx","Grocery","Key Food","Lydig Avenue","Bronx","NY","10462",
"New York","Grocery","Shop Fair Supermarket Supermarket","Avenue C","New York","NY","10009",
"Kings","Grocery","C-Town Supermarkets","5th Av","Brooklyn","NY","11209",
"Bronx","Grocery","Felu Grocery Corp.","Burke Avenue","Bronx","NY","10469",
"Rockland","Pharmacy Only","Valley Pharmacy","Kennedy Dr","Spring Valley","NY","10977",
"Erie","Grocery","Food Plus Market","East Amherst St","Buffalo","NY","14215",
"Montgomery","Grocery w/ Pharmacy inside","Market 32 By Price Chopper #139","Sanford Farms Shopping Center","Amsterdam","NY","12010",
"New York","Grocery","Shop Fair Supermarket Supermarkets","East 110th St","New York","NY","10029",
"Kings","Grocery","Market Place By Key Food","5th Avenue","Brooklyn","NY","11215",
"Bronx","Pharmacy Only","Care First Pharmacy Corp","White Plains Road","Bronx","NY","10466",
"Kings","Pharmacy Only","Katz Drugs","Graham Ave","Brooklyn","NY","11206",
"Oneida","Pharmacy Only","Walgreens # 10159","S James St","Rome","NY","13440",
"Nassau","Grocery","King Kullen #50","Sunrise Highway","Bellmore","NY","11710",
"Kings","Pharmacy Only","Qualimeds Pharmacy","86th St","Brooklyn","NY","11214",
"Broome","Grocery","Windsor Big M","Chapel Street","Windsor","NY","13865",
"Kings","Pharmacy Only","Walgreens #11806","Beverley Rd","Brooklyn","NY","11218",
"Sullivan","Grocery w/ Pharmacy inside","ShopRite Of Monticello #227","Thompson Square","Monticello","NY","12701",
"Bronx","Grocery","Food Dynasty Supermarket","Jerome Avenue","Bronx","NY","10468",
"Queens","Grocery","Bravo Supermarket","Roosevelt Ave","Jackson Heights","NY","11372",
"Bronx","Grocery","Felino Grocery Corp","Anthony Ave","Bronx","NY","10457",
"New York","Grocery","Pioneer Supermarket","Lenox Ave","New York","NY","10027",
"Suffolk","Grocery","Fruit Tree Farm Inc.","Sunrise Hwy","Copiague","NY","11726",
"Westchester","Grocery","ShopRite Of Croton","South Riverside Avenue","Croton On Hudson","NY","10520",
"Bronx","Grocery","Paradise Food Market","Williambridge Road","Bronx","NY","10469",
"Queens","Grocery","Rego Fresh Market","Woodhaven Blvd","Rego Park","NY","11374",
"Queens","Grocery","Cherry Valley Farm","21st Avenue","Astoria","NY","11105",
"New York","Pharmacy Only","Walgreens #6160","5th Ave","New York","NY","10118",
"Bronx","Grocery","Bravo Supermarket","Courtlandt Avenue","Bronx","NY","10451",
"Onondaga","Grocery","Tops Market #366","Fennel St","Skaneateles","NY","13152",
"Cayuga","Grocery w/ Pharmacy inside","Walmart Supercenter #1830","Grant Avenue","Auburn","NY","13021",
"Richmond","Grocery","Low Price Deli And Grocery Inc","Cary Avenue","Staten Island","NY","10310",
"Ontario","Grocery w/ Pharmacy inside","Walmart Supercenter #1731","State Route 5","Geneva","NY","14456",
"Nassau","Pharmacy Only","Walgreens #12082","Old Country Rd","Westbury","NY","11590",
"Bronx","Grocery","C-Town Supermarkets","University Avenue","Bronx","NY","10453",
"Bronx","Pharmacy Only","Walgreens # 10411","E Fordham Rd","Bronx","NY","10458",
"Nassau","Grocery","King Kullen # 17","Sunrise Hwy","Rockville Centre","NY","11570",
"Queens","Grocery","Key Food","Lefferts Blvd","South Ozone Park","NY","11420",
"Bronx","Pharmacy Only","Leroy Pharmacy","Metropolitan Avenue","Bronx","NY","10462",
"Oswego","Pharmacy Only","Wayne Drug Oswego","W Bridge St","Oswego","NY","13126",
"Onondaga","Grocery","Tops Market #371","East Genesee St","Syracuse","NY","13214",
"Saratoga","Grocery","Market 32 By Price Chopper #250","Route 146","Clifton Park","NY","12065",
"Suffolk","Grocery","Mattituck Marketplace","Main Road","Mattituck","NY","11952",
"Kings","Grocery","Shop Fair Supermarket","Fulton Street","Brooklyn","NY","11208",
"Bronx","Grocery","2363 Rosewood Grocery, Inc.","White Plains Road","Bronx","NY","10467",
"Kings","Grocery","Emdad Supermarket Inc","Liberty Avenue","Brooklyn","NY","11208",
"Orange","Grocery w/ Pharmacy inside","Walmart #2104","Union Av Route 300","Newburgh","NY","12550",
"Albany","Pharmacy Only","CVS #1090","Route 9w","Glenmont","NY","12077",
"Suffolk","Grocery","King Kullen #16","North Wellwood Ave","Lindenhurst","NY","11757",
"Queens","Grocery","Ideal Food Basket","Corona Ave","Corona","NY","11368",
"Queens","Pharmacy Only","Walgreens #01616","Broadway","Elmhurst","NY","11373",
"Queens","Grocery","Fine Fare Supermarket","Farmers Boulevard","Jamaica","NY","11434",
"Bronx","Grocery","Fine Fare Supermarket","Westchester Avenue","Bronx","NY","10459",
"Nassau","Pharmacy Only","Walgreens #07057","Franklin Ave","Franklin Square","NY","11010",
"Queens","Grocery","Bravo Mini Market Inc","Woodside Ave","Woodside","NY","11377",
"Nassau","Grocery","C-Town Supermarkets","South Franklin St","Hempstead","NY","11550",
"Chemung","Grocery","Target Store T-2158","County Road 64","Elmira","NY","14903",
"Kings","Grocery","C-Town Supermarkets","Church Avenue","Brooklyn","NY","11203",
"Suffolk","Pharmacy Only","Walgreens #09498","Wading River Manor Rd","Wading River","NY","11792",
"Queens","Grocery","Merceditas Grocery Store","37th Ave","Corona","NY","11368",
"Clinton","Grocery","Target T-2459","Smithfield Blvd, Ste. 49","Plattsburgh","NY","12901",
"Bronx","Grocery","Dia Deli Grocery Corp","East Tremont Avenue","Bronx","NY","10460",
"Nassau","Pharmacy Only","CVS Pharmacy #4611","Atlantic Avenue","Baldwin","NY","11510",
"Monroe","Grocery w/ Pharmacy inside","Wegmans Food Market #64","Latta Rd","Rochester","NY","14612",
"Kings","Pharmacy Only","J Drugs","Avenue J","Brooklyn","NY","11230",
"New York","Pharmacy Only","Duane Reade #14125","Broad St","New York","NY","10004",
"Westchester","Grocery","La Placita Meat & Produce Inc","Park Avenue","Mount Vernon","NY","10550",
"Richmond","Grocery","Unique Variety Store","Cary Avenue","Staten Island","NY","10310",
"Niagara","Grocery","7-Eleven #35180","Pine Ave","Niagara Falls","NY","14301",
"Queens","Grocery","Key Food","37th Avenue","Corona","NY","11368",
"Kings","Pharmacy Only","Neergaard Pharmacy","5 Ave","Brooklyn","NY","11215",
"Queens","Grocery","Stop & Shop #2579","Beach Channel Dr","Belle Harbor","NY","11694",
"Ontario","Grocery w/ Pharmacy inside","Wegmans Food & Pharmacy #11","Eastern Blvd","Canandaigua","NY","14424",
"Bronx","Grocery","Rafael Jr Food Center Corp","Decatur Avenue","Bronx","NY","10458",
"Nassau","Pharmacy Only","CVS Pharmacy #2044","Hillside Avenue","East Williston","NY","11596",
"Queens","Grocery","Los Latinos Mini Market Corp","Redfern Ave","Far Rockaway","NY","11691",
"Erie","Grocery","Dash's Market-Colvin","Colvin Avenue","Town Of Tonawanda","NY","14223",
"Nassau","Grocery w/ Pharmacy inside","Stop & Shop #556","Fulton Avenue","Hempstead","NY","11550",
"Cattaraugus","Grocery","Jim's Park And Shop","Front St.","Olean","NY","14760",
"Queens","Grocery","Trade Fair #2","21st Avenue","East Elmhurst","NY","11370",
"Westchester","Grocery","Acme #2416","Columbus Avenue","Thornwood","NY","10594",
"Kings","Grocery","Key Food","Foster Av","Brooklyn","NY","11230",
"Kings","Grocery","Food Basket","20th Avenue","Brooklyn","NY","11204",
"New York","Pharmacy Only","Duane Reade #14356","N End Ave","New York","NY","10282",
"Bronx","Grocery","Associated Supermarket","Laconia Avenue","Bronx","NY","10466",
"Suffolk","Grocery","Brentwood Market","Brentwood Rd","Brentwood","NY","11717",
"Bronx","Grocery","Latin Deli Grocery Llc","Zerega Avenue","Bronx","NY","10462",
"Queens","Grocery","Super Fresh","Greenpoint Avenue","Sunnyside","NY","11104",
"Tompkins","Grocery w/ Pharmacy inside","Tops #522","N.Triphammer Rd","Ithaca","NY","14850",
"Nassau","Grocery","Ideal Food Basket","Prospect Avenue","Westbury","NY","11590",
"Queens","Pharmacy Only","Nature's Way Pharmacy","Myrtle Ave","Ridgewood","NY","11385",
"Erie","Pharmacy Only","Walgreens #3290","Hertel Ave","Buffalo","NY","14216",
"Monroe","Grocery","Price Rite #210","West Henrietta Ro","Rochester","NY","14623",
"Bronx","Grocery","Fine Fare","East Gun Hill Road","Bronx","NY","10467",
"Erie","Grocery","Fillmore Supermarket Inc.","Fillmore Ave","Buffalo","NY","14214",
"Bronx","Grocery","Target Store T-2811","East Hutchinson River Pky","Bronx","NY","10465",
"New York","Grocery","Superduro Supermarket","Saint Nicholas Avenue","New York","NY","10033",
"Chenango","Grocery","Grand Union Of Norwich Llc #19498","East Main Street","Norwich","NY","13815",
"Kings","Pharmacy Only","Duane Reade #14432","5th Ave","Brooklyn","NY","11220",
"Kings","Grocery","Bravo Supermarket","4th Ave","Brooklyn","NY","11220",
"Orange","Pharmacy Only","Monroe Pharmacy","Nys Route 17m","Monroe","NY","10950",
"Orange","Pharmacy Only","Walgreens #12067","Windsor Hwy","Vails Gate","NY","12584",
"Queens","Grocery","Minimart","Fresh Pond Road","Ridgewood","NY","11385",
"Bronx","Grocery","Food Bazaar","East 170th Street","Bronx","NY","10456",
"Bronx","Grocery","Alex Food Ii, Corp.","Dr. Martin Luther King Jr. Blvd","Bronx","NY","10453",
"Orange","Grocery","C & W Food Center","Apta Way Unit 104","Monroe","NY","10950",
"Queens","Grocery","Polo Supermarket","Mott Av","Far Rockaway","NY","11691",
"Bronx","Grocery","Bravo Supermarket","West 170th Street","Bronx","NY","10452",
"Delaware","Grocery","Tops Market #726","West Main St","Hancock","NY","13783",
"Kings","Grocery","Farm Country","Linden Blvd","Brooklyn","NY","11207",
"Kings","Grocery","Kosher Plaza, Inc.","Kings Highway","Brooklyn","NY","11223",
"Richmond","Grocery","La Quebradita Grocery Corp.","Jersey St","Staten Island","NY","10301",
"Nassau","Grocery","King Kullen #8","Northern Boulevard","Manhasset","NY","11030",
"Kings","Grocery","C-Town Supermarkets","Nostrand Av","Brooklyn","NY","11226",
"Bronx","Grocery","Pioneer Supermarket","Castle Hill Avenue","Bronx","NY","10462",
"Erie","Grocery w/ Pharmacy inside","Tops Market #227","Transit Rd","East Amherst","NY","14051",
"Queens","Grocery","Green Valley Supermarket","Jamaica Avenue","Woodhaven","NY","11421",
"New York","Pharmacy Only","Duane Reade #14386","Main St","New York","NY","10044",
"Suffolk","Grocery","Stop & Shop #2520","Route 25a","Rocky Point","NY","11778",
"Queens","Grocery","Metro Mini Market, Inc.","Metropolitan Ave","Ridgewood","NY","11385",
"Queens","Grocery","Food Bazaar","Junction Blvd","Corona","NY","11368",
"Suffolk","Pharmacy Only","CVS Pharmacy #1186","Middle Country Road","Selden","NY","11784",
"Kings","Grocery","Fine Food","York St","Brooklyn","NY","11201",
"Bronx","Grocery","Key Food","Jerome Avenue","Bronx","NY","10467",
"New York","Grocery","Key Food","2nd Av","New York","NY","10128",
"Bronx","Grocery","Salcedo Supermarket Corp","Lafayette Avenue","Bronx","NY","10474",
"Richmond","Grocery","Top Tomato","Bay Street","Staten Island","NY","10305",
"Kings","Grocery","Ocean Mini Mart","18th Av","Brooklyn","NY","11218",
"Westchester","Grocery","Stop & Shop #2596","North Bedford Road","Mount Kisco","NY","10549",
"Kings","Pharmacy Only","A One Pharmacy Inc.","8th Avenue","Brooklyn","NY","11220",
"Madison","Grocery","Price Chopper #225","Madison Market Place","Hamilton","NY","13346",
"Queens","Pharmacy Only","Tazmi Pharmacy","Roosevelt Ave","Woodside","NY","11377",
"Kings","Grocery","Brooklyn Bodega","Roebling St","Brooklyn","NY","11211",
"Kings","Grocery","Bravo Supermarket","East 93rd Street","Brooklyn","NY","11212",
"Queens","Grocery","Compare Foods","Hollis Av","Queens Village","NY","11429",
"Kings","Pharmacy Only","Lane Drugs","13th Ave","Brooklyn","NY","11219",
"Chemung","Grocery","Byrne Dairy #138 Elmira","Pennsylvania Avenue","Elmira","NY","14904",
"Erie","Grocery","Target Store T-1057","Amanda Lane","Orchard Park","NY","14127",
"Suffolk","Grocery w/ Pharmacy inside","Super Stop & Shop #2551","West Montauk Hw","Hampton Bays","NY","11946",
"Kings","Grocery","Coconut Kosher Supermarket Corp.","Broadway","Brooklyn","NY","11206",
"Kings","Grocery","Urban Market","Waverly Ave","Brooklyn","NY","11238",
"Bronx","Grocery","Mango Grocery & Meat Market Corp.","East 196th Street","Bronx","NY","10468",
"Orange","Grocery","Paulita's Grocery Deli Ii","North St","Middletown","NY","10940",
"Queens","Grocery","Shop Fair Supermarket","89th Ave","Jamaica","NY","11432",
"Kings","Grocery","Baby City","5th Avenue","Brooklyn","NY","11220",
"Bronx","Grocery","Met Food","White Plains Road","Bronx","NY","10460",
"Jefferson","Grocery w/ Pharmacy inside","Price Chopper #102","Arsenal Street","Watertown","NY","13601",
"Rockland","Grocery","Placita De Dios Grocery, Inc.","Lafayette Avenue","Suffern","NY","10901",
"St. Lawrence","Grocery","Ogdensburg Save-A-Lot","Canton St","Ogdensburg","NY","13669",
"Queens","Grocery","Food Universe Marketplace","Beach Channel Drive","Far Rockaway","NY","11691",
"Nassau","Pharmacy Only","Prescription Center Of Long Island","Jackson Street","Hempstead","NY","11550",
"Bronx","Grocery","Ray's #1 Deli Grocery Llc","Barnes Avenue","Bronx","NY","10466",
"Suffolk","Pharmacy Only","Walgreens #11717","Montauk Hwy","Shirley","NY","11967",
"Rensselaer","Grocery w/ Pharmacy inside","Walmart #2370","Hoosick Road","Troy","NY","12180",
"Kings","Grocery","Tony's Shop And Save Supermarket","Sutter Avenue","Brooklyn","NY","11208",
"Bronx","Grocery","C-Town Supermarkets","Creston Avenue","Bronx","NY","10453",
"Erie","Grocery","Save A Lot Broadway","Broadway","Buffalo","NY","14212",
"Putnam","Grocery","Julia's Gift Store Llc","Main Street Suite A","Brewster","NY","10509",
"Kings","Grocery","Bravo Supermarket","Bedford Ave","Brooklyn","NY","11205",
"Jefferson","Grocery w/ Pharmacy inside","Walmart Supercenter #1871","State Route 3","Watertown","NY","13601",
"Queens","Pharmacy Only","Walgreens #11905","Metropolitan Ave","Ridgewood","NY","11385",
"Kings","Grocery","Flatbush Grocery Store","Flatbush Ave","Brooklyn","NY","11226",
"Bronx","Grocery","Food Universe Marketplace","White Plains Road","Bronx","NY","10466",
"Nassau","Pharmacy Only","CVS Pharmacy #1932","Johnston Place","Merrick","NY","11566",
"Suffolk","Grocery","C-Town Supermarkets","North Broadway","Amityville","NY","11701",
"Bronx","Grocery","La Parada Latina Food Corp","Third Avenue","Bronx","NY","10457",
"Kings","Grocery","Greenhouse Deshi Supermarket","Mcdonald Ave","Brooklyn","NY","11218",
"Kings","Grocery","Flatlands Mini Market, Inc.","Flatlands Avenue","Brooklyn","NY","11236",
"Oswego","Grocery","Byrne Dairy #120","Oswego Road","Phoenix","NY","13135",
"Suffolk","Grocery","Torres Minimarket","Middle Country Ro","Centereach","NY","11720",
"Onondaga","Pharmacy Only","Walgreens # 9416","James St","Syracuse","NY","13206",
"Kings","Grocery","EZ Market Inc.","6th Ave","Brooklyn","NY","11220",
"Suffolk","Grocery","Target Store T-2847","Sunrise Highway","Sayville","NY","11782",
"Chautauqua","Grocery w/ Pharmacy inside","Tops Market #209","Washington St","Jamestown","NY","14701",
"Kings","Pharmacy Only","Walgreens #11808","Flatlands Ave","Brooklyn","NY","11234",
"Bronx","Grocery","Associated Supermarket","East 167th Street","Bronx","NY","10456",
"New York","Pharmacy Only","Duane Reade #14245","E 125th St","New York","NY","10035",
"Seneca","Grocery","Byrne Dairy #6","Waterloo Geneva Rd","Waterloo","NY","13165",
"Kings","Grocery","Bed-Ross Grocery Llc","Ross St","Brooklyn","NY","11249",
"Rockland","Grocery","R.D. Grocery, Inc.","Broadway","Haverstraw","NY","10927",
"Nassau","Grocery","Fine Fare Supermarkets","Old Country Rd","Westbury","NY","11590",
"Westchester","Grocery","Esquina Latina Mini Market Corp","College Avenue","Sleepy Hollow","NY","10591",
"Bronx","Grocery","Molina Mini Market Corp","Grand Concourse","Bronx","NY","10456",
"New York","Pharmacy Only","St. Jesus Pharmacy","Broadway","New York","NY","10033",
"Queens","Grocery","Market Fresh Supermarket","Sutphin Bo","Jamaica","NY","11435",
"Bronx","Pharmacy Only","Leroy Pharmacy","East 204th Street","Bronx","NY","10467",
"Montgomery","Grocery w/ Pharmacy inside","Walmart Supercenter #2146","Sanford Farms Shopping Center","Amsterdam","NY","12010",
"Bronx","Grocery","Super Foodtown","Bruckner Blvd.","Bronx","NY","10461",
"Franklin","Grocery","Speedway Convenience","State Route 37","Hogansburg","NY","13655",
"Queens","Grocery","Fine Fare","Hollis Avenue","Saint Albans","NY","11412",
"Kings","Grocery w/ Pharmacy inside","Green Forest Market Inc","Avenue M","Brooklyn","NY","11230",
"Westchester","Grocery","Green Way Markets","North Salem Road","Cross River","NY","10518",
"Queens","Grocery","C-Town Supermarkets","Sutphin Blvd","Jamaica","NY","11434",
"Bronx","Grocery","Antillana Fresh Meat Market","Westchester Avenue","Bronx","NY","10459",
"Monroe","Grocery","Byrne Dairy #132 Greece","Maiden Lane","Greece","NY","14626",
"Kings","Grocery","Quality Fresh Market","Driggs Ave","Brooklyn","NY","11211",
"Westchester","Grocery","Met Fresh","South Lexington Avenue","White Plains","NY","10606",
"Richmond","Grocery","Key Food #1512","Forest Ave","Staten Island","NY","10301",
"Sullivan","Grocery","Star Food Supermarket","Main St","Bloomingburg","NY","12721",
"Nassau","Grocery","ShopRite #809","Hempstead Turnpike","Bethpage","NY","11714",
"Bronx","Pharmacy Only","Leroy Pharmacy Ii Llc","East 198 Street","Bronx","NY","10458",
"Queens","Grocery w/ Pharmacy inside","Stop & Shop #2581","Cross Bay Blvd","Howard Beach","NY","11414",
"Westchester","Grocery","Stop & Shop # 2502","South Highland Ave","Ossining","NY","10562",
"Bronx","Grocery","Pioneer","Featherbed Lane","Bronx","NY","10452",
"Nassau","Grocery","ShopRite","Jerusalem Ave","Uniondale","NY","11553",
"Queens","Grocery","Bravo Supermarket","Jamaica Avenue","Richmond Hill","NY","11418",
"Broome","Grocery w/ Pharmacy inside","Price Chopper #237","Glenwood Avenue","Binghamton","NY","13905",
"Kings","Grocery","Royal Deli Grill","Cropsey Avenue","Brooklyn","NY","11214",
"Westchester","Pharmacy Only","Walgreens # 11509","Mclean Ave","Yonkers","NY","10705",
"Albany","Grocery w/ Pharmacy inside","Price Chopper #224","Central Ave","Albany","NY","12205",
"New York","Grocery","El Nuevo Renacer Deli Grocery Corp.","Audubon Avenue","New York","NY","10032",
"Kings","Grocery","Adam's Deli On Kings Highway Corp","Kings Highway","Brooklyn","NY","11223",
"Niagara","Grocery","Tops Market #38","Lockport-Olcott Rd","Lockport","NY","14094",
"Kings","Grocery","Star Nb Inc","Flatbush Ave","Brooklyn","NY","11226",
"Bronx","Grocery","58 Burnside Food Corp","West Burnside Avenue","Bronx","NY","10453",
"Kings","Grocery","Cherry Valley Market Place","Pennsylvania Ave","Brooklyn","NY","11207",
"Saratoga","Grocery w/ Pharmacy inside","Hannaford Supermarket & Pharm #8365","Clifton County Road","Clifton Park","NY","12065",
"Queens","Grocery","Myrtle Grocery Inc.","Myrtle Avenue","Ridgewood","NY","11385",
"New York","Pharmacy Only","Metropharm, Inc.","Walker St","New York","NY","10013",
"Cortland","Grocery","Byrne Dairy #134 Homer","Southwest Street","Homer","NY","13077",
"Dutchess","Grocery","ShopRite Of Fishkill #269","Route 9","Fishkill","NY","12524",
"Bronx","Pharmacy Only","Walgreens # 12758","Williamsbridge Rd","Bronx","NY","10461",
"Bronx","Grocery","Fine Fare Supermarket","White Plains Road","Bronx","NY","10467",
"Westchester","Grocery","208 Saratoga Food Corp","Saratoga Ave","Yonkers","NY","10705",
"Queens","Pharmacy Only","Walgreens #4445","Rockaway Blvd","South Ozone Park","NY","11420",
"Niagara","Grocery w/ Pharmacy inside","Tops Market #21(Franchise)","S Transit Rd","Lockport","NY","14094",
"Bronx","Grocery","Taveras Food Center Corp","Broadway","Bronx","NY","10463",
"Suffolk","Pharmacy Only","CVS Pharmacy #2318","Fifth Avenue","Bay Shore","NY","11706",
"Queens","Grocery","Food World Supermarket Co.","Sutphin Blvd","Jamaica","NY","11434",
"New York","Grocery","Fine Fare","Lenox Av","New York","NY","10026",
"Westchester","Grocery","Caribbean Mart Corp.","West 1st Street","Mount Vernon","NY","10550",
"Orange","Pharmacy Only","Walgreens #10914","N Plank Rd","Newburgh","NY","12550",
"Bronx","Grocery","Pioneer Supermarket","Willis Avenue","Bronx","NY","10454",
"New York","Pharmacy Only","Duane Reade #14436","Water Street","New York","NY","10038",
"Kings","Grocery","C-Town Supermarkets","Nostrand Ave","Brooklyn","NY","11226",
"New York","Grocery","Foodtown","Third Avenue","New York","NY","10035",
"Queens","Grocery","Three Brothers Meat Market","Central Ave","Far Rockaway","NY","11691",
"Bronx","Grocery","Jd Food Market Corp","Quincy Ave","Bronx","NY","10465",
"Kings","Grocery","Empire Kosher Supermarket","Empire Blvd","Brooklyn","NY","11225",
"Bronx","Pharmacy Only","Carepoint Pharmacy Corp","Hunts Point Avenue","Bronx","NY","10474",
"Chautauqua","Grocery w/ Pharmacy inside","Wegmans Food Market #88","Fairmount Ave W","Jamestown","NY","14701",
"Albany","Grocery w/ Pharmacy inside","Market 32 By Price Chopper #28","Western Ave","Guilderland","NY","12084",
"Kings","Grocery","Mountain Fruit","Avenue M","Brooklyn","NY","11230",
"Bronx","Grocery","Golden Mango","Randall Avenue","Bronx","NY","10473",
"Bronx","Grocery","C-Town Supermarkets","East 198th Street","Bronx","NY","10468",
"Bronx","Grocery","El Rancho Market Corp","East Kingsbridge Road","Bronx","NY","10468",
"Bronx","Grocery","Fine Fare Supermarket","East Tremont Avenue","Bronx","NY","10465",
"Delaware","Grocery","Freshtown #604","Bridge St","Margaretville","NY","12455",
"Kings","Grocery w/ Pharmacy inside","Health Max Pharmacy","5th Avenue","Brooklyn","NY","11220",
"Cattaraugus","Grocery","Tops Market #271","East Washington Street","Ellicottville","NY","14731",
"Queens","Pharmacy Only","Walgreens #1572","Kissena Blvd","Flushing","NY","11355",
"Greene","Grocery","Tops Market #725","Main Street","Tannersville","NY","12485",
"Suffolk","Grocery w/ Pharmacy inside","Stop & Shop #561","Sunrise Highway","East Islip","NY","11730",
"Bronx","Pharmacy Only","Jerome Drugs","Jerome Avenue","Bronx","NY","10453",
"Dutchess","Grocery w/ Pharmacy inside","Hannaford Supermarket & Pharm #8375","Hannaford Dr","Red Hook","NY","12571",
"New York","Grocery","Big Apple Meat Market","Ninth Avenue","New York","NY","10036",
"Suffolk","Pharmacy Only","CVS Pharmacy #5191","Montauk Highway","East Yaphank","NY","11967",
"Nassau","Grocery w/ Pharmacy inside","ShopRite","Old Country Road","Plainview","NY","11803",
"Franklin","Pharmacy Only","Walgreens #10591","W Main St","Malone","NY","12953",
"Erie","Grocery w/ Pharmacy inside","Wegmans Food & Pharmacy #82","Alberta Drive","Amherst","NY","14226",
"Kings","Grocery","All Fresh Supermarket, Inc.","Harrison Ave","Brooklyn","NY","11211",
"Tioga","Pharmacy Only","CVS #2252","Park St","Owego","NY","13827",
"Kings","Grocery","3rd Avenue Mini Market I Inc.","3rd Av","Brooklyn","NY","11209",
"Bronx","Grocery","C & G Espinosa Food Inc.","Courtlandt Avenue","Bronx","NY","10451",
"Monroe","Grocery w/ Pharmacy inside","Wegmans Market #68","Chili Ave","Rochester","NY","14624",
"Bronx","Pharmacy Only","Perla Pharmacy","East Tremont Avenue","Bronx","NY","10460",
"Kings","Grocery","Danish Convenience 6, Inc.","3rd Avenue","Brooklyn","NY","11209",
"Rockland","Pharmacy Only","Rockland Pharmacy Inc","Orchard St","Monsey","NY","10952",
"Queens","Pharmacy Only","Franhill Pharmacy Llc","Hillside Ave","Hollis","NY","11423",
"Kings","Grocery","Western Beef #54","Jamaica Avenue","Brooklyn","NY","11208",
"Kings","Grocery","Angelisa Food Corp.","Tompkins Ave","Brooklyn","NY","11216",
"Queens","Grocery","Always Fresh Ny Inc.","Cornaga Avenue","Far Rockaway","NY","11691",
"Kings","Grocery","Keyfood","Nostrand Av","Brooklyn","NY","11226",
"Monroe","Pharmacy Only","Walgreens # 10512","E Ridge Rd","Rochester","NY","14621",
"Bronx","Grocery","Town Market Corp","Morris Park Ave","Bronx","NY","10462",
"Queens","Grocery","Target Store T-1150","20th Ave","College Point","NY","11356",
"Nassau","Pharmacy Only","CVS Pharmacy #2073","Merrick Road","Baldwin","NY","11510",
"Queens","Grocery","Fresh N Save","Roosevelt Ave","Woodside","NY","11377",
"Niagara","Grocery","Tops Market #32","Saunders Settlement Ro","Sanborn","NY","14132",
"Queens","Grocery","Food Universe","111th Avenue","South Ozone Park","NY","11420",
"Onondaga","Grocery w/ Pharmacy inside","Tops Market #373","First North St","Syracuse","NY","13208",
"Westchester","Grocery","C-Town Supermarkets","Main Street","New Rochelle","NY","10801",
"Bronx","Grocery","2690 Grocery Corp","3rd Avenue","Bronx","NY","10454",
"Bronx","Grocery","El Corral Meat Market Corp","Morrison Avenue","Bronx","NY","10472",
"Monroe","Grocery","Tops Market #460","Upper Falls Blvd","Rochester","NY","14605",
"Dutchess","Pharmacy Only","CVS #6997","East Main Street","Pawling","NY","12564",
"Queens","Grocery","New Town 99 Cents Store","Union St","Flushing","NY","11354",
"Richmond","Grocery","P-Y Deli Corp","Vreeland Street","Staten Island","NY","10302",
"Richmond","Grocery","Key Food","Sand Lane","Staten Island","NY","10305",
"Sullivan","Grocery","Liberty Market","North Main St","Liberty","NY","12754",
"Bronx","Grocery","C-Town Supermarkets","Broadway","Bronx","NY","10463",
"Queens","Grocery","Sea Town Fish & Farmers Market","104th St","Corona","NY","11368",
"Kings","Pharmacy Only","Livingword Pharmacy Inc","Utica Ave","Brooklyn","NY","11203",
"Oneida","Grocery","Byrne Dairy #16","Main St","Camden","NY","13316",
"Suffolk","Grocery w/ Pharmacy inside","Stop & Shop #544","Portion Ro","Lake Ronkonkoma","NY","11779",
"Suffolk","Pharmacy Only","Walgreens #09497","Smithtown Byp","Smithtown","NY","11787",
"Westchester","Grocery","Acme #2499","Knollwood Road","White Plains","NY","10607",
"Ulster","Grocery","ShopRite Of New Paltz #280","Main Street","New Paltz","NY","12561",
"Onondaga","Grocery w/ Pharmacy inside","Walmart Supercenter #2581","West Genesee Street","Camillus","NY","13031",
"Kings","Grocery","Key Food Foodmarket","Fulton Street","Brooklyn","NY","11238",
"Orleans","Grocery w/ Pharmacy inside","Tops Market #248","Maple Ridge Rd","Medina","NY","14103",
"Rockland","Grocery","The Market Of Rockland By Antillana","Route 9w","West Haverstraw","NY","10993",
"Queens","Grocery","Jrd Grocery Corp.","43rd Av","Corona","NY","11368",
"Westchester","Grocery","Food Universe","Irving Avenue","Port Chester","NY","10573",
"Queens","Grocery","City Fresh Market","103rd St","Corona","NY","11368",
"New York","Pharmacy Only","Duane Reade #14400","John St","New York","NY","10038",
"Kings","Grocery","C-Town Supermarkets","Avenue U","Brooklyn","NY","11229",
"Oneida","Grocery","Byrne Dairy #40","State Route 5","Clinton","NY","13323",
"Kings","Grocery","International Deli Corp.","14th Avenue","Brooklyn","NY","11218",
"Kings","Grocery","88 Market Inc","8th Av","Brooklyn","NY","11220",
"Kings","Grocery","Food World Supermarket","E 107th Street","Brooklyn","NY","11236",
"Livingston","Grocery w/ Pharmacy inside","Tops Market #520","Franklin Plaza","Dansville","NY","14437",
"St. Lawrence","Pharmacy Only","Walgreens #10698","Main St","Massena","NY","13662",
"Warren","Grocery w/ Pharmacy inside","Market 32 Price Chopper #40","Upper Glen Street","Queensbury","NY","12804",
"Suffolk","Pharmacy Only","CVS Pharmacy #2836","Fifth Avenue","Bay Shore","NY","11706",
"Bronx","Pharmacy Only","Randall Pharmacy","Randall Avenue","Bronx","NY","10473",
"Wayne","Grocery","Save A Lot","Mason Street","Newark","NY","14513",
"Queens","Grocery","John's Farm Market","Farmers Blvd","Saint Albans","NY","11412",
"Schenectady","Grocery w/ Pharmacy inside","Hannaford Supermarket & Pharm #8376","Saratoga Rd Route 50","Glenville","NY","12302",
"Nassau","Grocery","Joebest African Caribbean American","Meacham Avenue","Elmont","NY","11003",
"Putnam","Grocery w/ Pharmacy inside","Acme #1063","Route 22","Patterson","NY","12563",
"Oneida","Grocery","Byrne Dairy #25","Oriskany Blvd","Whitesboro","NY","13492",
"Kings","Grocery","4 Season Deli & Grocery","Coney Island Avenue","Brooklyn","NY","11230",
"Kings","Grocery","Greenfresh 2 Supermarket","Dekalb Ave","Brooklyn","NY","11205",
"Kings","Grocery","Duddy's Corner","14th Ave","Brooklyn","NY","11219",
"Kings","Grocery","Bochner's Grocery, Llc","16th Av","Brooklyn","NY","11204",
"Kings","Grocery","Bravo Supermarket","Myrtle Ave","Brooklyn","NY","11205",
"Kings","Pharmacy Only","Rx Warehouse Pharmacy Inc.","New Utrecht Ave","Brooklyn","NY","11214",
"Suffolk","Pharmacy Only","CVS Pharmacy #5372","East Main Street","Patchogue","NY","11772",
"St. Lawrence","Grocery w/ Pharmacy inside","Price Chopper #30","Ford Street Ext","Ogdensburg","NY","13669",
"Westchester","Grocery w/ Pharmacy inside","Stop & Shop #501","Westchester Ave","White Plains","NY","10601",
"Kings","Grocery","Karim 1 Stop Mini-Mart, Inc.","5th Ave","Brooklyn","NY","11209",
"Monroe","Grocery","Foodlink Curbside Market","Mt. Read Boulevard","Greece","NY","14615",
"Suffolk","Pharmacy Only","CVS Pharmacy #1907","West Main Street","West Sayville","NY","11796",
"Westchester","Pharmacy Only","Walgreens # 12760","Main Street","Peekskill","NY","10566",
"Queens","Grocery","Joy Fruit","Metropolitan Ave","Jamaica","NY","11418",
"Kings","Grocery","King Hwy Meat Corp.","East 16th St","Brooklyn","NY","11229",
"Kings","Grocery","Ideal Food Basket","Brooklyn Ave","Brooklyn","NY","11203",
"Kings","Grocery","Bravo Fresh Market","Dekalb Av","Brooklyn","NY","11221",
"Kings","Grocery","Gala Fresh","Saint Mark's Avenue","Brooklyn","NY","11238",
"Suffolk","Grocery","Compare Foods","Medford Av","Patchogue","NY","11772",
"New York","Grocery","C-Town Supermarkets","Broadway","New York","NY","10031",
"Suffolk","Pharmacy Only","CVS Pharmacy #2211","Wellwood Avenue","Lindenhurst","NY","11757",
"Nassau","Grocery","King Kullen #34","New Hyde Park Road","Franklin Square","NY","11010",
"New York","Grocery","Shopfair Supermarket","Broadway","New York","NY","10032",
"Rensselaer","Grocery w/ Pharmacy inside","Walmart #1940","Troy Road","Rensselaer","NY","12144",
"Kings","Grocery","Shadin Bangla Grocery Inc.","Cortelyou Rd","Brooklyn","NY","11218",
"Bronx","Grocery","Extra Jumbo Market Place","Nelson Avenue","Bronx","NY","10452",
"Bronx","Grocery","La Potencia Deli-Grocery Store Corp","East 167th Street","Bronx","NY","10456",
"Kings","Pharmacy Only","Walgreens #04363","Union Ave","Brooklyn","NY","11211",
"Kings","Grocery","Food Universe Market Place","Avenue O","Brooklyn","NY","11204",
"Bronx","Grocery","Jama Deli Grocery Corp","Ogden Avenue","Bronx","NY","10452",
"New York","Grocery","Food Universe Marketplace","Broadway","New York","NY","10034",
"Kings","Pharmacy Only","A Plus Pharmacy Corp","7th Avenue","Brooklyn","NY","11220",
"Albany","Grocery w/ Pharmacy inside","Walmart Supercenter #1997","Loudon Road","Latham","NY","12110",
"New York","Pharmacy Only","Duane Reade #14388","8th Ave","New York","NY","10036",
"Queens","Grocery","Mis Amigos Inc.","Northern Boulevard","Corona","NY","11368",
"Allegany","Grocery","Giant Food Mart","Genesee Street","Cuba","NY","14727",
"Kings","Grocery","Q & Y Inc","Avenue S","Brooklyn","NY","11223",
"Erie","Grocery","Save-A-Lot West Seneca","Union Road","Buffalo","NY","14224",
"Queens","Grocery","Hillside Halal Meat & Grocery Inc","Hillside Ave","Jamaica","NY","11435",
"Bronx","Grocery","Bravo Supermarket","West Burnside Avenue","Bronx","NY","10453",
"Nassau","Grocery","Stop & Shop #2570","Rockaway Blvd","Woodmere","NY","11598",
"Onondaga","Grocery w/ Pharmacy inside","Wegmans Food Market #1","Oswego Rd","Liverpool","NY","13088",
"Kings","Pharmacy Only","Best Care Pharmacy","3rd Ave","Brooklyn","NY","11209",
"Erie","Grocery w/ Pharmacy inside","Tops Market #261","Broadway","Alden","NY","14004",
"New York","Pharmacy Only","Duane Reade #14131","Whitehall Street","New York","NY","10004",
"Bronx","Grocery","Camila Deli Market","Anderson Avenue","Bronx","NY","10452",
"Nassau","Pharmacy Only","Walgreens #07831","Langdale St","New Hyde Park","NY","11040",
"Bronx","Grocery","Key Food","Gerard Avenue","Bronx","NY","10452",
"Bronx","Grocery","Foodtown","Broadway","Bronx","NY","10463",
"Broome","Grocery","Weis Markets #220","Pennsylvania Avenue","Binghamton","NY","13903",
"Bronx","Grocery","Foodtown #582","East 204th Street","Bronx","NY","10467",
"Bronx","Grocery","La Potencia 2 Deli Grocery Corp","Clay Avenue","Bronx","NY","10458",
"Jefferson","Grocery","Price Chopper #24","High Street","Carthage","NY","13619",
"Erie","Pharmacy Only","Walgreens #11142","Main St","Clarence","NY","14031",
"Suffolk","Pharmacy Only","CVS Pharmacy #2726","Route 25a","Wading River","NY","11792",
"Broome","Grocery","Target T-1056","Vestal Parkway East","Vestal","NY","13850",
"Orange","Grocery w/ Pharmacy inside","Price Chopper #114","Schutt Road Extension","Middletown","NY","10940",
"Bronx","Grocery","University Fresh Market","University Avenue","Bronx","NY","10453",
"Kings","Grocery","C-Town Supermarkets","Bond St","Brooklyn","NY","11217",
"Albany","Grocery w/ Pharmacy inside","Walmart #2152","Washington Ave. Extension","Albany","NY","12205",
"New York","Pharmacy Only","Duane Reade #14209","Columbus Ave","New York","NY","10024",
"Queens","Grocery","Elmhurst Food Bazar Inc","Broadway","Elmhurst","NY","11373",
"Nassau","Grocery","Stop & Shop #2555","South Merrick Mall","Merrick","NY","11566",
"Bronx","Grocery","Met Food","East 198th Street","Bronx","NY","10458",
"Queens","Grocery","Freshmart","Union Street","Flushing","NY","11354",
"Bronx","Grocery","775 Mena Grocery Corp","Lydig Avenue","Bronx","NY","10462",
"Kings","Grocery","Food Bazaar","Junius St","Brooklyn","NY","11212",
"Queens","Grocery","Al-Yemeni Market","Woodward Avenue","Ridgewood","NY","11385",
"Schenectady","Grocery","ShopRite Of Niskayuna #229","Nott Street East","Niskayuna","NY","12309",
"Kings","Grocery","16th Ave. Food Center","16th Ave","Brooklyn","NY","11204",
"Suffolk","Grocery","Stop & Shop #2576","Main St","Southampton","NY","11968",
"Saratoga","Grocery w/ Pharmacy inside","Walmart #2844","Route 9","Clifton Park","NY","12065",
"Allegany","Grocery","Tops Market #249","Bolivar Rd","Wellsville","NY","14895",
"Kings","Grocery","Moon Convenience & Deli Inc.","New Utrecht Ave","Brooklyn","NY","11204",
"Queens","Grocery","Food Bazaar","Junction Boulevard","Corona","NY","11368",
"Oswego","Grocery","Byrne Dairy #74","County Route 57","Phoenix","NY","13135",
"New York","Grocery","Pioneer Supermarket","Adam Clayton Powell Jr Bo","New York","NY","10039",
"Bronx","Pharmacy Only","Security Drugs","Boston Road","Bronx","NY","10469",
"Nassau","Grocery","Stop & Shop #2577","Atlantic Ave","Baldwin","NY","11510",
"Kings","Pharmacy Only","Fine Care Pharmacy","Broadway","Brooklyn","NY","11207",
"Chautauqua","Pharmacy Only","Walgreens #9937","Prospect St","Jamestown","NY","14701",
"Steuben","Grocery","Wayland Food Mart","State Rt. 21 N","Wayland","NY","14572",
"Suffolk","Grocery","Gala Foods","Commack Rd","Brentwood","NY","11717",
"Queens","Grocery","Trade Fair #9","37th Avenue","Jackson Heights","NY","11372",
"Bronx","Grocery","C-Town Supermarkets","Katonah Avenue","Bronx","NY","10470",
"Kings","Grocery","City Fresh Market","Knickerbocker Ave","Brooklyn","NY","11237",
"Westchester","Grocery","ShopRite Of Scarsdale","Central Avenue","Scarsdale","NY","10583",
"Erie","Grocery w/ Pharmacy inside","Tops Market #236","South Park Ave","Hamburg","NY","14075",
"Chenango","Grocery w/ Pharmacy inside","Walmart Supercenter #2120","State Highway 12","Norwich","NY","13815",
"Kings","Grocery","Key Food","Myrtle Av","Brooklyn","NY","11205",
"Bronx","Grocery w/ Pharmacy inside","Stop & Shop #2593","East 174th Street","Bronx","NY","10460",
"Orange","Grocery","ShopRite Of Warwick #267","Route 94 South","Warwick","NY","10990",
"New York","Grocery","Associated","Harlem River Dr","New York","NY","10039",
"Bronx","Grocery","Food Universe Market Place","West Kingsbridge Road","Bronx","NY","10468",
"Bronx","Grocery","Bengali Halal Grocery","Zerega Avenue","Bronx","NY","10462",
"Nassau","Grocery","Guy Lombardo Candy & Grocery Inc.","Guy Lombardo Avenue","Freeport","NY","11520",
"Suffolk","Grocery","Food Universe Marketplace","Great Neck Road","Copiague","NY","11726",
"Bronx","Grocery","Fine Fare","Boston Road","Bronx","NY","10467",
"Ulster","Pharmacy Only","Walgreens #2077","Broadway","Kingston","NY","12401",
"Queens","Grocery","Food Bazaar Supermarket","57th Ave","Corona","NY","11368",
"Erie","Pharmacy Only","Walgreens #3897","Young St","Tonawanda","NY","14150",
"St. Lawrence","Grocery","Price Chopper #37","E. Main Street","Gouverneur","NY","13642",
"Suffolk","Grocery w/ Pharmacy inside","Stop & Shop #550","Merrick Road","Amityville","NY","11701",
"Queens","Grocery","Stop & Shop #508","Myrtle Ave","Glendale","NY","11385",
"Suffolk","Pharmacy Only","CVS Pharmacy #3100","Route 112","Coram","NY","11727",
"Kings","Pharmacy Only","Boreum Drugs Corp.","Union Ave","Brooklyn","NY","11211",
"Kings","Grocery","Foodtown #602","Fulton St","Brooklyn","NY","11216",
"Ulster","Grocery w/ Pharmacy inside","Hannaford Supermarket & Pharm #8346","Route 32","Modena","NY","12548",
"New York","Grocery","Food Universe","West 138th St","New York","NY","10031",
"Richmond","Pharmacy Only","Walgreens #10475","Clove Rd","Staten Island","NY","10305",
"Cattaraugus","Grocery","Park & Shop","South Main Street","Portville","NY","14770",
"Westchester","Grocery","Wilby Supermarket, Corp","West 1st Street","Mount Vernon","NY","10550",
"Bronx","Pharmacy Only","Castle Hill Community Pharmacy","Castle Hill Avenue","Bronx","NY","10473",
"Bronx","Grocery","G & A Deli Grocery Corp.","W. Tremont Avenue","Bronx","NY","10453",
"Kings","Grocery","Lee Heyward Groceries Inc.","Lee Ave","Brooklyn","NY","11206",
"Queens","Grocery","Food Plus Supermarket","Kissena Blvd","Flushing","NY","11355",
"Otsego","Grocery w/ Pharmacy inside","Price Chopper #134","State Highway 7","Oneonta","NY","13820",
"Monroe","Grocery w/ Pharmacy inside","Wegmans Food Market #04","Fairport & March Rd","East Rochester","NY","14445",
"Fulton","Grocery w/ Pharmacy inside","Hannaford Food & Drug #8377","5th Avenue Extension","Gloversville","NY","12078",
"New York","Grocery","Extra Jumbo Marketplace","Audubon Avenue","New York","NY","10033",
"Nassau","Pharmacy Only","CVS Pharmacy #963","Glen Cove Road","Roslyn Heights","NY","11577",
"Queens","Grocery","City Fresh Market","20th Av","College Point","NY","11356",
"Ontario","Grocery","Byrne Dairy #122 Canandaigua","West Ave","Canandaigua","NY","14424",
"New York","Pharmacy Only","Duane Reade #14260","7th Ave","New York","NY","10011",
"Erie","Grocery w/ Pharmacy inside","Tops Market #108","Southwestern Bo","Orchard Park","NY","14127",
"Queens","Pharmacy Only","Duane Reade #14431","82nd St","Jackson Heights","NY","11372",
"Suffolk","Pharmacy Only","Walgreens #13643","East Main St","East Patchogue","NY","11772",
"Dutchess","Grocery w/ Pharmacy inside","Stop & Shop #540","Burnett Blvd","Poughkeepsie","NY","12603",
"Kings","Grocery","Ideal Food Basket","Lafayette Ave","Brooklyn","NY","11221",
"Kings","Grocery","New Tayeeba's Grocery Corp.","Avenue J","Brooklyn","NY","11230",
"Queens","Pharmacy Only","Walgreens #02055","Francis Lewis Blvd","Queens Village","NY","11429",
"Kings","Grocery","Brooklyn Candy Grocery Corp","Brighton Beach Avenue","Brooklyn","NY","11235",
"Chautauqua","Grocery","Tops Market #279","East Main St","Westfield","NY","14787",
"Orange","Grocery","ShopRite Of Vails Gate #260","Windsor Highway","New Windsor","NY","12553",
"Onondaga","Grocery w/ Pharmacy inside","Walmart Supercenter #2166","Basile Rowe","East Syracuse","NY","13057",
"Queens","Pharmacy Only","Walgreens #04319","Broadway","Elmhurst","NY","11373",
"Clinton","Pharmacy Only","Walgreens #11378","Cornelia St","Plattsburgh","NY","12901",
"Kings","Grocery","Pangpang Grocery Inc.","7th Avenue","Brooklyn","NY","11220",
"New York","Pharmacy Only","Duane Reade #14489","Broadway","New York","NY","10031",
"Kings","Pharmacy Only","Fine Care Pharmacy","Flatbush Ave","Brooklyn","NY","11210",
"Kings","Grocery","Evelyn Grocery Corp.","E 92nd St","Brooklyn","NY","11236",
"Richmond","Pharmacy Only","Walgreens #03916","Arthur Kill Rd","Staten Island","NY","10312",
"Queens","Grocery","C Town Fresh","24th Avenue","Astoria","NY","11102",
"Kings","Grocery","Key Food Supermarket","Nostrand Ave","Brooklyn","NY","11210",
"Rockland","Grocery","All Fresh Produce","Route 59","Monsey","NY","10952",
"Herkimer","Grocery w/ Pharmacy inside","Hannaford Supermarket & Pharm #8366","East Albany Street","Herkimer","NY","13350",
"Kings","Grocery","Howard Market Place","Howard Avenue","Brooklyn","NY","11221",
"Queens","Pharmacy Only","Rx-Spress Pharmacy","Liberty Avenue","Jamaica","NY","11419",
"Nassau","Grocery","Bravo Supermarket","Post Av","Westbury","NY","11590",
"Suffolk","Pharmacy Only","Colonial Drugs & Surgicals","Front Street","Greenport","NY","11944",
"Rockland","Grocery","Key Food","North Main St","Spring Valley","NY","10977",
"Richmond","Grocery","Olive Tree Market Place","Clove Road","Staten Island","NY","10301",
"Erie","Grocery w/ Pharmacy inside","Tops Market #237","Transit Rd","Depew","NY","14043",
"Kings","Pharmacy Only","Walgreens #10064","Avenue U","Brooklyn","NY","11229",
"Suffolk","Grocery","Stop & Shop # 526","Jericho Tp","East Northport","NY","11731",
"Madison","Grocery w/ Pharmacy inside","Price Chopper #213","Genesee Street","Oneida","NY","13421",
"Westchester","Grocery","H & A Convenience Corp","West 1st Street","Mount Vernon","NY","10550",
"New York","Pharmacy Only","Duane Reade #14382","W 135th St","New York","NY","10030",
"Nassau","Grocery","Cremosa Market","Post Avenue","Westbury","NY","11590",
"Queens","Grocery","49 Rose Grocery Inc","108th Street","Corona","NY","11368",
"Queens","Grocery","Key Food Supermarket","Lefferts Blvd","Richmond Hill","NY","11418",
"Monroe","Grocery w/ Pharmacy inside","Wegmans Food Market #12","W Ridge Rd","Rochester","NY","14626",
"Kings","Grocery","Key Food","5th Avenue","Brooklyn","NY","11232",
"Chautauqua","Pharmacy Only","CVS Pharmacy #5089","South Work St","Falconer","NY","14733",
"Oneida","Pharmacy Only","Walgreens # 9800","Genesee St","Utica","NY","13502",
"Queens","Grocery","Farmbria Food Center","Linden Blvd","Cambria Heights","NY","11411",
"Kings","Grocery","Flatbush Kosher, Inc.","Coney Island Av","Brooklyn","NY","11230",
"Bronx","Grocery","Compare Foods","East Tremont Avenue","Bronx","NY","10453",
"New York","Grocery","Full Xing Trading Inc.","Madison Street","New York","NY","10002",
"Kings","Grocery","Fruit King & Deli Grocery Corp.","Mcdonald Ave","Brooklyn","NY","11218",
"Westchester","Grocery","Save A Lot Peekskill","North Division Street","Peekskill","NY","10566",
"Kings","Grocery","Bangla Nagar Supermarket","Church Ave","Brooklyn","NY","11218",
"Tompkins","Grocery","Byrne Dairy #131","Elmira Road","Ithaca","NY","14850",
"Bronx","Grocery","D & A Deli Grocery Corp.","Valentine Avenue","Bronx","NY","10458",
"Bronx","Grocery","A & G Deli Grocery Corp","Fox Street","Bronx","NY","10459",
"Kings","Grocery","Pathmark","Albany Avenue","Brooklyn","NY","11210",
"Nassau","Grocery","Target Store T-1264","Hempstead Tp","Levittown","NY","11756",
"Nassau","Grocery","Western Beef #031","Second St","Mineola","NY","11501",
"Queens","Grocery","Roosevelt Fruits & Vegetables","Roosevelt Avenue","Corona","NY","11368",
"Montgomery","Grocery","Save-A-Lot #74581","River Street","Fort Plain","NY","13339",
"Queens","Grocery","Key Food","Springfield Blvd","Bayside","NY","11364",
"Dutchess","Grocery w/ Pharmacy inside","Stop & Shop #597","South Road","Poughkeepsie","NY","12601",
"New York","Grocery w/ Pharmacy inside","Preferred Pharmacy","East 115th Street","New York","NY","10029",
"Kings","Grocery","U. S. Army Commissary Fort Hamilton","White Avenue","Brooklyn","NY","11252",
"Richmond","Grocery","Met Food","Victory Boulevard","Staten Island","NY","10314",
"Erie","Grocery w/ Pharmacy inside","Tops Market #114 (Franchise)","Broadway","Depew","NY","14043",
"Jefferson","Grocery","Target T-2253","Towne Center Drive","Watertown","NY","13601",
"Kings","Grocery","Liberty Supermarket & Halal Meat In","Liberty Avenue","Brooklyn","NY","11208",
"Suffolk","Grocery w/ Pharmacy inside","Stop & Shop #579","Middle Country Ro","Coram","NY","11727",
"Kings","Grocery","Sunflower Grocery","Fort Hamilton Pkwy","Brooklyn","NY","11218",
"New York","Grocery","Liberty Bagel Deli & Grocery","Ninth Ave","New York","NY","10019",
"Queens","Grocery","City Fresh Market","Broadway","Astoria","NY","11106",
"Kings","Pharmacy Only","Smart Choice Pharmacy","Ave X","Brooklyn","NY","11223",
"Queens","Grocery","Lee Stop 1 Market Corp","103rd Street","Corona","NY","11368",
"Kings","Pharmacy Only","Walgreens #12732","3rd Ave","Brooklyn","NY","11209",
"Queens","Grocery","Food Universe","Francis Lewis Boulevard","Flushing","NY","11358",
"Onondaga","Grocery","Dominick's Market","Gertrude St","Syracuse","NY","13203",
"Suffolk","Grocery","Target Store T-1948","Horseblock Rd","Medford","NY","11763",
"Queens","Grocery w/ Pharmacy inside","Stop & Shop #2589","Atlantic Ave","Ozone Park","NY","11416",
"Lewis","Grocery","Tops Market #574","Turin Rd","Lowville","NY","13367",
"Orange","Grocery w/ Pharmacy inside","Price Chopper #223","State Highway 94 South","Warwick","NY","10990",
"Onondaga","Grocery w/ Pharmacy inside","Tops Market #357","Downer St","Baldwinsville","NY","13027",
"Kings","Grocery","Snyder Deli & Grill Inc","Snyder Avenue","Brooklyn","NY","11203",
"Bronx","Pharmacy Only","Walgreens # 12309","Eastchester Rd","Bronx","NY","10469",
"Rockland","Pharmacy Only","Walgreens #10446","S Liberty Dr","Stony Point","NY","10980",
"Essex","Grocery w/ Pharmacy inside","Walmart #2424","Wicker Street","Ticonderoga","NY","12883",
"Kings","Grocery","Pioneer","Broadway","Brooklyn","NY","11207",
"Westchester","Pharmacy Only","Map Pharmacy Inc.","North Broadway","Yonkers","NY","10701",
