"zta_no","title","zta_file","ordinance_no","ordinance_file","analyst","sponsor_s","co_sponsor_s_","introduction_date","public_hearing_date","public_hearing_time","committee","worksession_date","worksession_date_2","worksession_date_3","worksession_date_4","worksession_date_5","worksession_date_6","worksession_date_7","worksession_date_8","action","adopted_date","disapproved_date","effective_date","amended_sections","comments"
"05-01","Special exception standards for non-resident professional offices in the R-90 zone",,"15-48","https://www.montgomerycountymd.gov/council/Resources/Files/zta/2005/15-48.pdf","Ralph D. Wilson","Denis",,"01/18/2005","03/08/2005","1:30 PM","PHED","03/22/2005",,,,,,,,"Adopted","04/12/2005",,"05/02/2005",,
"05-02","New Transit-Oriented Mixed-Use Zone (TOMX)","https://www.montgomerycountymd.gov/COUNCIL/Resources/Files/zta/2005/05-02.pdf","15-56","https://www.montgomerycountymd.gov/council/Resources/Files/zta/2005/15-56.pdf","Marlene Michaelson","District Council at the request of the Planning Board",,"01/25/2005","03/01/2005","7:30 PM","PHED","02/15/2005","03/15/2005","09/06/0005",,,,,,"Adopted","01/17/2006",,"02/06/2006",,
"05-03","Sign Review Board - Membershp and Authority","https://www.montgomerycountymd.gov/COUNCIL/Resources/Files/zta/2005/05-03.pdf","15-52","https://www.montgomerycountymd.gov/council/Resources/Files/zta/2005/15-52.pdf","Michael Faden","Praisner",,"02/01/2005","03/08/2005","7:30 PM","PHED","03/14/2005",,,,,,,,"Adopted","09/27/2005",,"10/17/2005",,
"05-04","Moderately Priced Dwelling Units (MPDU)","https://www.montgomerycountymd.gov/COUNCIL/Resources/Files/zta/2005/05-04.pdf","15-49","https://www.montgomerycountymd.gov/council/Resources/Files/zta/2005/15-49.pdf","Michael Faden","Silverman",,"03/22/2005","04/26/2005","11:00 AM","PHED","05/04/2005",,,,,,,,"Adopted","05/18/2005",,"04/01/2005",,"with SRA 05-01"
"05-05","Streetscape Requirements in I-1 zone","https://www.montgomerycountymd.gov/council/Resources/Files/zta/2005/05-05.pdf",,,"Ralph D. Wilson","District Council at the request of the Planning Board",,"04/05/2005","05/10/2005","1:30 PM","PHED","06/13/2005","09/07/2005",,,,,,,"Expired",,,,,
"05-06","Building Materials and Supplies - R&D Zone","https://www.montgomerycountymd.gov/COUNCIL/Resources/Files/zta/2005/05-06.pdf","15-58","https://www.montgomerycountymd.gov/COUNCIL/Resources/Files/zta/2005/15-58.pdf","Ralph D. Wilson","District Council at the request of the Planning Board",,"04/05/2005","05/10/2005","1:30 PM","PHED","06/13/2005","09/07/2005",,,,,,,"Adopted","01/17/2006",,"02/06/2006",,
"05-07","Parking Facilities - Country Inn Zone",,"15-51","https://www.montgomerycountymd.gov/council/Resources/Files/zta/2005/15-51.pdf","Ralph D. Wilson","Floreen, Leventhal & and Knapp",,"04/12/2005","06/14/2005","1:30 PM","PHED","06/20/2005",,,,,,,,"Adopted","06/28/2005",,"07/18/2005",,
"05-08","Minimum lot area and transfer of density in CBD zones (woodmont)","https://www.montgomerycountymd.gov/COUNCIL/Resources/Files/zta/2005/05-08.pdf","15-60","https://www.montgomerycountymd.gov/council/Resources/Files/zta/2005/15-60.pdf","Ralph D. Wilson","District Council at the request of the Planning Board",,"05/26/2005","07/12/2005","7:30 PM","PHED","09/26/2005","10/24/2005",,,,,,,"Adopted","01/31/2006",,"02/20/2006",,
"05-09","Wholesale Trade Uses - I-3 zone","https://www.montgomerycountymd.gov/COUNCIL/Resources/Files/zta/2005/05-09.pdf","15-57","https://www.montgomerycountymd.gov/council/Resources/Files/zta/2005/15-57.pdf","Ralph D. Wilson","District Council",,"06/14/2005","07/18/2005","1:30 PM","PHED","09/07/2005",,,,,,,,"Adopted","01/17/2006",,"02/06/2006",,
"05-10","Telecommunication Facility - Amendments","https://www.montgomerycountymd.gov/COUNCIL/Resources/Files/zta/2005/05-10.pdf","15-54","https://www.montgomerycountymd.gov/council/Resources/Files/zta/2005/15-54.pdf","Ralph D. Wilson","Praisner & Knapp",,"07/12/2005","09/20/2005","1:30 PM","MFP","10/17/2005","11/21/2005",,,,,,,"Adopted","12/06/2005",,"12/26/2005",,
"05-11","Accessory Buildings","https://www.montgomerycountymd.gov/council/Resources/Files/zta/2005/05-11.pdf",,,"Ralph D. Wilson","Praisner",,"09/13/2005","10/18/2005","1:30 PM",,,,,,,,,,"Expired",,,,,
"05-12","C-2 Zone, Special Development Procedure","https://www.montgomerycountymd.gov/council/Resources/Files/zta/2005/05-12.pdf","15-68","https://www.montgomerycountymd.gov/COUNCIL/Resources/Files/zta/2005/15-68.pdf","Ralph D. Wilson","Leventhal",,"09/20/2005","10/25/2005","1:30 PM","PHED","12/12/2005","02/03/2006","03/10/0006",,,,,,"Adopted","04/18/2006",,"05/08/2006",,
"05-13","Sign Review - Fees",,"15-55","https://www.montgomerycountymd.gov/council/Resources/Files/zta/2005/15-55.pdf","Ralph D. Wilson","Leventhal",,"09/27/2005","11/01/2005","1:30 PM","PHED","11/28/2005",,,,,,,,"Adopted","12/06/2005",,"12/26/2005",,
"05-14","Sign Ordinance - Limited Duration Signs","https://www.montgomerycountymd.gov/COUNCIL/Resources/Files/zta/2005/05-14.pdf","15-59","https://www.montgomerycountymd.gov/council/Resources/Files/zta/2005/15-59.pdf","Ralph D. Wilson","Denis",,"09/27/2005","11/01/2005","1:30 PM","PHED","11/28/2005",,,,,,,,"Adopted","01/24/2006",,"02/13/2005",,
"05-15","Building coverage and impervious surface limits","https://www.montgomerycountymd.gov/council/Resources/Files/zta/2005/05-15.pdf",,,"Ralph D. Wilson","District Council",,"10/03/2005","11/08/2005","7:00 PM","PHED, T&E","11/10/2005",,,,,,,,"Expired",,,,,
"05-16","Workforce Housing","https://www.montgomerycountymd.gov/COUNCIL/Resources/Files/zta/2005/05-16.pdf","15-77","https://www.montgomerycountymd.gov/council/Resources/Files/zta/2005/15-77.pdf","Ralph D. Wilson","Silverman, Floreen & Subin",,"10/11/2005","11/22/2005","7:30 PM","PHED","12/12/2005","03/27/2006","03/31/0006","04/28/0006","06/12/0006",,,,"Adopted","07/11/2006",,"12/01/2006",,
"05-17","Site Plan Enforcement","https://www.montgomerycountymd.gov/council/Resources/Files/zta/2005/05-17.pdf",,,"Michael Faden","Dennis, Floreen & Knapp",,"11/01/2005","01/17/2006","7:00 PM","PHED","01/30/2006","02/02/2006",,,,,,,"Expired",,,,,
"05-18","Planning Board Public Hearings - Hearing Examiner","https://www.montgomerycountymd.gov/COUNCIL/Resources/Files/zta/2005/05-18.pdf","15-64","https://www.montgomerycountymd.gov/council/Resources/Files/zta/2005/15-64.pdf","Ralph D. Wilson","Praisner",,"11/01/2005","01/17/2006","7:00  PM","PHED","01/30/2006","02/02/2006",,,,,,,"Adopted","02/28/2006",,"03/01/2006",,
"05-19","Site Plan Enforcement","https://www.montgomerycountymd.gov/council/Resources/Files/zta/2005/05-19.pdf",,,"Michael Faden","Council President at the request of the County Executive",,"11/01/2005","01/17/2006","7:00 PM","PHED","01/30/2006","02/02/2006",,,,,,,"Expired",,,,,
"05-20","Site Plans - Approval, Amendment & Enforcement","https://www.montgomerycountymd.gov/COUNCIL/Resources/Files/zta/2005/05-20.pdf","15-63","https://www.montgomerycountymd.gov/council/Resources/Files/zta/2005/15-63.pdf","Michael Faden","District Council",,"11/29/2005","01/17/2006","7:00 PM","PHED","01/30/2006","02/02/2006",,,,,,,"Adopted","02/28/2006",,"04/01/2006",,
"05-21","Corporate Training Center","https://www.montgomerycountymd.gov/COUNCIL/Resources/Files/zta/2005/05-21.pdf","15-62","https://www.montgomerycountymd.gov/council/Resources/Files/zta/2005/15-62.pdf","Ralph D. Wilson","Floreen",,"12/06/2005","01/17/2006","1:30 PM","PHED","01/26/2006",,,,,,,,"Adopted","02/07/2006",,"02/27/2006",,
"05-22","Transit Station Zones - CBD","https://www.montgomerycountymd.gov/COUNCIL/Resources/Files/zta/2005/05-22.pdf","15-61","https://www.montgomerycountymd.gov/council/Resources/Files/zta/2005/15-61.pdf","Ralph D. Wilson","Denis & Perez",,"12/13/2005","01/24/2006","1:30 PM","PHED","01/26/2006",,,,,,,,"Adopted","02/07/2006",,"02/27/2006",,
"05-23","TDR Easement - Nonresidential Uses","https://www.montgomerycountymd.gov/council/Resources/Files/zta/2005/05-23.pdf",,,"Ralph D. Wilson","Subin & Floreen",,"12/13/2005","01/19/2006","7:00 PM","T&E","03/16/2006",,,,,,,,"Expired",,,,,
"06-01","Rural Village Center Overlay Zone - Revisions","https://www.montgomerycountymd.gov/COUNCIL/Resources/Files/zta/2006/06-01.pdf","15-71","https://www.montgomerycountymd.gov/council/Resources/Files/zta/2006/15-71.pdf","Ralph D. Wilson","District Council at the request of the Planning Board",,"01/24/2006","03/07/2006","1:30 PM","PHED","03/17/2006","03/27/2006","04/04/0006",,,,,,"Adopted","05/25/2006",,"06/14/2006",,
"06-02","Mixed-Use Town Center Zone - Revisions","https://www.montgomerycountymd.gov/COUNCIL/Resources/Files/zta/2006/06-02.pdf","15-72","https://www.montgomerycountymd.gov/council/Resources/Files/zta/2006/15-72.pdf","Ralph D. Wilson","District Council at the request of the Planning Board",,"01/24/2006","03/07/2006","1:30 PM","PHED","03/17/2006","03/20/2006","03/27/2006",,,,,,"Adopted","05/25/2006",,"06/14/2006",,
"06-03","Rural Neighborhood Cluster Zone - TDR Option","https://www.montgomerycountymd.gov/COUNCIL/Resources/Files/zta/2006/06-03.pdf","15-73","https://www.montgomerycountymd.gov/council/Resources/Files/zta/2006/15-73.pdf","Ralph D. Wilson","District Council at the request of the Planning Board",,"01/24/2006","03/07/2006","1:30 PM","PHED","03/17/2006","03/27/2006","04/04/0006",,,,,,"Adopted","05/25/2006",,"06/14/2006",,
"06-04","Rural Neighborhood Cluster Zone - Rural Open Space",,"15-69","https://www.montgomerycountymd.gov/COUNCIL/Resources/Files/zta/2006/15-69.pdf","Ralph D. Wilson","Praisner",,"01/24/2006","03/07/2006","1:30 PM","PHED","04/03/2006",,,,,,,,"Adopted","04/18/2006",,"05/08/2006",,
"06-05","C-2 Zone - Site Plan Review","https://www.montgomerycountymd.gov/COUNCIL/Resources/Files/zta/2006/06-05.pdf","15-86","https://www.montgomerycountymd.gov/COUNCIL/Resources/Files/zta/2006/15-86.pdf","Ralph D. Wilson","Praisner",,"01/31/2006","03/07/2006","1:30 PM","PHED","06/19/2006",,,,,,,,"Adopted","10/10/2006",,"10/10/2006",,
"06-06","Off-street Parking - RE-200 and RE-1 zones",,"15-70","https://www.montgomerycountymd.gov/COUNCIL/Resources/Files/zta/2006/15-70.pdf","Ralph D. Wilson","Praisner",,"02/07/2006","03/14/2006","1:30 PM","PHED","04/28/2006",,,,,,,,"Adopted","05/02/2006",,"05/22/2006",,
"06-07","Farm building supplies and construction - C-1 zone",,"15-76","https://www.montgomerycountymd.gov/COUNCIL/Resources/Files/zta/2006/15-76.pdf","Sonya Healy","Knapp",,"02/28/2006","04/04/2006","1:30 PM","PHED","06/19/2006",,,,,,,,"Adopted","07/11/2006",,"07/31/2006",,
"06-08","Accessory buildings - height, lot coverage, and setbacks","https://www.montgomerycountymd.gov/COUNCIL/Resources/Files/zta/2006/06-08.pdf","15-82","https://www.montgomerycountymd.gov/COUNCIL/Resources/Files/zta/2006/20061003_15-82.pdf","Ralph D. Wilson","Praisner",,"03/21/2006","04/25/2006","1:30 PM","PHED","06/19/2006",,,,,,,,"Adopted","09/19/2006",,"10/09/2006",,
"06-09","Corrective Map Amendment","https://www.montgomerycountymd.gov/council/Resources/Files/zta/2006/06-09.pdf",,,"Jeff Zyontz","Silverman",,"03/28/2006","05/02/2006","1:30 PM","PHED","06/21/2006","09/25/2006",,,,,,,"Expired",,,,,
"06-10","Subordinate Structure - Revisions","https://www.montgomerycountymd.gov/COUNCIL/Resources/Files/zta/2006/06-10.pdf","15-74","https://www.montgomerycountymd.gov/council/Resources/Files/zta/2006/15-74.pdf","Ralph D. Wilson","Praisner & Silverman",,"03/28/2006","05/02/2006","1:30 PM","PHED","06/21/2006",,,,,,,,"Adopted","07/11/2006",,"07/11/2006",,
"06-11","Wheaton Overlay Zone - Revisions","https://www.montgomerycountymd.gov/COUNCIL/Resources/Files/zta/2006/06-11.pdf","15-79","https://www.montgomerycountymd.gov/council/Resources/Files/zta/2006/15-79.pdf","Jeff Zyontz","Perez & Praisner",,"04/03/2006","06/13/2006","1:30 PM","PHED","06/21/2006",,,,,,,,"Adopted","07/18/2006",,"08/07/2006",,
"06-12","Corner Lots/.MPDUs","https://www.montgomerycountymd.gov/COUNCIL/Resources/Files/zta/2006/06-12.pdf","15-75",,"Jeff Zyontz","Floreen",,"04/25/2006","06/13/2006","1:30 PM","PHED","06/21/2006",,,,,,,,"Adopted","08/11/2006",,"08/11/2006",,
"06-13","Establish Building Line",,"15-78","https://www.montgomerycountymd.gov/COUNCIL/Resources/Files/zta/2006/15-78.pdf","Jeff Zyontz","District Council at the request of the County Executive",,"04/25/2006","06/13/2006","1:30 PM","PHED","06/19/2006",,,,,,,,"Adopted","07/18/2006",,"08/07/2006",,
"06-14","Establish a Transit Oriented, Mixed Use/Transfer of Development Rights Zone (TOMX/TDR)","https://www.montgomerycountymd.gov/COUNCIL/Resources/Files/zta/2006/06-14.pdf","15-84","https://www.montgomerycountymd.gov/COUNCIL/Resources/Files/zta/2006/20061003_15-84.pdf","Jeff Zyontz","District Council",,"05/09/2006","06/13/2006","1:30 PM","PHED","07/10/2006","09/18/2006",,,,,,,"Adopted","10/03/2006",,"10/23/2006",,
"06-15","Establish a Residential Mixed Use Development, Specialty Center, Commercial Base/Transfer of Development Rights Zone (RMX-2C/TDR)","https://www.montgomerycountymd.gov/COUNCIL/Resources/Files/zta/2006/06-15.pdf","15-85","https://www.montgomerycountymd.gov/council/Resources/Files/zta/2006/15-85.pdf","Jeff Zyontz","District Council",,"05/09/2006","06/13/2006","1:30 PM","PHED","07/10/2006","09/18/2006",,,,,,,"Adopted","10/03/2006",,"10/23/2006",,
"06-16","Site Plans - Energy Efficiency and Environmental Design","https://www.montgomerycountymd.gov/council/Resources/Files/zta/2006/06-16.pdf","Expired",,"Kathleen Boucher","Leventhal, Praisner & Silverman",,"05/16/2006","06/20/2006","1:30 PM","PHED, T&E","07/13/2006","10/12/2006",,,,,,,"Expired",,,,,
"06-17","Accessibility Improvement - Exemption","https://www.montgomerycountymd.gov/COUNCIL/Resources/Files/zta/2006/06-17.pdf","15-80","https://www.montgomerycountymd.gov/council/Resources/Files/zta/2006/15-80.pdf","Jeff Zyontz","District Council at the request of the County Executive and Councilmembers Praisner and Floreen",,"05/25/2006","07/11/2006","1:30 PM","PHED","07/17/2006",,,,,,,,"Adopted","07/25/2006",,"08/14/2006",,
"06-18","Planned Retirement Community Zone - Development Standards","https://www.montgomerycountymd.gov/council/Resources/Files/zta/2006/06-18.pdf",,,"Jeff Zyontz","Knapp",,"06/13/2006","07/18/2006","1:30 PM","PHED","07/24/2006","10/09/2006",,,,,,,"Expired",,,,,
"06-19","Florists - Office Moderate Density (O-M) Zone","https://www.montgomerycountymd.gov/COUNCIL/Resources/Files/zta/2006/06-19.pdf","15-81","https://www.montgomerycountymd.gov/council/Resources/Files/zta/2006/15-81.pdf","Jeff Zyontz","Knapp & Praisner",,"06/13/2006","07/18/2006","1:30 PM","PHED","07/24/2006",,,,,,,,"Adopted","08/01/2006",,"08/21/2006",,
"06-20","Mixed-Use Town Center/Transfer Development Rights (MXTC/TDR) Zone - Establishment","https://www.montgomerycountymd.gov/COUNCIL/Resources/Files/zta/2006/06-20.pdf","15-83","https://www.montgomerycountymd.gov/council/Resources/Files/zta/2006/15-83.pdf","Jeff Zyontz","District Council",,"06/13/2006","07/18/2006","1:30 PM","PHED","09/18/2006",,,,,,,,"Adopted","09/26/2006",,"10/15/2006",,
"06-21","Building coverage - RE-1 Cluster","https://www.montgomerycountymd.gov/COUNCIL/Resources/Files/zta/2006/06-21.pdf",,,"Jeff Zyontz","Leventhal",,"06/27/2006","08/01/2006","1:30 PM","PHED","09/25/2006",,,,,,,,"Expired",,,,,
"06-22","Office, Real Estate - C-1 and C-2 zones",,"15-87","https://www.montgomerycountymd.gov/COUNCIL/Resources/Files/zta/2006/15-87.pdf","Jeff Zyontz","Praisner",,"07/18/2006","09/26/2006","1:30 PM","PHED","09/28/2006",,,,,,,,"Adopted","10/10/2006",,"10/30/2006",,
"06-23","Signs - Place of Assembly","https://www.montgomerycountymd.gov/COUNCIL/Resources/Files/zta/2006/06-23.pdf","15-88","https://www.montgomerycountymd.gov/COUNCIL/Resources/Files/zta/2006/15-88.pdf","Jeff Zyontz","Leventhal",,"08/01/2006","09/21/2006","7:30 PM","PHED","09/23/2006",,,,,,,,"Adopted","10/17/2006",,"11/06/2006",,
"06-24","Home occupation - Furniture displays","https://www.montgomerycountymd.gov/COUNCIL/Resources/Files/zta/2006/06-24.pdf","15-90","https://www.montgomerycountymd.gov/COUNCIL/Resources/Files/zta/2006/15-90.pdf","Jeff Zyontz","Denis",,"09/19/2006","10/24/2006","1:30 PM","PHED","10/26/2006",,,,,,,,"Adopted","10/31/2006",,"10/31/2006",,
"06-25","Signs - Generally and Arts Districts","https://www.montgomerycountymd.gov/council/Resources/Files/zta/2006/06-25.pdf","16-02","https://www.montgomerycountymd.gov/council/Resources/Files/zta/2006/16-02.pdf","Jeff Zyontz","Floreen & Ervin",,"12/12/2006","01/16/2007","1:30 PM","PHED","01/29/2007",,,,,,,,"Adopted","02/06/2007",,"02/26/2007",,
"06-26","Development Plan Findings-Amendment","https://www.montgomerycountymd.gov/council/Resources/Files/zta/2006/06-26.pdf",,,"Jeff Zyontz","Knapp",,"12/12/2006","01/16/2007","1:30 PM","PHED","02/05/2007",,,,,,,,"Expired",,,,,
"06-27","Planned Retirement Community Zone (PRC) Standards","https://www.montgomerycountymd.gov/COUNCIL/Resources/Files/zta/2006/06-27.pdf","16-03","https://www.montgomerycountymd.gov/council/Resources/Files/zta/2006/16-03.pdf","Jeff Zyontz","Knapp",,"12/12/2006","01/16/2007","1:30 PM","PHED","02/05/2007",,,,,,,,"Adopted","02/13/2007",,"03/05/2007",,
"07-01","Outdoor Lighting Standards","https://www.montgomerycountymd.gov/council/Resources/Files/zta/2007/07-01.pdf",,,"Kathleen Boucher","Praisner",,"02/13/2007","03/20/2007","1:30 PM",,,,,,,,,,"Expired",,,,,
"07-02","Buildable Lot - Clarification","https://www.montgomerycountymd.gov/council/Resources/Files/zta/2007/07-02.pdf","16-04","https://www.montgomerycountymd.gov/COUNCIL/Resources/Files/zta/2007/20070417_16-04.pdf","Jeff Zyontz","Praisner & Berliner",,"02/13/2007","03/27/2007","1:30 PM","PHED","04/09/2007",,,,,,,,"Adopted","04/17/2007",,"04/17/2007",,
"07-03","Workforce Housing - Option","https://www.montgomerycountymd.gov/council/Resources/Files/zta/2007/07-03.pdf",,,"Jeff Zyontz","Floreen",,"02/13/2007","03/27/2007","1:30 PM","PHED","04/09/2007",,,,,,,,"Expired",,,,,
"07-04","Accessory structure standards","https://www.montgomerycountymd.gov/COUNCIL/Resources/Files/zta/2007/07-04.pdf","16-06","https://www.montgomerycountymd.gov/COUNCIL/Resources/Files/zta/2007/20070703_16-06.pdf","Jeff Zyontz","Elrich & Berliner",,"04/10/2007","06/12/2007","1:30 PM","PHED","06/18/2007",,,,,,,,"Adopted","07/03/2007",,"07/03/2007",,
"07-05","Site Plan Amendment - Procedures","https://www.montgomerycountymd.gov/COUNCIL/Resources/Files/zta/2007/07-05.pdf","16-11","https://www.montgomerycountymd.gov/COUNCIL/Resources/Files/zta/2007/20071120_16-11.pdf","Jeff Zyontz","Leventhal, Floreen, Knapp & Ervin",,"05/08/2007","06/12/2007","1:30 PM","PHED","06/18/2007","07/30/2007","11/05/0007",,,,,,"Adopted","11/20/2007",,"11/20/2007",,
"07-06","Rural Density Transfer (RDT) Child Lot Standards","https://www.montgomerycountymd.gov/council/Resources/Files/zta/2007/07-06.pdf",,,"Jeff Zyontz","Council President at request of Ad Hoc Agricultural Policy Working Group",,"06/12/2007","07/19/2007","7:30 PM",,,,,,,,,,"Expired",,,,,
"07-07","Rural Density Transfer (RDT) -  Use Limitations","https://www.montgomerycountymd.gov/COUNCIL/Resources/Files/zta/2007/07-07.pdf","16-08","https://www.montgomerycountymd.gov/COUNCIL/Resources/Files/zta/2007/20071002_16-08.pdf","Jeff Zyontz","Council President at request of Ad Hoc Agricultural Policy Working Group",,"06/12/2007","07/19/2007","7:30 PM","PHED","09/10/2007",,,,,,,,"Adopted","10/02/2007",,"10/22/2007",,
"07-08","Transferable Development Rights (TDR) - Use Standards","https://www.montgomerycountymd.gov/council/Resources/Files/zta/2007/07-08.pdf",,,"Jeff Zyontz","Council President at request of Ad Hoc Agricutural Policy Working Group",,"06/12/2007","07/19/2007","7:30 PM",,,,,,,,,,"Expired",,,,,
"07-09","Rural Density Transfer (RDT) Child Lot Standards","https://www.montgomerycountymd.gov/council/Resources/Files/zta/2007/07-09.pdf",,,"Jeff Zyontz","Council President at request of the Planning Board",,"06/12/2007","07/19/2007","7:30 PM",,,,,,,,,,"Expired",,,,,
"07-10","Central Business District (CBD) Zones","https://www.montgomerycountymd.gov/COUNCIL/Resources/Files/zta/2007/07-10.pdf","16-18","https://www.montgomerycountymd.gov/COUNCIL/Resources/Files/zta/2007/20080422_16-18.pdf","Jeff Zyontz","Council President at request of Planning Board and Councilmembers Floreen, and Ervin",,"07/31/2007","09/11/2007","1:30 PM","PHED","01/22/2008","03/31/2008","04/07/0008",,,,,,"Adopted","04/22/2008",,"05/12/2008",,
"07-11","Upper Paint Branch Special Protection Area -Standards","https://www.montgomerycountymd.gov/COUNCIL/Resources/Files/zta/2007/07-11.pdf","16-09","https://www.montgomerycountymd.gov/COUNCIL/Resources/Files/zta/2007/20071002_16-09.pdf","Jeff Zyontz","Praisner, Trachtenberg, Andrews, Elrich and Ervin",,"07/31/2007","09/11/2007","1:30 PM","PHED","09/24/2007",,,,,,,,"Adopted","10/02/2007",,"10/02/2007",,
"07-12","Accessory Structures - Size","https://www.montgomerycountymd.gov/COUNCIL/Resources/Files/zta/2007/07-12.pdf","16-20","https://www.montgomerycountymd.gov/COUNCIL/Resources/Files/zta/2007/20080617_16-20.pdf","Jeff Zyontz","Ervin and Praisner",,"07/31/2007","09/11/2007","1:30 PM","PHED","09/24/2007","05/02/2008",,,,,,,"Adopted","06/17/2008",,"07/07/2008",,
"07-13","Planned Development Zones- Requirements","https://www.montgomerycountymd.gov/council/Resources/Files/zta/2007/07-13.pdf",,,"Jeff Zyontz","Council President at request of County Executive",,"09/11/2007","10/16/2007","1:30 p.m.","PHED","01/22/2008",,,,,,,,"Expired",,,,,
"07-14","Ripley/South Silver Spring Overlay Zone - Development Standards","https://www.montgomerycountymd.gov/COUNCIL/Resources/Files/zta/2007/07-14.pdf","16-12","https://www.montgomerycountymd.gov/COUNCIL/Resources/Files/zta/2007/20071120_16-12.pdf","Jeff Zyontz","Ervin, Floreen, Leventhal, Trachtenberg",,"09/25/2007","10/30/2007","1:30 p.m.","PHED","11/05/2007",,,,,,,,"Adopted","11/20/2007",,"12/10/2007",,
"07-15","Signs - Permit Fees","https://www.montgomerycountymd.gov/COUNCIL/Resources/Files/zta/2007/07-15.pdf","16-13","https://www.montgomerycountymd.gov/COUNCIL/Resources/Files/zta/2008/20080212_16-13.pdf","Jeff Zyontz","Floreen, Praisner, and Ervin",,"10/30/2007","12/04/2007","1:30 p.m.","PHED","01/22/2008",,,,,,,,"Adopted","02/12/2008",,"03/03/2008",,
"07-16","Rural Cluster-Outdoor Storage","https://www.montgomerycountymd.gov/COUNCIL/Resources/Files/zta/2007/07-16.pdf","16-17","https://www.montgomerycountymd.gov/council/Resources/Files/zta/2008/20080415_16-17.pdf","Jeff Zyontz","Knapp",,"12/04/2007","01/15/2008","1:30 p.m.","PHED","03/17/2008",,,,,,,,"Adopted","04/15/2008",,"05/05/2008",,
"07-17","Growth Policy - Special Exceptions and Local Zoning Map Amendments","https://www.montgomerycountymd.gov/COUNCIL/Resources/Files/zta/2007/07-17.pdf","16-14","https://www.montgomerycountymd.gov/COUNCIL/Resources/Files/zta/2008/20080212_16-14.pdf","Jeff Zyontz","Knapp",,"12/11/2007","01/29/2008","7:30 p.m.","PHED","02/19/2008",,,,,,,,"Adopted","02/26/2008",,"03/17/2008",,
"08-01","Green Area - Definition","https://www.montgomerycountymd.gov/council/Resources/Files/zta/2008/08-01.pdf",,,"Jeff Zyontz","Elrich",,"01/15/2008","02/26/2008","1:30 p.m.","PHED","03/06/2008","03/17/2008","04/07/0008","06/26/0008",,,,,"Expired",,,,,
"08-02","Landscape Contractors - Commercial, Transitional (CT) Zone","https://www.montgomerycountymd.gov/council/Resources/Files/zta/2008/08-02.pdf","16-22","https://www.montgomerycountymd.gov/COUNCIL/Resources/Files/zta/2008/20080708_16-22.pdf","Jeff Zyontz","Knapp",,"02/26/2008","04/01/2008","1:30 pm","PHED","06/26/2008",,,,,,,,"Adopted","07/08/2008",,"07/28/2008",,
"08-03","Executive Branch Reorganization - Department of Transportation","https://www.montgomerycountymd.gov/council/Resources/Files/zta/2008/08-03.pdf","16-15","https://www.montgomerycountymd.gov/council/Resources/Files/zta/2008/20080415_16-15.pdf","Robert Drummer","Council President at the Request of the County Executive",,"03/04/2008","04/08/2008","1:30 p.m.","T&E","04/14/2008",,,,,,,,"Adopted","04/15/2008",,"07/01/2008",,
"08-04","Accessory Structures - Solar Panels","https://www.montgomerycountymd.gov/council/Resources/Files/zta/2008/08-04.pdf","16-19","https://www.montgomerycountymd.gov/COUNCIL/Resources/Files/zta/2008/20080617_16-19.pdf","Jeff Zyontz","Berliner",,"03/18/2008","04/22/2008","1:30 p.m.","PHED","05/02/2008",,,,,,,,"Adopted","06/17/2008",,"07/07/2008",,
"08-05","Transit-Oriented Mixed-Use Zones","https://www.montgomerycountymd.gov/council/Resources/Files/zta/2008/08-05.pdf",,,"Jeff Zyontz","District Council at request of the Planning Board",,"04/08/2008","05/20/2008","7:30 p.m.",,,,,,,,,,"Expired",,,,,
"08-06","I-4 Zone Transit Station Development Areas","https://www.montgomerycountymd.gov/council/Resources/Files/zta/2008/08-06.pdf","16-30","https://www.montgomerycountymd.gov/COUNCIL/Resources/Files/zta/2008/20081118_16-30.pdf","Jeff Zyontz","Knapp at request of the Planning Board",,"04/15/2008","05/20/2008","7:30 p.m.","PHED","06/16/2008","06/30/2008","09/08/0008","09/22/0008",,,,,"Adopted as amended","11/18/2008",,"12/08/2008",,
"08-07","To remove the Alternative Review Committee from the development plan and project plan approval process.","https://www.montgomerycountymd.gov/council/Resources/Files/zta/2008/08-07.pdf","16-28","https://www.montgomerycountymd.gov/COUNCIL/Resources/Files/zta/2008/20081021_16-28.pdf","Jeff Zyontz","District Council at the Request of the County Executive",,"04/29/2008","06/17/2008","1:30 p.m.","PHED","10/06/2008",,,,,,,,"Adopted as amended","10/21/2008",,"11/10/2008",,
"08-08","To allow additional building height to accommodate workforce housing in the Fenton Village Overlay Zone","https://www.montgomerycountymd.gov/council/Resources/Files/zta/2008/08-08.pdf","16-24","https://www.montgomerycountymd.gov/COUNCIL/Resources/Files/zta/2008/20080729_16-24.pdf","Jeff Zyontz","District Council at the Request of the County Executive",,"04/29/2008","06/17/2008","1:30 p.m.","PHED","06/26/2008","07/28/2008",,,,,,,"Adopted as amended","07/29/2008",,"08/18/2008",,
"08-09","To allow health clubs as a permitted use in the Industrial Zones without any limitations","https://www.montgomerycountymd.gov/council/Resources/Files/zta/2008/08-09.pdf","16-21","https://www.montgomerycountymd.gov/COUNCIL/Resources/Files/zta/2008/20080708_16-21.pdf","Jeff Zyontz","Knapp",,"04/29/2008","06/17/2008","1:30 p.m.","PHED","06/23/2008",,,,,,,,"Adopted","07/08/2008",,"07/28/2008",,
"08-10","Fenton Village Overlay Zone - Hotel Height","https://www.montgomerycountymd.gov/council/Resources/Files/zta/2008/08-10.pdf",,,"Jeff Zyontz","Ervin, Elrich",,"03/06/2008","06/17/2008","1:30 p.m.","PHED","06/26/2008","07/28/2008",,,,,,,"Superseded",,,,,"Superseded by action on ZTA 08-08"
"08-11","Standards - Residential Zones (Mansionization)",,"16-31","https://www.montgomerycountymd.gov/council/Resources/Files/zta/2008/20081209_16-31.pdf","Jeff Zyontz","Berliner, Andrews, Elrich, Trachtenberg",,"05/06/2008","06/17/2008","7:30 p.m.","PHED","07/21/2008","10/13/2008",,,,,,,"Adopted as amended","12/09/2008",,"04/28/2008",,
"08-12","Landscape Contractors - General Commercial (C-2) Zone","https://www.montgomerycountymd.gov/council/Resources/Files/zta/2008/08-12.pdf",,,"Jeff Zyontz","Floreen",,"06/10/2008","07/15/2008","1:30 p.m.","PHED","07/21/2008",,,,,,,,"Deferred","07/29/2008",,,,
"08-13","Transit Oriented Mixed-Use - General Commercial (C-2) Zone","https://www.montgomerycountymd.gov/council/Resources/Files/zta/2008/08-13.pdf","16-23","https://www.montgomerycountymd.gov/COUNCIL/Resources/Files/zta/2008/20080729_16-23.pdf","Jeff Zyontz","Berliner",,"06/10/2008","07/15/2008","1:30 p.m.","PHED","07/21/2008",,,,,,,,"Adopted as amended","07/29/2008",,"08/18/2008",,
"08-14","Transit Mixed-Use (TMX) Zone - Establishment","https://www.montgomerycountymd.gov/council/Resources/Files/zta/2008/08-14.pdf","16-29","https://www.montgomerycountymd.gov/COUNCIL/Resources/Files/zta/2008/20081215_16-29.pdf","Jeff Zyontz","District Council at request of Planning Board",,"06/24/2008","07/29/2008","1:30 pm","PHED","09/08/2008","09/22/2008",,,,,,,"Adopted as amended","11/25/2008",,"12/15/2008",,
"08-15","Arts or Entertainment Use - CBD Zones","https://www.montgomerycountymd.gov/council/Resources/Files/zta/2008/08-15.pdf","16-25","https://www.montgomerycountymd.gov/COUNCIL/Resources/Files/zta/2008/20081007_16-25.pdf","Jeff Zyontz","District Council at request of Executive",,"06/24/2008","07/29/2008","1:30 pm","PHED","09/29/2008","10/06/2008",,,,,,,"Adopted as amended","10/07/2008",,"10/07/2008",,
"08-16","Workforce Housing - Findings","https://www.montgomerycountymd.gov/council/Resources/Files/zta/2008/08-16.pdf","16-32","https://www.montgomerycountymd.gov/COUNCIL/Resources/Files/zta/2009/20090113_16-32.pdf","Jeff Zyontz","Floreen",,"07/29/2008","09/16/2008","1:30 pm","PHED","12/01/2008",,,,,,,,"Adopted with amendments","01/13/2009",,"02/02/2009",,
"08-17","Wheaton Central Business District - Boundaries","https://www.montgomerycountymd.gov/council/Resources/Files/zta/2008/08-17.pdf","16-34","https://www.montgomerycountymd.gov/COUNCIL/Resources/Files/zta/2009/20090210_16-34.pdf","Jeff Zyontz","District Council at request of Planning Board",,"12/09/2008","01/13/2009","1:30 p.m.","PHED","02/02/2009",,,,,,,,"Adopted","02/10/2009",,"03/02/2009",,
"08-18","Land Use - Christmas Tree Sales","https://www.montgomerycountymd.gov/council/Resources/Files/zta/2008/08-18.pdf",,,"Jeff Zyontz","District Council at request of County Executive",,"12/09/2008","02/03/2009","1:30 p.m.",,,,,,,,,,"Expired",,,,,
"09-01","Sandy Spring/Ashton Overlay Zone - Prohibited Uses","https://www.montgomerycountymd.gov/COUNCIL/Resources/Files/zta/2009/zta09-01.pdf","16-40","https://www.montgomerycountymd.gov/council/Resources/Files/zta/2009/20091027_16-40.pdf","Jeff Zyontz","Elrich",,"03/17/2009","04/21/2009","1:30 pm","PHED","10/08/2009",,,,,,,,"Adopted","10/27/2009",,"10/27/2009",,
"09-02","Special Provision - Parcel Consolidation","https://www.montgomerycountymd.gov/COUNCIL/Resources/Files/zta/2009/zta09-02.pdf","16-37","https://www.montgomerycountymd.gov/council/Resources/Files/zta/2009/20090630_16-37.pdf","Jeff Zyontz","Berliner",,"04/21/2009","06/09/2009","1:30 pm","PHED","06/22/2009",,,,,,,,"Adopted as amended","06/30/2009",,"07/20/2009",,
"09-03","Home Occupation & Off-Street Parking","https://www.montgomerycountymd.gov/COUNCIL/Resources/Files/zta/2009/zta09-03.pdf","16-59","https://www.montgomerycountymd.gov/council/Resources/Files/zta/2009/20101026_16-59.pdf","Jeff Zyontz","District Council at request of Executive",,"05/05/2009","06/09/2009","7:30 p.m.","PHED","07/13/2009",,,,,,,,"Adopted as amended","10/26/2010",,"04/24/2011",,
"09-04","RNC Zones - Equestrian Facility","https://www.montgomerycountymd.gov/COUNCIL/Resources/Files/zta/2009/zta09-04.pdf","16-38","https://www.montgomerycountymd.gov/COUNCIL/Resources/Files/zta/2009/20090616_16-38.pdf","Jeff Zyontz","Knapp",,"06/16/2009","07/21/2009","1:30 p.m.",,"07/27/2009",,,,,,,,"Adopted","09/15/2009",,"09/15/2009",,
"09-05","Burtonsville Overlay Zone - Allowed Uses","https://www.montgomerycountymd.gov/COUNCIL/Resources/Files/zta/2009/zta09-05.pdf","16-41","https://www.montgomerycountymd.gov/council/Resources/Files/zta/2009/20091027_16-41.pdf","Jeff Zyontz","Navarro",,"06/23/2009","07/28/2009","1:30 p.m.","PHED","10/08/2009",,,,,,,,"Adopted","10/27/2009",,"10/27/2009",,
"09-06","Town Sector (TS) Zone - Minimum Area","https://www.montgomerycountymd.gov/COUNCIL/Resources/Files/zta/2009/zta09-06.pdf","16-39","https://www.montgomerycountymd.gov/council/Resources/Files/zta/2009/20091006_16-39.pdf","Jeff Zyontz","Knapp, Elrich, Floreen",,"07/28/2009","09/15/2009","1:30 pm","PHED","09/21/2009",,,,,,,,"Adopted","10/06/2009",,"10/06/2009","None",
"09-07","Life Sciences Center (LSC) Zone - Revisions (2nd PH 9/17/09)","https://www.montgomerycountymd.gov/COUNCIL/Resources/Files/zta/2009/zta09-07.pdf","16-49","https://www.montgomerycountymd.gov/council/Resources/Files/zta/2009/20100427_16-49.pdf","Jeff Zyontz","District Council at Request of Planning Board",,"07/28/2009","09/15/2009","7:30 pm","PHED","09/29/2007","10/12/2009","10/26/0009","11/09/0009","01/27/0010","02/23/0010","04/05/0010",,"Adopted as amended","04/27/2010",,"05/17/2010",,
"09-08","Commercial/Residential Zones - Establishment","https://www.montgomerycountymd.gov/COUNCIL/Resources/Files/zta/2009/zta09-08.pdf","16-44","https://www.montgomerycountymd.gov/council/Resources/Files/zta/2010/20100302_16-44a.pdf","Jeff Zyontz","District Council at Request of Planning Board",,"09/22/2009","10/27/2009","7:30 pm","PHED","11/02/2009","11/09/2009","11/17/0009","11/23/0009","01/11/0010","01/25/0010",,,"Adopted as amended","03/02/2010",,"03/22/2010",,
"09-09","Planning Board Enforcement","https://www.montgomerycountymd.gov/COUNCIL/Resources/Files/zta/2009/zta09-09.pdf","16-48","https://www.montgomerycountymd.gov/COUNCIL/Resources/Files/zta/200920100406_16-48.pdf","Jeff Zyontz","District Council at request of Planning Board",,"10/06/2009","11/17/2009","7:30 pm","PHED","03/17/2010",,,,,,,,"Adopted as amended","04/06/2010",,"04/26/2010",,
"09-10","I-3 Zone - Hospitals","https://www.montgomerycountymd.gov/council/Resources/Files/zta/2009/zta09-10.pdf",,,"Jeff Zyontz","District Council at request of PHED Committee",,"10/06/2009","11/10/2009","1:30 pm",,,,,,,,,,"Expired",,,,,
"09-11","Residential Zones - Agricultural Vending","https://www.montgomerycountymd.gov/COUNCIL/Resources/Files/zta/2009/zta09-11.pdf","16-50","https://www.montgomerycountymd.gov/council/Resources/Files/zta/2009/20100504_16-50.pdf","Jeff Zyontz","Berliner, Leventhal, Trachtenberg, Navarro, and Elrich",,"11/17/2009","01/12/2010","1:30 pm","PHED","01/21/2010","04/22/2010",,,,,,,"Adopted as amended","05/04/2010",,"05/04/2010",,
"09-12","Rural Services - Development Standards","https://www.montgomerycountymd.gov/COUNCIL/Resources/Files/zta/2009/zta09-12.pdf","16-42","https://www.montgomerycountymd.gov/council/Resources/Files/zta/2009/20100202_16-42.pdf","Jeff Zyontz","Knapp",,"11/17/2009","01/12/2010","1:30 pm","PHED","01/21/2010",,,,,,,,"Adopted","02/02/2010",,"02/22/2010",,
"09-13","Transit Mixed-Use (TMX) Zone � Prior Approvals","https://www.montgomerycountymd.gov/COUNCIL/Resources/Files/zta/2009/zta09-13.pdf","16-45","https://www.montgomerycountymd.gov/council/Resources/Files/zta/2010/20100316_16-45.pdf","Jeff Zyontz","PHED Committee",,"12/01/2009","01/19/2010","1:30 pm","PHED","01/21/2010",,,,,,,,"Adopted as amended","03/16/2010",,"04/05/2010",,
"09-14","Hearing Examiner - Report Dissemination","https://www.montgomerycountymd.gov/COUNCIL/Resources/Files/zta/2009/zta09-14.pdf","16-43","https://www.montgomerycountymd.gov/council/Resources/Files/zta/2009/20100202_16-43.pdf","Jeff Zyontz","Knapp, Trachtenberg, Leventhal",,"12/08/2009","01/19/2010","1:30 pm","PHED","01/21/2010",,,,,,,,"Adopted","02/02/2010",,"02/22/2010",,
"10-01","Workforce Housing - Voluntary","https://www.montgomerycountymd.gov/council/resources/files/zta/2010/zta_10-01.pdf","16-46","https://www.montgomerycountymd.gov/content/council/pdf/bill/2010/20100406_16-46.pdf","Jeff Zyontz","PHED Committee",,"01/26/2010","03/02/2010","1:30 pm","PHED","03/04/2010",,,,,,,,"Adopted as amended","04/06/2010",,"04/26/2010",,
"10-02","Residential Townhouse (RT) Zones - Existing Dwellings","https://www.montgomerycountymd.gov/council/resources/files/zta/2010/zta_10-02.pdf","16-52","https://www.montgomerycountymd.gov/council/resources/files/zta/2010/20100518_16-52.pdf","Jeff Zyontz","Ervin, Elrich",,"02/09/2010","03/16/2010","1:30 pm","PHED","06/14/2010",,,,,,,,"Adopted","05/18/2010",,"06/07/2010",,
"10-03","Exemptions - Legal Dwellings","https://www.montgomerycountymd.gov/council/resources/files/zta/2010/zta_10-03.pdf","16-51","https://www.montgomerycountymd.gov/council/resources/files/zta/2010/20100504_16-51.pdf","Jeff Zyontz","Knapp, Elrich",,"03/16/2010","04/20/2010","1:30 pm","PHED","04/22/2010",,,,,,,,"Adopted as amended","05/04/2010",,"05/24/2010",,
"10-04","C-2 Zone - Automobile Filling Stations","https://www.montgomerycountymd.gov/council/resources/files/zta/2010/zta_10-04.pdf",,,"Jeff Zyontz","District Council at request of Executive",,"03/16/2010","05/20/2010","7:30 pm",,,,,,,,,,"Expired",,,,,
"10-05","Special Exceptions Procedures - Telecommunications Facilities","https://www.montgomerycountymd.gov/council/resources/files/zta/2010/zta_10-05.pdf","16-53","https://www.montgomerycountymd.gov/council/resources/files/zta/2010/20100622_16-53.pdf","Jeff Zyontz","Trachtenberg",,"04/06/2010","05/11/2010","1:30","PHED","05/06/2010","06/14/2010",,,,,,,"Adopted as amended","06/22/2010",,"06/22/2010",,
"10-06","Sloping Lots - Conditions","https://www.montgomerycountymd.gov/council/resources/files/zta/2010/zta_10-06.pdf",,,"Jeff Zyontz","Elrich",,"05/18/2010","06/22/2010","1:30 pm","PHED","06/28/2010",,,,,,,,"Expired",,,,,
"10-07","RNC Zones - Off-Street Parking","https://www.montgomerycountymd.gov/council/resources/files/zta/2010/zta_10-07.pdf",,,"Jeff Zyontz","Navarro, Elrich",,"05/27/2010","07/13/2010","1:30 pm",,,,,,,,,,"Expired",,,,,
"10-08","Agricultural Zones - Pet Daycare","https://www.montgomerycountymd.gov/council/resources/files/zta/2010/zta_10-08.pdf",,,"Jeff Zyontz","Knapp",,"06/22/2010","09/21/2010","1:30 pm","PHED",,,,,,,,,"Disapproved",,"10/05/2010",,,
"10-09","CBD Standards - Transient Lodging To allow transient lodging in CBD zones the same maximum FAR under the optional method of development as a residential project under certain circumstances","https://www.montgomerycountymd.gov/council/resources/files/zta/2010/zta_10-09.pdf","16-58","https://www.montgomerycountymd.gov/council/resources/files/zta/2010/20101026_16-58.pdf","Jeff Zyontz","District Council at request of County Executive",,"06/22/2010","07/27/2010","1:30 pm","PHED","10/04/2010",,,,,,,,"Adopted as amended","10/26/2010",,"11/15/2010","Div 59-C-6.2 Provisions of CBD zones; 59-C-6.23 Development standards",
"10-10","TMX Zone - Parking Standards To amend the TMX-2 zone parking provisions for leased office space used by the government","https://www.montgomerycountymd.gov/council/resources/files/zta/2010/zta_10-10.pdf","16-56","https://www.montgomerycountymd.gov/council/resources/files/zta/2010/20101005_10-10.pdf","Jeff Zyontz","Floreen",,"07/20/2010","09/21/2010","1:30 pm","PHED","09/27/2010",,,,,,,,"Adopted","10/05/2010",,"10/25/2010","Div 59-C-14.2 Transit Mixed-Use (TMX) Zone; 59-C-14.21 Description, purpose, and general requirements; 59-C-14.214 Off-Street parking",
"10-11","Administrative & Technical Amendments","https://www.montgomerycountymd.gov/council/resources/files/zta/2010/zta_10-11.pdf","16-55","https://www.montgomerycountymd.gov/council/resources/files/zta/2010/20101005_10-11.pdf","Jeff Zyontz","Floreen",,"07/20/2010","09/21/2010","1:30 pm","PHED","09/27/2010",,,,,,,,"Adopted","10/05/2010",,"10/25/2010","Div 59-D-1 Development Plan; 59-D-1.7 Amendment of a development plan; 59-G-2 Special Exceptions-Standards & Requirements; 59-G-2.06 Automobile filling stations; 59-G-2.31 Hospitals; Div 59-H-2 Map Amendments-Applications;",
"10-12","RDT Zone - Child Lot Standards To: amend the density calculations in the RDT zone to exclude a child lot under specified conditions; amend the standards to approve a child lot in the RDT zone; generally amend the child lot provisions in the RDT zone","https://www.montgomerycountymd.gov/council/resources/files/zta/2010/zta_10-12.pdf","16-57","https://www.montgomerycountymd.gov/council/resources/files/zta/2010/20101026_16-57.pdf","Jeff Zyontz","Knapp",,"07/27/2010","09/21/2010","1:30 pm","PHED","10/11/2010",,,,,,,,"Adopted as amended","10/26/2010",,"11/15/2010","Div 59-A-2 Definitions and Interpretations; 59-A-2.1 Definitions; Div 59-C-9 Agricultural Zones; 59-C-9.41 Density in RDT zone; 59-C-9.74 Exempted lots and parcels-Rural Density Transfer zone",
"10-13","Hearing Examiner Waivers - Parking and Public Facilities","https://www.montgomerycountymd.gov/council/resources/files/zta/2010/zta_10-13.pdf","17-01","https://www.montgomerycountymd.gov/council/resources/files/zta/2011/20110208_17-01.pdf","Jeff Zyontz","Floreen",,"12/14/2010","01/18/2011","1:30 pm","PHED","01/31/2011",,,,,,,,"Adopted as amended","02/08/2011",,"02/28/2011",,
"10-14","RNC/TDR Zone - Land Uses","https://www.montgomerycountymd.gov/council/resources/files/zta/2010/zta_10-14.pdf","17-02","https://www.montgomerycountymd.gov/council/resources/files/zta/2011/20110208_17-02.pdf","Jeff Zyontz","Floreen",,"12/14/2010","01/18/2011","1:30 pm","PHED","01/24/2011",,,,,,,,"Adopted","02/08/2011",,"02/28/2011",,
"10-15","Agricultural Zones - Airstrips","https://www.montgomerycountymd.gov/council/resources/files/zta/2010/zta_10-15.pdf","17-03","https://www.montgomerycountymd.gov/council/resources/files/zta/2011/20110308_17-03.pdf","Jeff Zyontz","Elrich, Rice",,"12/14/2010","01/18/2011","1:30 pm","PHED","02/28/2011",,,,,,,,"Adopted as amended","03/08/2011",,"03/08/2011",,
"11-01","Commercial/Residential zones - Neighborhood and Town zones","https://www.montgomerycountymd.gov/COUNCIL/Resources/Files/zta/2011/zta_11-01.pdf","17-09","https://www.montgomerycountymd.gov/council/resources/files/zta/2011/20111011_17-09.pdf","Jeff Zyontz","Council President at Request of the Planning Board",,"04/12/2011","05/17/2011","7:30 pm","PHED","06/13/0011","06/22/2011","06/23/0011","06/27/0011","06/30/0011","07/11/0011","07/14/0011","07/18/0011","Adopted as amended","10/11/2011",,"10/31/2011",,
"11-02","Non-Conforming uses - Historic Resources","https://www.montgomerycountymd.gov/COUNCIL/Resources/Files/zta/2011/zta_11-02.pdf","17-06","https://www.montgomerycountymd.gov/council/resources/files/zta/2011/20110719_17-06.pdf","Jeff Zyontz","Navarro",,"04/12/2011","06/14/2011","1:30 pm","PHED","07/11/2011",,,,,,,,"Adopted","07/19/2011",,"08/08/2011",,
"11-03","Special Exception Standards - Professional Offices","https://www.montgomerycountymd.gov/COUNCIL/Resources/Files/zta/2011/zta_11-03.pdf","17-07","https://www.montgomerycountymd.gov/council/resources/files/zta/2011/20110719_17-07.pdf","Jeff Zyontz","Rice",,"04/12/2011","06/14/2011","1:30 pm","PHED","07/11/2011",,,,,,,,"Adopted as amended","07/19/2011",,"08/08/2011",,
"11-04","CBD Zones - Public Facilities","https://www.montgomerycountymd.gov/COUNCIL/Resources/Files/zta/2011/zta_11-04.pdf","17-05","https://www.montgomerycountymd.gov/council/resources/files/zta/2011/20110628_17-05.pdf","Jeff Zyontz","Council President at Request of the County Executive",,"05/10/2011","06/14/2011","1:30 p.m.","PHED","06/23/2011",,,,,,,,"Adopted as amended","06/28/2011",,"06/28/2011",,
"11-05","U.S. 29/Cherry Hill Road Employment Area Overlay Zone - Automobile Sales and Service","https://www.montgomerycountymd.gov/COUNCIL/Resources/Files/zta/2011/zta_11-05.pdf","17-08","https://www.montgomerycountymd.gov/council/resources/files/zta/2011/20110719_17-08.pdf","Jeff Zyontz","Ervin, Leventhal, Floreen",,"05/10/2011","06/14/2011","1:30 p.m.","PHED","07/11/2011",,,,,,,,"Adopted as amended","07/19/2011",,"08/08/2011",,
"11-06","Fenton Village Overlay Zone - Building Height","https://www.montgomerycountymd.gov/COUNCIL/Resources/Files/zta/2011/zta_11-06.pdf","17-11","https://www.montgomerycountymd.gov/council/resources/files/zta/2011/20120207_17-11.pdf","Jeff Zyontz","Floreen, Ervin",,"11/08/2011","01/17/2012","1:30 pm","PHED","01/30/2012",,,,,,,,"Adopted as amended","02/07/2012",,"02/27/2012",,
"11-07","Telecommunications Facilities - Antenna Height","https://www.montgomerycountymd.gov/COUNCIL/Resources/Files/zta/2011/zta_11-07.pdf","17-12","https://www.montgomerycountymd.gov/council/resources/files/zta/2011/20120207_17-12.pdf","Jeff Zyontz","Floreen",,"11/08/2011","01/17/2012","1:30 pm","PHED","01/30/2012",,,,,,,,"Adopted","02/07/2012",,"02/08/2012",,
"11-08","Residential Zones - Accessory Commercial Kitchen","https://www.montgomerycountymd.gov/COUNCIL/Resources/Files/zta/2011/zta_11-08.pdf","17-15","https://www.montgomerycountymd.gov/council/resources/files/zta/2012/20120626_17-15.pdf","Jeff Zyontz","Leventhal",,"12/13/2011","01/24/2012","1:30 p.m.","PHED","02/29/2012","06/11/2012",,,,,,,"Adopted as amended","06/26/2012",,"07/16/2012",,
"12-01","Commercial Zones - Large Retail Uses","https://www.montgomerycountymd.gov/council/resources/files/zta/2012/zta_12-01.pdf","17-13","https://www.montgomerycountymd.gov/council/resources/files/zta/2012/20120410_17-13.pdf","Jeff Zyontz","Berliner, Ervin",,"01/31/2012","03/20/2012","1:30 p.m.","PHED","03/26/2012",,,,,,,,"Adopted as amended","04/10/2012",,"04/30/2012",,
"12-02","Commercial Zones - Combined Retail Stores","https://www.montgomerycountymd.gov/council/resources/files/zta/2012/zta_12-02.pdf",,,"Jeff Zyontz","Ervin, Navarro, Elrich",,"01/31/2012","03/20/2012","1:30 p.m.","PHED","03/26/2012",,,,,,,,"Expired",,,,,
"12-03","Agricultural Zones - Wineries","https://www.montgomerycountymd.gov/council/resources/files/zta/2012/zta_12-03.pdf","17-16","https://www.montgomerycountymd.gov/council/resources/files/zta/2012/20120710_17-16.pdf","Jeff Zyontz","Rice, Floreen, Elrich",,"02/14/2012","03/27/2012","1:30 pm","PHED","06/25/2012",,,,,,,,"Adopted as amended","07/10/2012",,"07/30/2012",,
"12-04","Site Plan - Surety Requirements","https://www.montgomerycountymd.gov/council/resources/files/zta/2012/zta_12-04.pdf","17-14","https://www.montgomerycountymd.gov/council/resources/files/zta/2012/20120410_17-14.pdf","Jeff Zyontz","District Council at request of Planning Board",,"02/14/2012","03/27/2012","1:30 pm",,,,,,,,,,"Adopted as amended","04/10/2012",,"04/30/2012",,
"12-05","Commercial/Residential Zones - Grandfathering","https://www.montgomerycountymd.gov/council/resources/files/zta/2012/zta_12-05.pdf","17-18","https://www.montgomerycountymd.gov/council/resources/files/zta/2012/20120710_17-18.pdf","Jeff Zyontz","PHED Committee",,"02/28/2012","04/10/2012","1:30 pm","PHED","06/18/2012",,,,,,,,"Adopted as amended","07/10/2012",,"07/30/2012",,
"12-06","Commercial/Residential Zones - Transit Proximity Definition","https://www.montgomerycountymd.gov/council/resources/files/zta/2012/zta_12-06.pdf","17-21","https://www.montgomerycountymd.gov/council/resources/files/zta/2012/20121009_17-21.pdf","Jeff Zyontz","Leventhal, Elrich, Andrews, Berliner",,"03/06/2012","04/10/2012","1:30 pm","PHED","06/18/2012","09/24/2012",,,,,,,"Adopted as amended","10/09/2012",,"10/29/2012",,
"12-07","Special Exceptions - Automobile Filling Station","https://www.montgomerycountymd.gov/council/resources/files/zta/2012/zta_12-07.pdf","17-19","https://www.montgomerycountymd.gov/council/resources/files/zta/2012/20120724_17-19.pdf","Jeff Zyontz","Elrich, Ervin, Navarro, Rice, Riemer",,"04/17/2012","06/19/2012","7:30 pm","PHED","07/09/2012",,,,,,,,"Adopted as amended","07/24/2012",,"08/13/2012",,
"12-08","Transit Station Zones - Minimum Area","https://www.montgomerycountymd.gov/council/resources/files/zta/2012/zta_12-08.pdf","17-17","https://www.montgomerycountymd.gov/council/resources/files/zta/2012/20120710_17-17.pdf","Jeff Zyontz","Floreen",,"05/24/2012","06/12/2012","1:30 pm","PHED","06/25/2012",,,,,,,,"Adopted as amended","07/10/2012",,"07/30/2012",,
"12-09","PD Zones - Hotels","https://www.montgomerycountymd.gov/council/resources/files/zta/2012/zta_12-09.pdf",,,"Jeff Zyontz","Riemer",,"06/12/2012","07/17/2012","1:30 pm","PHED","07/30/2012",,,,,,,,"Deferred",,,,,
"12-10","Established Building Line - Clarification","https://www.montgomerycountymd.gov/council/resources/files/zta/2012/zta_12-10.pdf","17-22","https://www.montgomerycountymd.gov/council/resources/files/zta/2012/20121023_17-22.pdf","Jeff Zyontz","Berliner",,"07/17/2012","09/11/2012","1:30 pm","PHED","10/11/2012",,,,,,,,"Adopted as amended","10/23/2012",,"11/12/2012",,
"12-11","Accessory Apartments - Amendments","https://www.montgomerycountymd.gov/council/resources/files/zta/2012/zta_12-11.pdf","17-28","https://www.montgomerycountymd.gov/council/resources/files/zta/2013/20130205_17-28.pdf","Jeff Zyontz","District Council at request of Planning Board",,"07/24/2012","09/11/2012","7:30 pm","PHED","10/08/2012","10/22/2012","11/05/0012",,,,,,"Adopted as amended","02/05/2013",,"05/20/2013",,
"12-12","Density Transfer - C-2 to CBD Zones","https://www.montgomerycountymd.gov/council/resources/files/zta/2012/zta_12-12.pdf","17-23","https://www.montgomerycountymd.gov/council/resources/files/zta/2012/20121023_17-23.pdf","Jeff Zyontz","Berliner, Floreen",,"07/31/2012","09/11/2012","1:30 pm","PHED","10/11/2012",,,,,,,,"Adopted","10/23/2012",,"11/12/2012",,
"12-13","Rural Cluster Zone - Impervious Surface Limits","https://www.montgomerycountymd.gov/council/resources/files/zta/2012/zta_12-13.pdf","17-26","https://www.montgomerycountymd.gov/council/resources/files/zta/2012/20121204_17-26.pdf","Jeff Zyontz","Council President at request of Planning Board",,"09/11/2012","10/23/2012","1:30 pm","PHED","11/29/2012",,,,,,,,"Adopted as amended","12/04/2012",,"12/24/2012",,
"12-14","Bikeshare Facility - Incentive","https://www.montgomerycountymd.gov/council/resources/files/zta/2012/zta_12-14.pdf","17-24","https://www.montgomerycountymd.gov/council/resources/files/zta/2012/20121113_17-24.pdf","Jeff Zyontz","Berliner, Ervin, Riemer, Navarro",,"09/11/2012","10/23/2012","1:30 pm","PHED","11/05/2012",,,,,,,,"Adopted","11/13/2012",,"12/03/2012",,
"12-15","Guest House - Conditions","https://www.montgomerycountymd.gov/council/resources/files/zta/2012/zta_12-15.pdf","17-25","https://www.montgomerycountymd.gov/council/resources/files/zta/2012/20121204_17-25.pdf","Jeff Zyontz","Floreen",,"09/25/2012","11/13/2012","1:30 pm","PHED","11/26/2012",,,,,,,,"Adopted as amended","12/04/2012",,"12/24/2012",,
"12-16","One-Family Dwelling - Pre-1928 Lots","https://www.montgomerycountymd.gov/council/resources/files/zta/2012/zta_12-16.pdf","17-33","https://www.montgomerycountymd.gov/council/resources/files/zta/2013/20130409_17-33.pdf","Jeff Zyontz","Floreen",,"09/25/2012","11/13/2012","1:30 pm","PHED","04/01/2013",,,,,,,,"Adopted as amended","04/09/2013",,"04/29/2013",,
"12-17","Country Inn Zone - Standards","https://www.montgomerycountymd.gov/council/resources/files/zta/2012/zta_12-17.pdf","17-27","https://www.montgomerycountymd.gov/council/resources/files/zta/2012/20121211_17-27.pdf","Jeff Zyontz","Floreen",,"10/23/2012","11/27/2012","1:30 pm","PHED","12/03/2012",,,,,,,,"Adopted","12/11/2012",,"12/31/2012",,
"12-18","Exemptions - Pre-1928 Resubdivisions","https://www.montgomerycountymd.gov/council/resources/files/zta/2012/zta_12-18.pdf","17-34","https://www.montgomerycountymd.gov/council/resources/files/zta/2013/20130409_17-34.pdf","Jeff Zyontz","Floreen",,"12/11/2012","01/22/2013","1:30 pm","PHED","04/01/2013",,,,,,,,"Adopted as amended","04/09/2013",,"04/29/2013",,
"13-01","Planned Development Zones - Procedures","https://www.montgomerycountymd.gov/council/resources/files/zta/2013/zta_13-01.pdf","17-35","https://www.montgomerycountymd.gov/council/resources/files/zta/2013/20130430_17-35.pdf","Jeff Zyontz","Berliner",,"03/12/2013","04/16/2013","1:30 pm","PHED","04/23/2013",,,,,,,,"Adopted","04/30/2013",,"05/01/2013",,
"13-02","CBD Zones - Self Storage","https://www.montgomerycountymd.gov/council/resources/files/zta/2013/zta_13-02.pdf","17-37","https://www.montgomerycountymd.gov/council/resources/files/zta/2013/20130924_17-37.pdf","Jeff Zyontz","Berliner",,"04/30/2013","06/18/2013","1:30 pm","PHED","09/09/2013",,,,,,,,"Adopted","09/24/2013",,"10/14/2013",,
"13-03","Impervious Area - Calculation","https://www.montgomerycountymd.gov/council/resources/files/zta/2013/zta_13-03.pdf",,,"Jeff Zyontz","Rice",,"05/07/2013","06/18/2013","1:30 pm","PHED","09/09/2013",,,,,,,,"Expired",,,,,
"13-05","US 29 Overlay Zone - Standards","https://www.montgomerycountymd.gov/council/resources/files/zta/2013/zta_13-05.pdf","17-38","https://www.montgomerycountymd.gov/council/resources/files/zta/2013/20130924_17-38.pdf","Jeff Zyontz","Ervin, Floreen",,"05/14/2013","06/18/2013","1:30 pm","PHED","09/09/2013",,,,,,,,"Adopted as amended","09/24/2013",,"09/25/2013",,
"13-06","Fenton Village Overlay - Building Height","https://www.montgomerycountymd.gov/COUNCIL/Resources/Files/zta/2013/zta_13-06.pdf","17-39","https://www.montgomerycountymd.gov/council/resources/files/zta/2013/20130924_17-39.pdf","Jeff Zyontz","Elrich",,"06/11/2013","07/16/2013","1:30 pm","PHED","09/09/2013",,,,,,,,"Adopted as amended","09/24/2013",,"10/14/2013",,
"13-07","US 29 Overlay Zone - Land Use","https://www.montgomerycountymd.gov/COUNCIL/Resources/Files/zta/2013/zta_13-07.pdf","17-40","https://www.montgomerycountymd.gov/council/resources/files/zta/2013/20130924_17-40.pdf","Jeff Zyontz","Ervin, Floreen",,"07/30/2013","09/10/2013","1:30 pm","PHED","09/09/2013",,,,,,,,"Adopted as amended","09/24/2013",,"09/25/2013",,
"13-08","TMX - Land Uses","https://www.montgomerycountymd.gov/COUNCIL/Resources/Files/zta/2013/zta_13-08.pdf","17-41","https://www.montgomerycountymd.gov/COUNCIL/Resources/Files/zta/2013/20131029_17-41.pdf","Jeff Zyontz","Rice, Floreen",,"09/10/2013","10/15/2013","1:30 pm","PHED","10/21/2013",,,,,,,,"Adopted","10/29/2013",,"10/30/2013",,
"13-09","Noticing Signs - Local Map Amendments","https://www.montgomerycountymd.gov/COUNCIL/Resources/Files/zta/2013/zta_13-09.pdf","17-42","https://www.montgomerycountymd.gov/COUNCIL/Resources/Files/zta/2013/20131126_17-42.pdf","Jeff Zyontz","Floreen",,"10/01/2013","11/12/2013","1:30 pm","PHED","11/18/2013",,,,,,,,"Adopted","11/26/2013",,"11/27/2013",,
"14-01","Parking Design - Charging Stations","https://www.montgomerycountymd.gov//COUNCIL/Resources/Files/zta/2014/zta_14-01.pdf","17-44","https://www.montgomerycountymd.gov/COUNCIL/Resources/Files/zta/2014/20140422_17-44.pdf","Jeff Zyontz","Berliner, Navarro, Floreen, Riemer, Leventhal, Elrich, Andrews",,"01/28/2014","02/25/2014","1:30 p.m.","PHED","03/06/2014",,,,,,,,"Adopted as amended","04/22/2014",,"05/12/2014",,
"14-02","Exemptions - Solar Panels","https://www.montgomerycountymd.gov//COUNCIL/Resources/Files/zta/2014/zta_14-02.pdf","17-45","https://www.montgomerycountymd.gov/COUNCIL/Resources/Files/zta/2014/20140422_17-45.pdf","Jeff Zyontz","Berliner, Navarro, Floreen, Riemer, Leventhal, Rice, Andrews",,"01/28/2014","02/25/2014","1:30 p.m.","PHED","03/06/2014",,,,,,,,"Adopted as amended","04/22/2014",,"05/12/2014",,
"14-03","Overlay Zone - Clarksburg","https://www.montgomerycountymd.gov//COUNCIL/Resources/Files/zta/2014/zta_14-03.pdf","17-46","https://www.montgomerycountymd.gov/COUNCIL/Resources/Files/res/2014/20140715_17-46.pdf","Jeff Zyontz","Council President at request of District Council",,"04/08/2014","05/13/2014","1:30 pm","PHED","07/10/2014",,,,,,,,"Adopted as amended","07/15/2014",,"08/04/2014",,
"14-04","Accessory Commercial Uses - Antennas","https://www.montgomerycountymd.gov//COUNCIL/Resources/Files/zta/2014/zta_14-04.pdf","17-49","https://www.montgomerycountymd.gov/COUNCIL/Resources/Files/zta/2014/20140722_17-49.pdf","Jeff Zyontz","Floreen",,"04/22/2014","07/08/2014","11:00 am","PHED","07/14/2014",,,,,,,,"Adopted as amended","07/22/2014",,"10/30/2014",,
"14-05","Health Clubs - C1 Zone","https://www.montgomerycountymd.gov//COUNCIL/Resources/Files/zta/2014/zta_14-05.pdf","17-50","https://www.montgomerycountymd.gov/COUNCIL/Resources/Files/zta/2014/20140722_17-50.pdf","Jeff Zyontz","Navarro",,"04/22/2014","07/08/2014","11:00 am","PHED","07/14/2014",,,,,,,,"Adopted as amended","07/22/2014",,"08/11/2014",,
"14-06","Rural Village Overlay zones - site plan requirements - exceptions","https://www.montgomerycountymd.gov/COUNCIL/Resources/Files/zta/2014/zta_14-06.pdf","17-48","https://www.montgomerycountymd.gov/COUNCIL/Resources/Files/zta/2014/20140722_17-48.pdf","Jeff Zyontz","Rice, Floreen",,"05/22/2014","07/08/2014","11:00 am","PHED","07/14/2014",,,,,,,,"Adopted","07/22/2014",,"08/11/2014",,
"14-07","Accessory Commercial Kitchen - Standards","https://www.montgomerycountymd.gov//COUNCIL/Resources/Files/zta/2014/zta_14-07.pdf","17-51","https://www.montgomerycountymd.gov/COUNCIL/Resources/Files/zta/2014/20140722_17-51.pdf","Jeff Zyontz","Leventhal",,"06/10/2014","07/15/2014","1:30 pm","PHED","07/14/2014",,,,,,,,"Adopted as amended","07/22/2014",,"07/22/2014",,
"14-08","TS-R Zone ? Requirements","https://www.montgomerycountymd.gov/COUNCIL/Resources/Files/zta/2014/zta_14-08.pdf",,,"Jeff Zyontz","Berliner, Andrews",,"07/08/2014","09/09/2014","1:30 pm","PHED","09/22/2014",,,,,,,,"Expired",,,,,
"14-09","Zoning Ordinance Rewrite - Updates, Clarifications, and Corrections","https://www.montgomerycountymd.gov//COUNCIL/Resources/Files/zta/2014/zta_14-09.pdf","17-52","https://www.montgomerycountymd.gov/COUNCIL/Resources/Files/zta/2014/20140930_17-52.pdf","Jeff Zyontz","Floreen",,"07/29/2014","09/09/2014","7:30 pm","PHED","09/22/2014",,,,,,,,"Adopted as amended","09/30/2014",,"10/30/2014",,
"14-10","Upper Paint Branch Overlay Zone ? Exemptions","https://www.montgomerycountymd.gov/COUNCIL/Resources/Files/zta/2014/zta_14-10.pdf",,,"Jeff Zyontz","Leventhal",,"07/29/2014","09/16/2014","1:30 pm","PHED","09/22/2014",,,,,,,,"Expired",,,,,
"14-11","Upper Paint Branch Overlay Zone ? Waiver","https://www.montgomerycountymd.gov/COUNCIL/Resources/Files/zta/2014/zta_14-11.pdf",,,"Jeff Zyontz","Leventhal",,"09/23/2014","10/28/2014","1:30 pm",,,,,,,,,,"Expired",,,,,
"14-12","Rural Cluster Zone - Retail/Service and Exemptions","https://www.montgomerycountymd.gov/COUNCIL/Resources/Files/zta/2014/zta_14-12.pdf",,,"Jeff Zyontz","District Council at request of County Executive",,"09/23/2014",,,,,,,,,,,,"Expired",,,,,
"14-13","Overlay Zone - Design for Life","https://www.montgomerycountymd.gov/COUNCIL/Resources/Files/zta/2014/zta_14-13.pdf",,,"Jeff Zyontz","Council President Rice",,"09/30/2014",,,,,,,,,,,,"Expired",,,,,
"15-01","Residential Uses - Tenancy Duration","https://www.montgomerycountymd.gov/COUNCIL/Resources/Files/zta/2015/ZTA_15-01.pdf",,,"Jeff Zyontz","Riemer",,"01/13/2015","02/24/2015","1:30 pm",,,,,,,,,,"Expired",,,,,
"15-02","Townhouse Living - Design for Life","https://www.montgomerycountymd.gov//COUNCIL/Resources/Files/zta/2015/ZTA_15-02.pdf","18-02","https://www.montgomerycountymd.gov/COUNCIL/Resources/Files/zta/2015/20150414_18-02.pdf","Jeff Zyontz","Rice, Katz, Floreen, Berliner",,"01/20/2015","02/24/2015","1:30 pm","PHED","03/16/2015","04/13/2015",,,,,,,"Adopted as amended","04/21/2015",,"05/11/2015",,
"15-03","Uses and Use Standards - Licensing","https://www.montgomerycountymd.gov//COUNCIL/Resources/Files/zta/2015/ZTA_15-03.pdf","18-01","https://www.montgomerycountymd.gov/COUNCIL/Resources/Files/zta/2015/20150414_18-01.pdf","Jeff Zyontz","Council President at the request of the County Executive",,"02/10/2015","03/17/2015","1:30 pm","PHED","04/13/2015",,,,,,,,"Adopted as introduced","04/21/2015",,"05/11/2015",,
"15-04","Educational Institutions ? Exemptions and Standards","https://www.montgomerycountymd.gov/COUNCIL/Resources/Files/zta/2015/ZTA_15-04.pdf",,,"Jeff Zyontz","Floreen",,"03/03/2015","04/14/2015","1:30 pm",,,,,,,,,,"Expired",,,,,
"15-05","Commercial/Residential Zones - Site Plan Flexibility","https://www.montgomerycountymd.gov//COUNCIL/Resources/Files/zta/2015/ZTA_15-05.pdf","18-03","https://www.montgomerycountymd.gov/COUNCIL/Resources/Files/zta/2015/20150609_18-03.pdf","Jeff Zyontz","PHED Committee",,"03/24/2015","05/05/2015","1:30 pm","PHED","05/18/2015",,,,,,,,"Adopted as amended","06/09/2015",,"06/29/2015",,
"15-06","Rural Cluster Zone - Land Use and Setbacks","https://www.montgomerycountymd.gov//COUNCIL/Resources/Files/zta/2015/ZTA_15-06.pdf","18-09","https://www.montgomerycountymd.gov/COUNCIL/Resources/Files/zta/2015/20151208_18-09.pdf","Jeff Zyontz","District Council at request of County Executive",,"03/24/2015","05/05/2015","1:30 pm","PHED","11/30/2016",,,,,,,,"Adopted as amended","12/08/2015",,"10/30/2014",,"9/28/15 (closed session)"
"15-07","Filling Station - Use Standards","https://www.montgomerycountymd.gov//COUNCIL/Resources/Files/zta/2015/ZTA_15-07.pdf","18-07","https://www.montgomerycountymd.gov/COUNCIL/Resources/Files/zta/2015/20151201_18-07.pdf","Jeff Zyontz","Elrich, Riemer, Navarro, Katz, Rice, Hucker, Berliner",,"03/24/2015","05/12/2015","7:30 pm","PHED","07/20/2015","11/16/2015",,,,,,,"Adopted as introduced","12/01/2015",,"12/21/2015",,
"15-08","Charitable Institutions - Residential Support","https://www.montgomerycountymd.gov//COUNCIL/Resources/Files/zta/2015/ZTA_15-08.pdf","18-05","https://www.montgomerycountymd.gov/COUNCIL/Resources/Files/zta/2015/20150728_18-05.pdf","Jeff Zyontz","Leventhal, Floreen, Katz, Rice, Riemer, Navarro, Berliner, Elrich, Hucker",,"05/21/2015","07/14/2015","1:30 pm","PHED","07/20/2015",,,,,,,,"Adopted as amended","07/28/2015",,"08/17/2015",,
"15-09","Zoning Rewrite - Revisions, Clarifications, and Corrections","https://www.montgomerycountymd.gov//COUNCIL/Resources/Files/zta/2015/ZTA_15-09.pdf","18-08","https://www.montgomerycountymd.gov/COUNCIL/Resources/Files/zta/2015/20151201_18-08.pdf","Jeff Zyontz","Council President at request of Planning Board",,"05/21/2015","07/14/2015","1:30 pm","PHED","09/21/2015","11/09/2015","11/16/0015",,,,,,"Adopted as amended","12/01/2015",,"12/21/2015",,
"15-10","Combination Retail - Definition","https://www.montgomerycountymd.gov//COUNCIL/Resources/Files/zta/2015/ZTA_15-10.pdf","18-12","https://www.montgomerycountymd.gov/COUNCIL/Resources/Files/zta/2015/20160209_18-12.pdf","Jeff Zyontz","Leventhal, Elrich, Hucker, Navarro, Riemer",,"11/03/2015","01/12/2016","1:30 pm","PHED","02/01/2016",,,,,,,,"Adopted as introduced","02/09/2016",,"02/29/2016",,
"15-11","Employment Office (EOF) Zone - Limited Uses","https://www.montgomerycountymd.gov//COUNCIL/Resources/Files/zta/2015/ZTA_15-11.pdf","18-13","https://www.montgomerycountymd.gov/COUNCIL/Resources/Files/zta/2015/20160412_18-13.pdf","Jeff Zyontz","Floreen, Hucker",,"11/03/2015","01/12/2016","1:30 pm","PHED","04/04/2016",,,,,,,,"Adopted as amended","04/12/2016",,"05/02/2016",,
"15-12","Overlay Zone - Montgomery Village","https://www.montgomerycountymd.gov//COUNCIL/Resources/Files/zta/2015/ZTA_15-12.pdf","18-10","https://www.montgomerycountymd.gov/COUNCIL/Resources/Files/zta/2015/20160209_18-10.pdf","Jeff Zyontz","Council President at request of Planning Board",,"12/01/2015","01/12/2016","1:30 pm","PHED","01/19/2016",,,,,,,,"Adopted as amended","02/09/2016",,"02/29/2016",,"Council 2/2/16"
"15-13","Takoma Park Overlay - Cannabis Dispensing","https://www.montgomerycountymd.gov/COUNCIL/Resources/Files/zta/2015/ZTA_15-13.pdf",,,"Jeff Zyontz","Hucker",,"12/08/2015",,,,,,,,,,,,"Expired",,,,,
"15-14","Conditional Use Amendment - Business Vehicles","https://www.montgomerycountymd.gov//COUNCIL/Resources/Files/zta/2015/ZTA_15-14.pdf","18-11","https://www.montgomerycountymd.gov/COUNCIL/Resources/Files/zta/2015/20160209_18-11.pdf","Jeff Zyontz","Floreen, Riemer, Leventhal, Katz, Berliner, Navarro",,"12/08/2015","01/12/2016","1:30 pm","PHED","02/01/2016",,,,,,,,"Adopted as amended","02/09/2016",,"02/29/2016",,
"16-01","Ripley/Silver Spring South Overlay Zone - Standards","https://www.montgomerycountymd.gov/COUNCIL/Resources/Files/zta/2016/ZTA_16-01.pdf",,,"Jeff Zyontz","Berliner",,"01/19/2016","02/23/2016","1:30 pm",,,,,,,,,,"Expired",,,,,
"16-02","Agricultural Zone - Transfer of Development Rights Requirements","https://www.montgomerycountymd.gov/COUNCIL/Resources/Files/zta/2016/ZTA_16-02.pdf",,,,"Floreen",,"01/19/2016","02/23/2016","1:30 pm",,,,,,,,,,"Expired",,,,,
"16-03","Land Use - Bed and Breakfast","https://www.montgomerycountymd.gov/COUNCIL/Resources/Files/zta/2016/ZTA_16-03.pdf",,,"Jeff Zyontz","Riemer",,"02/02/2016","03/08/2016","7:30 pm",,,,,,,,,,"Expired",,,,,
"16-04","Agricultural Reserve Zone - Transitory Uses","https://www.montgomerycountymd.gov//COUNCIL/Resources/Files/zta/2016/ZTA_16-04.pdf","18-14","https://www.montgomerycountymd.gov/COUNCIL/Resources/Files/zta/2016/20160712_18-14.pdf","Jeff Zyontz","Riemer",,"04/26/2016","06/21/2016","1:30 pm","PHED","06/27/2016",,,,,,,,"Adopted","07/12/2016",,"08/01/2016",,
"16-05","Telecommunications Towers - Limited Use","https://www.montgomerycountymd.gov/COUNCIL/Resources/Files/zta/2016/ZTA_16-05.pdf",,,"Jeff Zyontz","Floreen",,"06/14/2016","07/19/2016","1:30 pm",,,,,,,,,,"Expired",,,,,
"16-06","Prohibited Signs - Public Rights-of-Way","https://www.montgomerycountymd.gov/COUNCIL/Resources/Files/zta/2016/ZTA_16-06.pdf",,,"Jeff Zyontz","Leventhal",,"06/21/2016","08/02/2016","1:30 pm",,,,,,,,,,"Expired",,,,,
"16-07","Exemptions ? Pre-1958 Lots","https://www.montgomerycountymd.gov//COUNCIL/Resources/Files/zta/2016/ZTA_16-07.pdf","18-16","https://www.montgomerycountymd.gov/COUNCIL/Resources/Files/zta/2016/20160920_18-16.pdf","Jeff Zyontz","Floreen",,"06/21/2016","08/02/2016","1:30 pm","PHED","09/12/2016",,,,,,,,"Adopted","09/20/2016",,,,
"16-08","Commercial/Residential ""T"" Zones - Workforce Housing","https://www.montgomerycountymd.gov//COUNCIL/Resources/Files/zta/2016/ZTA_16-08.pdf","18-17","https://www.montgomerycountymd.gov/COUNCIL/Resources/Files/zta/2016/20160927_18-17.pdf","Jeff Zyontz","Floreen",,"06/21/2016","08/02/2016","1:30 pm","PHED","09/12/2016",,,,,,,,"Adopted","09/27/2016",,"10/17/2016",,
"16-09","Commercial/Residential Zones - Location Signs","https://www.montgomerycountymd.gov//COUNCIL/Resources/Files/zta/2016/ZTA_16-09.pdf","18-18","https://www.montgomerycountymd.gov/COUNCIL/Resources/Files/zta/2016/20161108_18-18.pdf","Jeff Zyontz","Floreen",,"08/02/2016","09/20/2016","1:30 pm","PHED","10/24/2016",,,,,,,,"Adopted","11/08/2016",,"11/08/2016",,
"16-10","Transferable Development Rights Overlay Zone - Optional Method Standards","https://www.montgomerycountymd.gov//COUNCIL/Resources/Files/zta/2016/ZTA_16-10.pdf","18-21","https://www.montgomerycountymd.gov/COUNCIL/Resources/Files/zta/2016/20161129_18-21.pdf","Jeff Zyontz","Floreen",,"08/02/2016","09/20/2016","1:30 pm","PHED","11/21/2016",,,,,,,,"Adopted","11/29/2016",,"11/29/2016",,
"16-11","Rural and Residential Zones - Road Setback","https://www.montgomerycountymd.gov/COUNCIL/Resources/Files/zta/2016/ZTA_16-11.pdf",,,"Jeff Zyontz","PHED Committee",,"08/02/2016","09/13/2016","1:30 pm",,,,,,,,,,"Expired",,,,,
"16-12","Building Permits","https://www.montgomerycountymd.gov//COUNCIL/Resources/Files/zta/2016/ZTA_16-12.pdf","18-20","https://www.montgomerycountymd.gov/COUNCIL/Resources/Files/zta/2016/20161115_18-20.pdf","Jeff Zyontz","PHED Committee",,"08/02/2016","09/13/2016","1:30 pm","PHED","09/12/2016",,,,,,,,"Adopted as introduced","11/15/2016",,"02/13/2017",,
"16-13","Conditional Use - Screening","https://www.montgomerycountymd.gov//COUNCIL/Resources/Files/zta/2016/ZTA_16-13.pdf","18-15","https://www.montgomerycountymd.gov/COUNCIL/Resources/Files/zta/2016/20160920_18-15.pdf","Jeff Zyontz","CP at request of OZAH",,"08/02/2016","09/13/2016","1:30 pm","PHED","09/15/2016",,,,,,,,"Adopted","09/20/2016",,,,
"16-14","Special Exception - Amendments","https://www.montgomerycountymd.gov//COUNCIL/Resources/Files/zta/2016/ZTA_16-14.pdf","18-22","https://www.montgomerycountymd.gov/COUNCIL/Resources/Files/zta/2017/20170124_18-22.pdf","Jeff Zyontz","Floreen",,"08/02/2016","09/20/2016","1:30 pm","PHED","10/24/2016","12/12/2016",,,,,,,"Adopted","01/24/2017",,"02/13/2017",,
"16-15","Facility for Senior and Disabled - Standards","https://www.montgomerycountymd.gov//COUNCIL/Resources/Files/zta/2016/ZTA_16-15.pdf","18-24","https://www.montgomerycountymd.gov/COUNCIL/Resources/Files/zta/2017/20170207_18-24.pdf","Jeff Zyontz","CP at request of HOC",,"11/29/2016","01/17/2017","1:30 pm","PHED","01/30/2017",,,,,,,,"Adopted","02/07/2017",,"02/27/2017",,
"16-16","Conditional Use Decisions","https://www.montgomerycountymd.gov//COUNCIL/Resources/Files/zta/2016/ZTA_16-16.pdf","18-25","https://www.montgomerycountymd.gov/COUNCIL/Resources/Files/zta/2017/20170207_18-25.pdf","Jeff Zyontz","CP at request of OZAH",,"11/29/2016","01/17/2017","1:30 pm","PHED","01/30/2017",,,,,,,,"Adopted","02/07/2017",,"02/27/2017",,
"16-17","Height Encroachments - Townhouses","https://www.montgomerycountymd.gov/COUNCIL/Resources/Files/zta/2016/ZTA_16-17.pdf",,,"Jeff Zyontz","Elrich",,"11/29/2016","01/17/2017","1:30 pm",,,,,,,,,,"Expired",,,,,
"16-18","Sandy Spring/Ashton Rural Village Overlay Zone - Standards","https://www.montgomerycountymd.gov//COUNCIL/Resources/Files/zta/2016/ZTA_16-18.pdf","18-26","https://www.montgomerycountymd.gov/COUNCIL/Resources/Files/zta/2017/20170207_18-26.pdf","Jeff Zyontz","Navarro",,"11/29/2016","01/17/2017","1:30 pm","PHED","01/30/2017",,,,,,,,"Adopted as introduced","02/01/2017",,"02/27/2017",,
"16-19","Gross Floor Area - Mechanical Equipment","https://www.montgomerycountymd.gov//COUNCIL/Resources/Files/zta/2016/ZTA_16-19.pdf","18-27","https://www.montgomerycountymd.gov/COUNCIL/Resources/Files/zta/2017/20170207_18-27.pdf","Jeff Zyontz","Floreen, Rice",,"12/06/2016","01/17/2017","1:30 pm","PHED","01/30/2017",,,,,,,,"Adopted as introduced","02/07/2017",,"02/27/2017",,
"16-20","Overlay Zone - Bethesda","https://www.montgomerycountymd.gov//COUNCIL/Resources/Files/zta/2016/ZTA_16-20.pdf","18-28","https://www.montgomerycountymd.gov/COUNCIL/Resources/Files/zta/2017/20170718_18-28.pdf","Jeff Zyontz","Council President at request of Planning Board",,"12/06/2016","01/31/2017","7:30 pm","PHED","06/19/2017","06/26/2017",,,,,,,"Adopted","07/18/2017",,"08/07/2017",,
"16-21","Exemptions - Public Historic Buildings","https://www.montgomerycountymd.gov//COUNCIL/Resources/Files/zta/2016/ZTA_16-21.pdf","16-23","https://www.montgomerycountymd.gov/COUNCIL/Resources/Files/zta/2017/20170131_18-23.pdf","Jeff Zyontz","CP at request of CE",,"12/13/2016","01/17/2017","1:30 pm","PHED","01/17/2017",,,,,,,,"Adopted","01/31/2017",,"02/20/2017",,
"17-01","ZTA Number Not Used",,,,,,,,,,,,,,,,,,,,,,,,
"17-02","Overlay Zone - Regional Shopping Center","https://www.montgomerycountymd.gov//COUNCIL/Resources/Files/zta/2017/ZTA_17-02.pdf","18-33","https://www.montgomerycountymd.gov/COUNCIL/Resources/Files/zta/2017/20171114_18-33.pdf","Jeff Zyontz","CP at request of PB",,"05/16/2017","06/20/2017","7:30 pm","PHED","07/10/2017",,,,,,,,"Adopted","11/14/2017",,"12/04/2017",,
"17-03","Accessory Residential Uses - Short-Term Rental","https://www.montgomerycountymd.gov//COUNCIL/Resources/Files/zta/2017/ZTA_17-03.pdf","18-30","https://www.montgomerycountymd.gov/COUNCIL/Resources/Files/zta/2017/20171010_18-30.pdf","Jeff Zyontz","CP at the request of the Planning Board",,"06/13/2017","09/12/2017","7:30 pm","PHED","09/18/2017","09/25/2017",,,,,,,"Adopted","10/10/2017",,"07/01/2018",,
"17-04","Country Inn - Standards","https://www.montgomerycountymd.gov//COUNCIL/Resources/Files/zta/2017/ZTA_17-04.pdf","18-32","https://www.montgomerycountymd.gov/COUNCIL/Resources/Files/zta/2017/20171031_18-32.pdf","Jeff Zyontz","Elrich, Hucker, Berliner, Katz, Rice, Leventhal, Riemer",,"06/27/2017","09/12/2017","1:30 pm","PHED","10/16/2017",,,,,,,,"Adopted","10/31/2017",,"11/20/2017",,
"17-05","Ripley/Silver Spring South Overlay Zone - Standards","https://www.montgomerycountymd.gov//COUNCIL/Resources/Files/zta/2017/ZTA_17-05.pdf","18-29","https://www.montgomerycountymd.gov/COUNCIL/Resources/Files/zta/2017/20171010_18-29.pdf","Jeff Zyontz","Hucker",,"07/18/2017","09/19/2017",,"PHED","09/25/2017",,,,,,,,"Adopted","10/10/2017",,"10/30/2017",,
"17-06","Agricultural Zone - Transfer of Development Rights Requirements","https://www.montgomerycountymd.gov//COUNCIL/Resources/Files/zta/2017/ZTA_17-06.pdf","18-39","https://www.montgomerycountymd.gov/COUNCIL/Resources/Files/zta/2017/20170130_18-39.pdf","Jeff Zyontz","Floreen",,"07/25/2017","09/12/2017","1:30 pm","PHED","11/27/2017",,,,,,,,"Adopted","01/23/2018",,"02/12/2018",,
"17-07","Light Manufacturing and Production - Brewing and Distilling","https://www.montgomerycountymd.gov//COUNCIL/Resources/Files/zta/2017/ZTA_17-07.pdf","18-35","https://www.montgomerycountymd.gov/COUNCIL/Resources/Files/zta/2017/20171212_18-35.pdf","Jeff Zyontz","Riemer, Leventhal, Hucker, Katz, Rice, Navarro, Berliner",,"09/26/2017","11/07/2017","1:30","PHED","11/27/2017",,,,,,,,"Adopted as amended","12/12/2017",,"01/01/2018",,
"17-08","Bed and Breakfast - Historic Buildings","https://www.montgomerycountymd.gov//COUNCIL/Resources/Files/zta/2017/ZTA_17-08.pdf","18-36","https://www.montgomerycountymd.gov/COUNCIL/Resources/Files/zta/2017/20171212_18-36.pdf","Jeff Zyontz","Floreen, Leventhal, Riemer",,"10/10/2017","11/14/2017","1:30 pm","PHED","11/27/2017",,,,,,,,"Adopted as introduced","12/12/2017",,"01/01/2018",,
"17-09","ZTA Number Not Used",,,,,,,,,,,,,,,,,,,,,,,,
"17-10","White Flint 2-Parklawn - Overlay Zone","https://www.montgomerycountymd.gov//COUNCIL/Resources/Files/zta/2017/ZTA_17-10.pdf","18-41","https://www.montgomerycountymd.gov/COUNCIL/Resources/Files/zta/2018/20180206_18-41.pdf","Jeff Zyontz","CP at request of PB",,"10/10/2017","11/14/2017","1:30 pm","PHED","11/27/2017","12/04/2017","01/29/0018",,,,,,"Adopted as amended","02/06/2018",,"02/26/2018",,
"17-11","Antennas on Existing Structures","https://www.montgomerycountymd.gov//COUNCIL/Resources/Files/zta/2017/ZTA_17-11.pdf","18-34","https://www.montgomerycountymd.gov/COUNCIL/Resources/Files/zta/2017/20171205_18-34.pdf","Jeff Zyontz","Floreen",,"10/10/2017","11/14/2017","1:30 pm","PHED","11/27/2017",,,,,,,,"Adopted","12/05/2017",,"12/25/2017",,
"17-12","Definitions - Rear Building Line","https://www.montgomerycountymd.gov//COUNCIL/Resources/Files/zta/2017/ZTA_17-12.pdf","18-38","https://www.montgomerycountymd.gov/COUNCIL/Resources/Files/zta/2017/20170116_18-38.pdf","Jeff Zyontz","Leventhal",,"10/17/2017","11/28/2017","1:30 pm","PHED","12/04/2017",,,,,,,,"Adopted as introduced",,,"02/05/2018",,
"17-13","Exemptions - Public Taking","https://www.montgomerycountymd.gov//COUNCIL/Resources/Files/zta/2017/ZTA_17-13.pdf","18-40","https://www.montgomerycountymd.gov/COUNCIL/Resources/Files/zta/2017/20170206_18-40.pdf","Jeff Zyontz","Floreen",,"10/31/2017","12/05/2017","1:30","PHED","12/11/2017","01/29/2018",,,,,,,"Adopted as amended",,,"02/26/2018",,
"17-14","Walls and Fences - Setback Exemption","https://www.montgomerycountymd.gov/COUNCIL/Resources/Files/zta/2017/ZTA_17-14.pdf","18-37","https://www.montgomerycountymd.gov/COUNCIL/Resources/Files/zta/2017/20170116_18-37.pdf","Jeff Zyontz","Leventhal",,"10/31/2017","12/05/2017","1:30","PHED","12/11/2017",,,,,,,,"Adopted as introduced",,,"02/05/2018",,
"18-01","Solar Collection System - Standards","https://www.montgomerycountymd.gov/COUNCIL/Resources/Files/zta/2018/ZTA_18-01.pdf","18-43","https://www.montgomerycountymd.gov/COUNCIL/Resources/Files/zta/2018/20180206_18-42.pdf","Jeff Zyontz","Hucker, Leventhal, Elrich, Berliner, Katz, Navarro, Riemer, Rice",,"02/13/2018","04/03/2018","1:30","PHED","04/30/2018",,,,,,,,"Adopted as introduced",,,"06/04/2018",,
"18-02","Telecommunications Towers - Limited Use","https://www.montgomerycountymd.gov/COUNCIL/Resources/Files/zta/2018/ZTA_18-02.pdf","18-44","https://www.montgomerycountymd.gov/COUNCIL/Resources/Files/zta/2018/20180524_18-46.pdf","Jeff Zyontz","CP at request of Executive",,"02/13/2018","04/03/2018","7:30","PHED","05/03/2018",,,,,,,,"Adopted","05/15/2018",,"06/04/2018",,
"18-03","Farm Alcohol Production - Standards","https://www.montgomerycountymd.gov/COUNCIL/Resources/Files/zta/2018/ZTA_18-03.pdf","18-51","https://www.montgomerycountymd.gov/COUNCIL/Resources/Files/zta/2018/20181002_18-51.pdf","Jeff Zyontz","CP Riemer, Rice, Leventhal, Katz, Floreen",,"04/10/2018","05/15/2018","1:30","PHED","07/09/2018","07/23/2018",,,,,,,"Adopted","10/02/2018",,"10/22/2018",,
"18-04","Exemptions - Agricultural Zone","https://www.montgomerycountymd.gov/COUNCIL/Resources/Files/zta/2018/ZTA_18-04.pdf","18-47","https://www.montgomerycountymd.gov/COUNCIL/Resources/Files/zta/2018/20180717_18-47.pdf","Jeff Zyontz","CP Riemer at the request of the County Executive",,"04/10/2018","05/15/2018","1:30","PHED","07/09/2018",,,,,,,,"Adopted","07/17/2018",,"08/06/2018",,
"18-05","Uses, Use Standards, and Regulatory Approvals - Signature Business Headquarters","https://www.montgomerycountymd.gov/COUNCIL/Resources/Files/zta/2018/ZTA_18-05.pdf","18-45","https://www.montgomerycountymd.gov/COUNCIL/Resources/Files/zta/2018/20180524_18-45.pdf","Marlene Michaelson","District Council at the request of the County Executive",,"04/10/2018","05/15/2018","7:00","PHED","05/17/2018",,,,,,,,"Adopted","05/24/2018",,"06/13/2018",,"Council 5/22/18"
"18-06","MPDU- Bonus Density","https://www.montgomerycountymd.gov/COUNCIL/Resources/Files/zta/2018/ZTA_18-06.pdf","18-52","https://www.montgomerycountymd.gov/COUNCIL/Resources/Files/zta/2018/20181009_18-52.pdf","Jeff Zyontz","Floreen",,"06/19/2018","07/24/2018","1:30","PHED","09/20/2018","09/24/2018",,,,,,,"Adopted","10/09/2018",,"10/29/2018",,
"18-07","Accessory Residential Uses - Accessory Apartments","https://www.montgomerycountymd.gov/COUNCIL/Resources/Files/zta/2018/ZTA_18-07.pdf","18-53","https://www.montgomerycountymd.gov/COUNCIL/Resources/Files/zta/2018/20181009_18-53.pdf","Jeff Zyontz","Floreen, Leventhal, Riemer, Berliner",,"07/17/2018","09/11/2018","1:30","PHED","09/24/2018",,,,,,,,"Adopted","10/09/2018",,"10/29/2018",,
"18-08","Site Plan Amendment - Solar Collection Systems","https://www.montgomerycountymd.gov/COUNCIL/Resources/Files/zta/2018/ZTA_18-08.pdf","18-08","https://www.montgomerycountymd.gov/COUNCIL/Resources/Files/zta/2018/20181002_18-48.pdf","Jeff Zyontz","Hucker",,"07/17/2018","09/11/2018","1:30","PHED","09/13/2018",,,,,,,,"Adopted as introduced","10/02/2018",,"10/22/2018",,
"18-09","Landscape Contractors - Rural Cluster Zone","https://www.montgomerycountymd.gov/COUNCIL/Resources/Files/zta/2018/ZTA_18-09.pdf","18-49","https://www.montgomerycountymd.gov/COUNCIL/Resources/Files/zta/2018/20181002_18-49.pdf","Jeff Zyontz","Hucker, Floreen",,"07/17/2018","09/11/2018","1:30","PHED","09/13/2018",,,,,,,,"Adopted as introduced","10/02/2018",,"10/22/2018",,
"18-10","Townhouse Living - Accessibility Tax Credit","https://www.montgomerycountymd.gov/COUNCIL/Resources/Files/zta/2018/ZTA_18-10.pdf","18-50","https://www.montgomerycountymd.gov/COUNCIL/Resources/Files/zta/2018/20181002_18-50.pdf","Jeff Zyontz","Rice",,"07/24/2018","09/18/2018","1:30","PHED","09/20/2018",,,,,,,,"Adopted as introduced","10/02/2018",,"10/22/2018",,
"18-11","Telecommunications Towers - Limited Use","https://www.montgomerycountymd.gov/COUNCIL/Resources/Files/zta/2018/ZTA_18-11.pdf",,,"Jeff Zyontz","CP at request of CE",,"07/24/2018","09/11/2018","7:30",,,,,,,,,,"Expired",,,,,
"18-12","Setback Exemptions - Fences","https://www.montgomerycountymd.gov//COUNCIL/Resources/Files/zta/2018/ZTA_18-12.pdf","19-01","https://www.montgomerycountymd.gov/COUNCIL/Resources/Files/zta/2019/20190205_19-01.pdf","Jeff Zyontz","Riemer",,"12/11/2018","01/15/2019","1:30","PHED","01/28/2019",,,,,,,,"Adopted as introduced","02/05/2019",,"02/25/2019",,
"18-13","Regional Shopping Center Overlay Zone - Standards","https://www.montgomerycountymd.gov//COUNCIL/Resources/Files/zta/2018/ZTA_18-13.pdf","19-02","https://www.montgomerycountymd.gov/COUNCIL/Resources/Files/zta/2019/20190205_19-02.pdf","Jeff Zyontz","Riemer",,"12/11/2018","01/15/2019","1:30","PHED","01/28/2019",,,,,,,,"Adopted as introduced","02/05/2019",,"02/25/2019",,
"18-14","Farm Alcohol Production - Residential Zones","https://www.montgomerycountymd.gov//COUNCIL/Resources/Files/zta/2018/ZTA_18-14.pdf","19-03","https://www.montgomerycountymd.gov/COUNCIL/Resources/Files/zta/2019/20190212_19-03.pdf","Jeff Zyontz","Riemer, Rice",,"12/11/2018","01/15/2019","1:30","PHED","02/05/2019",,,,,,,,"Adopted","02/12/2019",,"03/04/2019",,
"19-01","Accessory Residential Uses - Accessory Apartments","https://www.montgomerycountymd.gov/COUNCIL/Resources/Files/zta/2019/ZTA_19-01.pdf","19-06","https://www.montgomerycountymd.gov/COUNCIL/Resources/Files/zta/2019/20190723_19-06.pdf","Jeff Zyontz","Riemer",,"01/15/2019","02/26/2019","7:30","PHED","03/18/2019","03/25/2019","04/04/2019","06/18/0019","07/09/0019",,,,"Adopted as amended","07/23/2019",,"12/31/2019",,
"19-02","Clinics - Limited Use","https://www.montgomerycountymd.gov/COUNCIL/Resources/Files/zta/2019/ZTA_19-02.pdf","19-04","https://www.montgomerycountymd.gov/COUNCIL/Resources/Files/zta/2019/20190312_19-04.pdf","Jeff Zyontz","Navarro, Rice",,"01/15/2019","02/26/2019","1:30","PHED","03/04/2019",,,,,,,,"Adopted as amended","03/12/2019",,"03/12/2019",,
"19-03","Commercial/Residential Zones - Animal Boarding and Care","https://www.montgomerycountymd.gov/COUNCIL/Resources/Files/zta/2019/ZTA_19-03.pdf","19-05","https://www.montgomerycountymd.gov/COUNCIL/Resources/Files/zta/2019/20190408_19-05.pdf","Jeff Zyontz","CP at request of CE",,"02/05/2019","03/19/2019","1:30","PHED","04/01/2019",,,,,,,,"Adopted","04/08/2019",,"04/08/2019",,
"19-04","Animal Boarding and Care ? Residential Zones","https://www.montgomerycountymd.gov/COUNCIL/Resources/Files/zta/2019/ZTA_19-04.pdf",,,"Jeff Zyontz","Navarro, Katz",,"05/14/2019","06/18/2019","1:30",,,,,,,,,,,,,,,
"19-05","Industrial Zones � Landscape Contractors","https://www.montgomerycountymd.gov/COUNCIL/Resources/Files/zta/2019/ZTA_19-05.pdf","19-07","https://www.montgomerycountymd.gov/COUNCIL/Resources/Files/zta/2019/20190723_19-07.pdf","Jeff Zyontz","Hucker, Katz, Jawando, Navarro",,"05/23/2019","06/25/2019","1:30","PHED","07/15/2019",,,,,,,,"Adopted as amended","07/23/2019",,"07/23/2019",,
"19-06","Vape Shops",,"19-10",,"Amanda Mihill","Albornoz, Rice, Jawando, Navarro, Hucker, Riemer, Friedson, Katz, Glass",,"09/17/2019","11/05/2019","7:30","PHED","03/04/2020",,,,,,,,"Adopted as amended","03/31/2020",,"06/29/2020",,
"19-07","Telecommunications Towers � Limited Use","https://www.montgomerycountymd.gov/COUNCIL/Resources/Files/zta/2019/ZTA_19-07.pdf","19-17",,"Livhu Ndou","Riemer, Albornoz, Rice",,"10/01/2019","11/19/2019","7:30","PHED","03/10/2021","06/19/2021","07/13/0021","07/20/0021",,,,,,"07/27/2021",,"08/16/2021",,
"19-08","Bicycle Parking- Requirements & Design Standards","https://www.montgomerycountymd.gov/COUNCIL/Resources/Files/zta/2019/ZTA_19-08.pdf","19-11",,"Jeff Zyontz","Council President Navarro at the Request of Planning Board",,"10/22/2019","12/03/2019","1:30","PHED","07/13/2020",,,,,,,,"Adopted as amended","07/21/2020",,"08/10/2020",,
"19-09","Prohibited Roof Signs - Exemptions","https://www.montgomerycountymd.gov/COUNCIL/Resources/Files/zta/2019/ZTA_19-09.pdf","19-09","https://www.montgomerycountymd.gov/COUNCIL/Resources/Files/zta/2020/20200204_19-09.pdf","Jeff Zyontz","Friedson",,"11/26/2019","01/14/2020","1:30","PHED","01/23/2020",,,,,,,,"Adopted as introduced with technical correction","02/04/2020",,"02/04/2020",,
"20-01","Solar Collection System � AR Zone Standards","https://www.montgomerycountymd.gov/COUNCIL/Resources/Files/zta/2020/ZTA_20-01.pdf","19-14",,"Jeff Zyontz","Riemer, Hucker, Rice",,"01/21/2020","03/03/2020","1:30","PHED","01/14/2021","01/26/2021",,,,,,,"Adopted","02/23/2021",,"03/15/2021",,
"20-02","Accessory Structures - Standards","https://www.montgomerycountymd.gov/COUNCIL/Resources/Files/zta/2020/ZTA_20-02.pdf",,,,"Friedson, Jawando",,"01/28/2020","03/03/2020","1:30","PHED",,,,,,,,,,,,,,
"20-03","Townhouse Living - Conditional Use Standards",,,,"Livhu Ndou","Riemer",,"09/29/2020","11/10/2020","1:30","PHED",,,,,,,,,,,,,,"Waiting on stakeholders to coordinate review of the ZTA"
"20-04","Farming Defined � Accessory Mulching and Composting",,"19-13","https://www.montgomerycountymd.gov/COUNCIL/Resources/Files/zta/2021/20210209_19-13.pdf","Livhu Ndou","Glass, Friedson, Navarro, Rice, Riemer, Albornoz, Jawando, Katz, Hucker",,"10/27/2020","12/01/2020","1:30","PHED","01/25/2021",,,,,,,,"Adopted","02/09/2021",,"02/09/2021",,
"20-05","Commercial/Residential Zones � Additional Height",,,,"Livhu Ndou","Hucker, Riemer",,"11/10/2020","01/19/2021","1:30","PHED","11/01/2021","11/09/2021",,,,,,,,,,,,"Waiting for additional Planning analysis � schedule meeting with Ben Berbert, Lisa Govoni, Jason Sartori, and Elza Hisel-McCoy"
"20-06","Surface Parking � Residential Zones",,"19-15","https://www.montgomerycountymd.gov/COUNCIL/Resources/Files/zta/2020/20210316_19-15.pdf","Livhu Ndou","Hucker, Riemer, Friedson",,"11/10/2020","01/19/2021","1:30","PHED","03/10/2021",,,,,,,,"Adopted as amended","03/16/2021",,"03/16/2021",,
"20-07","R-60 Zone � Use and Standards",,,,"Livhu Ndou","Jawando",,"12/08/2020","02/11/2021","1:30","PHED",,,,,,,,,,,,,,"Hans put out an alternative and request to move forward after Thrive 2050"
"20-08","Residential Care Facility ? Continuing Care Retirement Community",,"19-16","https://www.montgomerycountymd.gov/COUNCIL/Resources/Files/zta/2020/20210511_19-16.pdf","Livhu Ndou","Council President at Request of the Planning Board",,"12/08/2020","01/19/2021","1:30","PHED","04/05/2021","05/11/2021",,,,,,,"Adopted as amended","05/11/2021",,"05/31/2021",,
"21-01","Sign Ordinance - Bus Shelter Advertising",,"19-19","https://www.montgomerycountymd.gov/COUNCIL/Resources/Files/zta/2021/20210727_19-19.pdf","Livhu Ndou","Council President at the request of the County Executive",,"03/02/2021","04/06/2021","1:30","PHED","06/23/2021","07/20/2021",,,,,,,"Adopted as amended","07/27/2021",,"07/27/2021",,
"21-02","Independent Living",,"19-20","https://www.montgomerycountymd.gov/COUNCIL/Resources/Files/zta/2021/20210921_19-20.pdf","Livhu Ndou","Friedson, Katz, Hucker",,"06/15/2021","07/20/2021","1:30","PHED","07/28/2021","09/21/2021",,,,,,,"Adopted as amended","09/21/2021",,"10/11/2021",,
"21-03","Charity Kitchen",,"19-21","https://www.montgomerycountymd.gov/COUNCIL/Resources/Files/zta/2021/20210921_19-21.pdf","Livhu Ndou","Friedson",,"06/15/2021","07/20/2021","1:30","PHED","07/28/2021","09/21/2021",,,,,,,"Adopted as amended","09/21/2021",,"10/11/2021",,
"21-04","Germantown Churchill Village Overlay Zone",,"19-23","https://www.montgomerycountymd.gov/COUNCIL/Resources/Files/zta/2021/20211019_19-23.pdf","Livhu Ndou","Council President at Request of the Planning Board",,"07/20/2021","09/14/2021","1:30","PHED","09/27/2021","10/19/2021",,,,,,,"Adopted","10/19/2021",,"11/09/2021",,
"21-05","RVC Overlay - Auto Repair",,"19-24","https://www.montgomerycountymd.gov/COUNCIL/Resources/Files/zta/2021/20211102_19-24.pdf","Livhu Ndou","Glass",,"07/27/2021","09/14/2021","1:30","PHED","10/25/2021","11/09/2021",,,,,,,"Adopted as amended","11/09/2021",,"11/09/2021",,
"21-06","Histoir Resources Density Transfer",,"19-25","https://www.montgomerycountymd.gov/COUNCIL/Resources/Files/zta/2022/20220118_19-25.pdf","Livhu Ndou","Council President at Request of the Planning Board",,"09/28/2021","11/02/2021","1:30","PHED","12/13/2021","01/18/2022",,,,,,,"Adopted as amended","01/18/2022",,"02/09/2022",,
"21-07","MPDU Density and Height",,"19-26","https://www.montgomerycountymd.gov/COUNCIL/Resources/Files/zta/2022/20220118_19-26.pdf","Livhu Ndou","Hucker, Riemer",,"10/05/2021","11/09/2021","1:30","PHED","12/13/2021","01/18/2022",,,,,,,"Adopted as amended","01/18/2022",,"02/09/2022",,
"21-08","Landscape Contractors",,,,"Livhu Ndou","Hucker",,"10/19/2021","11/30/2021","1:30","PHED",,,,,,,,,,,,,,"Withdrawn"
"21-09","Biotech",,"19-27","https://www.montgomerycountymd.gov/COUNCIL/Resources/Files/zta/2022/20220215_19-27.pdf","Livhu Ndou","Friedson",,"10/19/2021","11/30/2021","1:30","PHED","01/31/2022","02/15/2022",,,,,,,"Adopted as amended","02/25/2022",,"03/07/2022",,
"21-10","Accessory Structures",,"19-29","https://www.montgomerycountymd.gov/COUNCIL/Resources/Files/zta/2022/20220308_19-29.pdf","Livhu Ndou","Jawando, Friedson, DPS",,"11/16/2021","01/18/2022","1:30","PHED","02/07/2022","03/08/2022",,,,,,,"Adopted","03/08/2022",,"03/28/2022",,
"21-11","Sandy Spring Ashton Rural Village Overlay Zone",,"19-30","https://www.montgomerycountymd.gov/COUNCIL/Resources/Files/zta/2022/20220308_19-30.pdf","Livhu Ndou","Council President at Request of the Planning Board",,"12/14/2021","01/18/2022","1:30","PHED","02/07/2022","03/08/2022",,,,,,,"Adopted","03/08/2022",,"03/28/2022",,
"22-01","Antenna on Existing Structures",,,,,"Riemer",,"02/15/2022","07/12/2022",,,,,,,,,,,,,,,,"Hans would like to postpone PH to July"
"22-02","Density, Height, Parking for Biohealth",,,,,"Friendson",,"03/15/2022","05/10/2022",,,,,,,,,,,,,,,,
