Dag;Van tot datum;Tijden Van;Tijden tot;Weeknummer;Evenement;locatie
vrijdag;08-01-2016;18:00;23:00;01;Nieuwjaarsfeest DAS;Euclideslaan
zondag;10-01-2016;12:00;18:00;01;Culturele Zondag: Nieuwjaarsduik;Korte Minrebroederstraat
dinsdag;12-01-2016;22:30;23:30;02;Fakkeltocht Unitas S.R. opening lustrum;Korte Minrebroederstraat
dinsdag;12-01-2016;22:30;23:30;02;Fakkeltocht Unitas S.R. opening lustrum;Domstraat
dinsdag;12-01-2016;22:30;23:30;02;Fakkeltocht Unitas S.R. opening lustrum;Domplein
dinsdag;12-01-2016;22:30;23:30;02;Fakkeltocht Unitas S.R. opening lustrum;Trans
dinsdag;12-01-2016;22:30;23:30;02;Fakkeltocht Unitas S.R. opening lustrum;Achter de Dom
dinsdag;12-01-2016;22:30;23:30;02;Fakkeltocht Unitas S.R. opening lustrum;Voetiusstraat
dinsdag;12-01-2016;22:30;23:30;02;Fakkeltocht Unitas S.R. opening lustrum;Pieterstraat
dinsdag;12-01-2016;22:30;23:30;02;Fakkeltocht Unitas S.R. opening lustrum;Muntstraat
dinsdag;12-01-2016;22:30;23:30;02;Fakkeltocht Unitas S.R. opening lustrum;Nobelstraat
dinsdag;12-01-2016;22:30;23:30;02;Fakkeltocht Unitas S.R. opening lustrum;Lucasbolwerk
zondag;17-01-2016;16:30;21:30;02;Glow in the Park;Noorderpark
zondag;17-01-2016;;;02;Hellas7loop;Atletiekbaan Maarschalkerweerd
vrijdag;22-01-2016;17:00;20:30;03;Winter lichtjes optocht;Gangesdreef
zaterdag;30-01-2016;14:00;23:00;04;Sneeuwbal festival;Park Transwijk
zaterdag;06-02-2016;10:00;15:00;05;Carnavalsfestijn 2016;Oudegracht
zaterdag;13-02-2016;14:00;01:00;06;Soenda Indoor Festival;Westkanaaldijk 7
maandag;15-02-2016 t/m 16-02-2016;08:00;14:30;07;ANWB Streetwise, Hallo Auto;Gessel
zondag;21-02-2016;;;07;Hellas7loop;Atletiekbaan Maarschalkerweerd
donderdag;25-02-2016;09:00;23:00;08;Hacking Habitat;Wolvenplein
zaterdag;27-02-2016;21:00;06:00;08;A State Of Trance Festival Utrecht;Jaarbeurs 
zondag;06-03-2016;11:00;18:00;09;De Streekmarkt;Korte Minrebroederstraat
zaterdag;19-03-2016 t/m 28-03-2016;12:00;23:00;11;Kermis griftpark;Griftpark
dinsdag;15-03-2015;13:00;00:00;11;Filmopnamen De Maatschap;Moreelsepark
dinsdag;15-03-2015;13:00;00:00;11;Filmopnamen De Maatschap;Mariaplaats
vrijdag;18-03-2016;12:00;15:15;11;Sponsorloop Jenaplan Wittevrouwen;Bladstraat
zondag;20-03-2016;08:00;18:00;11;Utrecht Science Park Marathon;Cambridgelaan
donderdag;24-03-2016 t/m 28-03-2016;12:00;01:00;12;Schaft! Foodfestival;Tractieweg
zaterdag;26-03-2016;11:00;18:00;12;Braderie WKC Plantage;Plantage
zaterdag;26-03-2016 t/m 28-03-2016;12:00;17:00;12;Vier Pasen op het Castellum;Hoge Woerd
zaterdag;26-03-2016;15:30;18:00;12;Zwemloop Het Lint;t Lint
zondag;27-03-2016;09:00;18:00;12;Braderie Vasco da Gamalaan;Vasco da Gamalaan
zondag;03-04-2016;12:00;19:00;13;Culturele Zondag Science in the City;Domplein
vrijdag;01-04-2016 t/m 17-04-2016;10:00;02:00;13;Tweetakt;Neude
maandag;28-03-2016;09:00;17:00;13;Kasteelloop halve van de haar;Brink
maandag;28-03-2016;11:00;16:00;13;Albert Heijn Boeren Lentefeesten;Jenalaan
woensdag;30-03-2016;10:00;10:45;13;Meet the Professor;Domplein
vrijdag;01-04-2016 t/m 03-04-2016;14:00;01:00;13;Lentebock Festival;Tolsteegbarrière
zondag;03-04-2016 t/m 05-06-2016;10:00;18:00;13;Me And My Family;Domplein
zaterdag;02-04-2016;10:00;18:00;13;Le Bazarre bij Molen de Ster;Molenerf de Ster
zondag;03-04-2016;11:00;18:00;13;De Streekmarkt;Korte Minrebroederstraat
zondag;03-04-2016;12:30;16:00;13;SVU inline-skatetocht;Meerndijk
zondag;03-04-2016;12:30;16:00;13;SVU inline-skatetocht;Castellumlaan
zondag;03-04-2016;12:30;16:00;13;SVU inline-skatetocht;t Lint
zondag;03-04-2016;12:30;16:00;13;SVU inline-skatetocht;Thematerweg
zondag;03-04-2016;12:30;16:00;13;SVU inline-skatetocht;Bochtdijk
zondag;03-04-2016;12:30;16:00;13;SVU inline-skatetocht;Rijndijk
zaterdag;09-04-2016;09:00;18:00;14;Braderie Marco Pololaan;Marco Pololaan
zaterdag;09-04-2016 t/m 10-04-2016;09:00;00:00;14;Frozen Cherries;Sportpark Vechtzoom
zaterdag;09-04-2016;09:00;23:30;14;Grachtenrace RonDom;Veilinghaven
zaterdag;09-04-2016;09:00;23:30;14;Grachtenrace RonDom;Kromme Rijn
zaterdag;09-04-2016;09:00;23:30;14;Grachtenrace RonDom;Rhijnauwen
zaterdag;09-04-2016;10:00;14:00;14;Rommelmarkt Scouting Hoograven;Verlengde Hoogravenseweg
zondag;10-04-2016;13:00;18:00;14;Swan Market;Vredenburg
maandag;11-04-2016 t/m 12-04-2016;09:00;15:00;15;Shell VVN Verkeerspleinen;Meerndijk
zaterdag;16-04-2016;21:30;02:00;15;Tentfeest IDUNA De Meern;Meerndijk
donderdag;14-04-2016;10:00;20:00;15;Platen en CD Beurs;Vredenburg
zaterdag;16-04-2016;21:00;23:30;15;Linie in Lichterlaaie 2016;Houtensepad
zaterdag;16-04-2016 t/m 17-04-2016;13:00;21:00;15;Ouderdagen C.S. Veritas;Kromme Nieuwegracht
zondag;17-04-2016;10:00;17:00;15;Braderie Tiberdreef;Tiberdreef
zondag;17-04-2016;07:00;17:00;15;Rommelmarkt Verdomhoekje;J.J.A. Goeverneurstraat
zaterdag;23-04-2016 t/m 24-04-2016;10:00;01:00;16;Elfia;Kasteel de Haar
zondag;17-04-2016;;;16;Hellas7loop;Atletiekbaan Maarschalkerweerd
dinsdag;19-04-2016;19:30;21:30;16;Zomeravondcup 2016;Atletiekbaan Maarschalkerweerd
donderdag;21-04-2016;06:00;21:00;16;Filmopnamen RTL 4;Ledig Erf
donderdag;21-04-2016;06:00;21:00;16;Filmopnamen RTL 4;Oosterkade 
donderdag;21-04-2016;06:00;21:00;16;Filmopnamen RTL 4;Uithof
donderdag;21-04-2016;06:00;21:00;16;Filmopnamen RTL 4;Janskerkhof
donderdag;21-04-2016;06:00;21:00;16;Filmopnamen RTL 4;Lange Viestraat
zaterdag;23-04-2016;06:00;18:00;16;Rivierenwijkfeest 2016;Merwedekade 
zaterdag;23-04-2016;10:00;16:00;16;Wijkfeest Rivierenwijk;Dommelstraat
zondag;24-04-2016;09:00;13:00;16;Máximapark Seizoenslopen;Maximapark
zondag;24-04-2016;08:00;14:00;16;Orientatieloop Utrecht;Lepelenburg
zondag;24-04-2016;11:00;17:00;16;Platen en CD Beurs;Janskerkhof
dinsdag;26-04-2016 t/m 27-04-2016;18:00;01:00;17;Evenementenplein Neude;Neude
woensdag;27-04-2016;12:00;22:00;17;Kingshouse;Jaarbeurs
dinsdag;26-04-2016 t/m 27-04-2016;19:00;01:00;17;Evenementenplein Domplein;Domplein
dinsdag;26-04-2016 t/m 27-04-2016;12:00;01:00;17;Evenementenplein Janskerkhof;Janskerkhof
dinsdag;26-04-2016 t/m 27-04-2016;10:00;01:00;17;Evenementenplein Kingsmarket;Tolsteegbarrière
dinsdag;26-04-2016 t/m 27-04-2016;12:00;01:00;17;Evenementenplein Korte Minrebroederstraat;Korte Minrebroederstraat
dinsdag;26-04-2016 t/m 27-04-2016;12:00;01:00;17;Evenementenplein Stadhuisplein;Korte Minrebroederstraat
dinsdag;26-04-2016 t/m 27-04-2016;12:00;01:00;17;Beatrix;Janskerkhof
dinsdag;26-04-2016;18:00;01:00;17;DutchKings Night;Vredenburg
dinsdag;26-04-2016 t/m 27-04-2016;18:00;00:00;17;Evenementenplein Breedstraat;Breedstraat
dinsdag;26-04-2016 t/m 27-04-2016;13:00;01:00;17;Evenementenplein Koningsdag 2016 Ouwe Dikke Dries Waterstraat;Waterstraat
dinsdag;26-04-2016 t/m 27-04-2016;12:00;01:00;17;Evenementenplein Lucasbolwerk;Lucasbolwerk
dinsdag;26-04-2016 t/m 27-04-2016;11:00;01:00;17;Evenementenplein Mariaplaats;Mariaplaats
dinsdag;26-04-2016 t/m 27-04-2016;12:00;01:00;17;Evenementenplein Oudkerkhof Nieuwe Dikke Dries;Oudkerkhof
dinsdag;26-04-2016 t/m 27-04-2016;13:00;01:00;17;Evenementenplein Rozenstraat;Rozenstraat 
dinsdag;26-04-2016 t/m 27-04-2016;11:00;01:00;17;K-Night;Jacobskerkhof
woensdag;27-04-2016;08:00;18:00;17;Koningsdag Julianapark;Julianapark
woensdag;27-04-2016;05:00;20:00;17;Koningsdag Vleuten;Dorpsplein
dinsdag;26-04-2016 t/m 27-04-2016;16:00;01:00;17;Koningsdag WWG;Van Asch van Wijcksplein
woensdag;27-04-2016;09:00;16:00;17;Kindervrijmarkt Nicolaaskerkhof;Nicolaaskerkhof
woensdag;27-04-2016;20:00;23:00;17;Koningsdag 2016 Hoograven;Tolsteegplantsoen
woensdag;27-04-2016;12:00;19:00;17;Koningsdag Café De Binnenstad;Voor Clarenburg
woensdag;27-04-2016;08:00;19:00;17;Koningsdag De Meern;Castellumlaan
woensdag;27-04-2016;09:00;18:00;17;Koningsdag Oog in Al;Händelstraat 
woensdag;27-04-2016;10:00;18:00;17;Koningsdag Rijnsweerd;Jan Muschlaan
woensdag;27-04-2016;12:00;18:00;17;Koningsdag 't Zand ;Aldo van Eijckplantsoen
woensdag;27-04-2016;10:00;18:00;17;Koningsdag Tuindorp 2016;Willem de Zwijgerplantsoen
woensdag;27-04-2016;09:00;13:00;17;Koningsdag Vleuterweide;WKC Vleuterweide
woensdag;27-04-2016;10:00;17:00;17;Koningsdagmarkt Lombok;Kanaalstraat
woensdag;27-04-2016;10:00;17:00;17;Koningsdagmarkt Lombok;Damstraat
woensdag;27-04-2016;10:00;17:00;17;Koningsdagmarkt Lombok;Moskeeplein
woensdag;27-04-2016;09:00;14:00;17;Koningsdagspelen;Ab Harrewijnstraat
woensdag;27-04-2016;09:00;19:00;17;Koningskinderen;Lepelenburg
woensdag;27-04-2016;12:00;18:00;17;Play offs Landskampioenschap Hockey (Heren);Laan van Maarschalkerweerd
woensdag;27-04-2016;12:30;18:00;17;Seizoenopening De Klanksteen;Tolsteegplantsoen
zaterdag;30-04-2016 t/m 01-05-2016;10:00;21:00;17;#DYTG2016;Jaarbeurs
donderdag;28-04-20106;20:30;23:00;17;Las Nueve Open Air Tango;Korte Minrebroederstraat
zondag;01-05-2016;12:00;18:00;17;Meivakantie;Bankaplein
donderdag;05-05-2016;11:00;23:00;17;Bevrijdings Festival ;Park Transwijk
vrijdag;29-04-2016 t/m 01-05-2016;;;17;Meet en Greet met bbq;Paardenveldplantsoen
zaterdag;30-04-2016;09:00;18:00;17;Braderie Admiraal Helfrichlaan;Admiraal Helfrichlaan
zondag;01-05-2016;12:00;19:30;17;Culturele Zondag: Bestemming Bereikt;Korte Minrebroederstraat
zaterdag;30-04-2016;10:00;18:00;17;Ouderdag Unitas S.R.;Lucasbolwerk
zaterdag;30-04-2016;12:00;18:00;17;Play offs Landskampioenschap Hockey (Heren);Laan van Maarschalkerweerd
zaterdag;30-04-2016;10:00;00:00;17;Terraswarming;Hamburgerstraat
zondag;01-05-2016;11:00;18:00;17;De Streekmarkt;Domplein
zondag;01-05-2016;12:00;18:00;17;Play offs Landskampioenschap Hockey (Heren);Laan van Maarschalkerweerd
zondag;01-05-2016;11:45;16:00;17;Viering 25-jarig bestaan kinderdagverblijf Jolie;Karawanken
dinsdag;23-05-2016;17:00;23:00;18;Zes Uurs Loop;Wilhelminapark
woensdag;04-05-2016;19:30;20:30;18;4 mei Herdenking;Domplein
woensdag;04-05-2016;19:30;20:50;18;4 mei Nationale Dodenherdenking;Willem de Zwijgerplantsoen
woensdag;04-05-2016;19:30;21:00;18;Dodenherdenking Bottensteinweg;Bottensteinweg 
woensdag;04-05-2016;18:00;20:30;18;Dodenherdenking Leidsche Rijn;Perron9
woensdag;04-05-2016;12:00;21:00;18;Filmopnamen officiële herdenking 4 mei;Park Lepelenburg
woensdag;04-05-2016;19:30;20:30;18;Herdenking 4 mei Zuilen;Prins Bernhardplein
donderdag;05-05-2016;08:00;18:00;18;Oltimer parade aanslingeren;Reijerscop
donderdag;05-05-2016;11:00;18:00;18;Braderie Amsterdamsestraatweg;Amsterdamsestraatweg
vrijdag;06-05-2016 t/m 08-06-2016;14:00;01:00;18;Fonteyn Festival;Janskerkhof
donderdag;05-05-2016;12:00;00:00;18;Gulpener Bluegrass Festival;Springertuin
donderdag;05-05-2016;20:30;23:00;18;Las Nueve Open Air Tango;Korte Minrebroederstraat
donderdag;05-05-2016;07:00;17:00;18;Lombok 5 mei feest;leidsekade
donderdag;05-05-2016;07:00;17:00;18;Lombok 5 mei feest;Soendastraat
donderdag;05-05-2016;07:00;17:00;18;Lombok 5 mei feest;Laurens Reaalstraat 
donderdag;05-05-2016;07:00;17:00;18;Lombok 5 mei feest;Bankaplein
donderdag;05-05-2016;07:00;17:00;18;Lombok 5 mei feest;Billitonkade
donderdag;05-05-2016;07:00;17:00;18;Lombok 5 mei feest;Bankastraat
donderdag;05-05-2016;07:00;17:00;18;Lombok 5 mei feest;Malakkastraat
donderdag;05-05-2016;07:00;17:00;18;Lombok 5 mei feest;Abel Tasmanstraat
donderdag;05-05-2016;07:00;17:00;18;Lombok 5 mei feest;Billitonstraat
donderdag;05-05-2016 t/m 08-06-2016;10:00;20:00;18;Open Dagen Moskee Sultanahmet;Royaards van den Hamkade 
donderdag;05-05-2016;12:00;18:00;18;Play offs Landskampioenschap Hockey (Heren);Laan van Maarschalkerweerd
vrijdag;06-05-2016;20:00;22:30;18;Utrecht Skate Parade;Lucasbolwerk
zaterdag;07-05-2016;12:00;18:00;18;Play offs Landskampioenschap Hockey (Heren);Laan van Maarschalkerweerd
zaterdag;07-05-2016;10:00;17:00;18;Voorjaarsmarkt;Mereveldplein
zondag;08-05-2016;12:00;18:00;18;Play offs Landskampioenschap Hockey (Heren);Laan van Maarschalkerweerd
zondag;08-05-2016;12:00;17:00;18;Romeinendag Castellum Hoge Woerd;Hoge Woerd
zondag;08-05-2016;13:00;18:00;18;Swan Market;Vredenburg
zaterdag;07-05-2016 t/m 08-05-2016;08:00;21:00;18;Viering bevrijdingsdag en open dag;Bernadottelaan
maandag;09-05-2016 t/m 12-05-2016;17:00;21:00;19;61e Avondvierdaagse Utrecht - Wijk Noordwest;Kloosterlaan
dinsdag;10-05-2016;19:30;21:30;19;Zomeravondcup 2016;Atletiekbaan Maarschalkerweerd
donderdag;12-05-2016 t/m 16-05-2016;16:00;23:00;19;Food Truck Festival TREK;Griftpark
woensdag;11-05-2016;10:00;00:00;19;Landmachtdagen;Mariaplaats
zaterdag;14-05-2016 t/m 15-05-2016;23:00;08:15;19;Stekker in de Tunnel;Stationsdwarsstraat
donderdag;12-05-2016;20:30;23:00;19;Las Nueve Open Air Tango;Korte Minrebroederstraat
donderdag;12-05-2016;10:00;20:00;19;Platen en CD Beurs;Vredenburg
vrijdag;13-05-2016 t/m 16-05-2016;10:00;21:00;19;sv nieuwutrechtattractiedagen;Sportpark Rijnvliet
zaterdag;14-05-2016;09:00;18:00;19;Braderie Rijnbaan;Marshalllaan
zaterdag;14-05-2016 t/m 16-05-2016;10:00;18:00;19;Officiële opening;Moskeeplein
zaterdag;14-05-2016 t/m 16-05-2016;10:00;18:00;19;Officiële opening;Kanaalstraat
vrijdag;13-05-2016;20:00;22:30;19;Utrecht Skate Parade;Lucasbolwerk
zondag;15-05-2016;09:00;17:00;19;Classico Giro Utrecht;Uithof
zaterdag;14-05-2016;19:00;01:00;19;Eurovisie steeg;Jacobskerkhof
zondag;15-05-2016;21:00;01:00;19;Golden tentfeest;Joostenlaan
zondag;15-05-2016;15:00;21:00;19;Klein New Orleans;Breedstraat 
zondag;15-05-2016;15:00;21:00;19;Klein New Orleans;Wijde Begijnestraat
zondag;15-05-2016;09:00;15:45;19;Pinksterviering gezamelijke kerken Overvecht;Park de Watertoren
zondag;15-05-2016;11:00;19:00;19;Roeiregatta;Weerdsluis
zondag;15-05-2016;12:00;22:00;19;USC Jazzfestival;Janskerkhof
woensdag;18-05-2016 t/m 05-06-2016 ;16:00;19:30;20;VONK!;Hoge Woerd
vrijdag;20-05-2016 t/m 22-05-2016;10:00;18:00;20;Italie Evenement, Smaak & Stijl 2016;Kasteel de Haar
maandag;16-05-2016;10:00;16:00;20;Open Boerderijdag;Thematerkade
woensdag;18-05-2016 t/m 22-05-2016;14:00;22:00;20;Kermis Zuilen;van Heukelompark
zaterdag;21-05-2016;08:00;18:00;20;Dag van het Aangespannen paard;Yalelaan
donderdag;19-05-2016;20:30;23:00;20;Las Nueve Open Air Tango;Korte Minrebroederstraat
vrijdag;20-05-2016 t/m 22-05-2016;16:00;23:00;20;Maximaal genieten;Maximapark
donderdag;19-05-2016 t/m 28-05-2016;14:00;01:00;20;Spring Festival;Lucasbolwerk
donderdag;19-05-2016 t/m 28-05-2016;00:00;14:00;20;Spring Festival;Neude
zaterdag;21-05-2016;12:00;17:00;20;Open dag Hubrecht Instituut;Uppsalalaan
vrijdag;19-05-2016 t/m 28-05-2016;14:00;01:00;20;Spring Festival;Korte Minrebroederstraat
vrijdag;20-05-2016;20:00;22:30;20;Utrecht Skate Parade;Lucasbolwerk
zaterdag;21-05-2016;10:00;16:00;20;(H)eerlijk Händelstraat - streekmarkt;Händelstraat 
zaterdag;21-05-2016;11:00;18:00;20;Braderie WKC Plantage;Plantage
zaterdag;21-05-2016;10:00;18:00;20;Fringe Utrecht Blaast - European Championship for Wind Orchestras;Park Lepelenburg
zaterdag;21-05-2016;10:00;18:00;20;Fringe Utrecht Blaast - European Championship for Wind Orchestras;Korte Minrebroederstraat
zaterdag;21-05-2016;10:00;18:00;20;Fringe Utrecht Blaast - European Championship for Wind Orchestras;Korte Minrebroederstraat
zaterdag;21-05-2016;11:00;17:00;20;Maskerade Optocht;Uithof
zaterdag;21-05-2016;13:00;18:00;20;Platen + Pinten;Lange Jufferstraat
zaterdag;21-05-2016;11:00;17:00;20;Platen en CD Beurs;Mariaplaats
zondag;22-05-2016;14:30;16:30;20;Utrechtse Troostdag;Begraafplaats Soestbergen
zaterdag;21-05-2016 t/m 22-05-2016;12:00;23:00;20;Utrechtweek;Janskerkhof
zaterdag;21-05-2016 t/m 22-05-2016;18:00;23:00;20;Utrechtweek (Dikke Dries Feest);Oudkerkhof
zaterdag;23-05-2016 t/m 24-05-2016;23:00;00:00;21;Avondtweedaagse;Kanaalweg en route
woensdag;25-05-2016 t/m 29-05-2016;13:00;00:00;21;Kermis Dorpsplein;Dorpsplein
dinsdag;24-05-2016 t/m 27-05-2016;18:00;21:00;21;Avondvierdaagse Oog in Al 2016;Händelstraat en route
donderdag;26-05-2016;10:30;20:00;21;Personeelsdag Natuurmonumenten;Thematerweg
woensdag;25-05-2016;17:00;22:30;21;Run4Rabiës;Yalelaan
woensdag;25-05-2016;19:30;21:30;21;Zomeravondcup 2016;Atletiekbaan Overvecht
donderdag;26-05-2016;20:30;23:00;21;Las Nueve Open Air Tango;Korte Minrebroederstraat
zondag;29-05-2016;09:00;18:00;21;DeLoopVanLeidscheRijn);Maximapark
zaterdag;28-05-2016 t/m 29-05-2016;09:30;17:00;21;Elite Model Look 2016;Hoog Catharijne
vrijdag;27-5-2016;17:00-22:00;;21;National Suit-up Barbecue en Wakeboardemonstratie;Griftpark
vrijdag;27-5-2016;15:00;22:30;21;ocean awareness day;Park Lepelenburg
vrijdag;27-5-2016;20:00;22:30;21;Utrecht Skate Parade;Lucasbolwerk
zaterdag;28-05-2016;09:00;00:00;21;De Nacht van de Fooi;Korte Minrebroederstraat
zaterdag;28-05-2016;13:00;17:00;21;Elkaar ontmoeten;Herderplein
zaterdag;28-05-2016 t/m 29-05-2016;10:00;17:00;21;Kleurrijk Overvecht;Zamenhofdreef
zaterdag;28-05-2016;14:00;22:00;21;Maximaal;Pratumplaats
zaterdag;28-05-2016;08:00;16:00;21;rommelmarkt Wolgadreef;Wolgadreef
zaterdag;28-05-2016;09:00;23:00;21;Roots ;Campusplein
zaterdag;28-05-2016;17:30;18:45;21;Sacramenstprocessie;Willibrordusstraat
zaterdag;28-05-2016;14:00;17:00;21;Tutti 2016 Nederlands Rozekorenfestival;Korte Minrebroederstraat
zaterdag;28-05-2016;14:00;17:00;21;Tutti 2016 Nederlands Rozekorenfestival;Domplein
zaterdag;28-05-2016;14:00;17:00;21;Tutti 2016 Nederlands Rozekorenfestival;Janskerkhof
zaterdag;28-05-2016;09:00;14:00;21;Vrijmarkt Schepenbuurt;Aakplein
zondag;29-05-2016;13:00;19:00;21;activiteitendagen voor de parkbezoekers;Griftpark
zondag;29-05-2016;13:00;18:00;21;Bewoners samen in beweging door cultuur, dans en muziek;Tolsteegplantsoen
zondag;29-05-2016;10:00;17:00;21;Braderie Admiraal Helfrichlaan;Admiraal Helfrichlaan
zondag;29-05-2016;10:00;18:00;21;Lombok voetbalt;Majellapark
zondag;29-05-2016;11:00;17:00;21;Platen en CD Beurs;Janskerkhof
zaterdag;28-05-2016;17:00;23:45;21;buurt borrel;Fransestraat
woensdag;30-05-2016 t/m 02-06-2016;14:00;22:00;22;Kermis Terwijde;Winkelcentrum Terwijde
maandag;01-06-2016 t/m 30-06-2016;18:00;21:00;22;SGWB Avondvierdaagse Utrecht;Sportpark Vechtzoom
woensdag;01-06-2016 t/m 30-06-2016;09:00;18:00;22;Kinderdraaimolen in Centrum Vleuterweide;WKC Vleuterweide
vrijdag;03-06-2016;12:00;23:00;22;Summum;Haarrijnseplas
donderdag;02-06-2016;20:30;23:00;22;Las Nueve Open Air Tango;Korte Minrebroederstraat
donderdag;02-06-2016;11:00;17:00;22;Stadsdag;Hamburgerstraat
zaterdag;04-06-2016;11:00;18:00;22;Braderie Marco Pololaan;Marco Pololaan
zaterdag;04-06-20106;10:00;16:00;22;Dag van de Bouw;Hoog Catharijne
zaterdag;04-06-20106;11:00;16:00;22;Dag van de Bouw - Uithoflijn;Uppsalalaan
zaterdag;04-06-20106;10:00;16:00;22;Dag van de Bouw project Zijdebalen;Zeedijk
zaterdag;04-06-20106;09:00;17:00;22;Dag van de Bouw Stationshal;Hoog Catharijne
vrijdag;03-06-2016;09:00;16:00;22;Nationale Dag van de Vermisten;Moreelsepark
zaterdag;04-06-2016;13:00;23:00;22;Radar Outdoor;Berlijnplein
vrijdag;03-06-2016;20:00;22:30;22;Utrecht Skate Parade;Lucasbolwerk
zondag;05-06-2016;13:30;18:00;22;American Day;Julianapark
zaterdag;04-06-20106;10:00;16:00;22;Dag van de Bouw 2016 Leidsche Rijn;Grauwaartsingel
zaterdag;04-06-20106;10:00;14:00;22;Dag van de Bouw Terwijde;Jazzsingel
zaterdag;04-06-20106;09:30;17:30;22;Jubileumfeest Speelgoedbank;Maartvlinder 
zondag;05-06-2016;11:00;17:00;22;Landgoeddag;Stichting De Buurtcamping Utrecht
zondag;05-06-2016;13:00;17:00;22;A Lazy Sunday Afternoon;Park Lepelenburg
zondag;05-06-2016;11:00;18:00;22;De Streekmarkt;Korte Minrebroederstraat
zondag;05-06-2016;13:00;16:00;22;Siberia Challenge;Ruigenhoek
donderdag;02-06-2016;17:00;22:00;22;Personeelsfeest a.s.r.;Archimedeslaan
maandag;06-06-2016 t/m 12-06-2016;14:00;23:00;23;Beach week Utrecht;Lucasbolwerk
dinsdag;07-06-2016 t/m 10-06-2016;18:30;21:00;23;NWB Avondvierdaagse Leidsche Rijn;Amaliapark
woensdag;08-06-2016;22:00;01:00;23;Openluchtvoorstelling in het kader van het Belgisch Film Festival;Ledig Erf
woensdag;08-06-2016;19:30;21:30;23;Zomeravondcup 2016;Atletiekbaan Overvecht
zaterdag;11-06-2016;09:00;15:00;23;Dag van de Munt 2016;Leidseweg
donderdag;09-06-2016;20:30;23:00;23;Las Nueve Open Air Tango;Korte Minrebroederstraat
zaterdag;11-06-2016;11:00;18:00;23;Braderie WKC De Klop;WKC De Klop
zaterdag;11-06-2016;10:00;19:30;23;City Sprints 2016;Catharijnesingel
zaterdag;11-06-2016;14:00;23:00;23;Festijn op het Plein;Dorpsplein
vrijdag;10-06-2016;20:00;22:30;23;Utrecht Skate Parade;Lucasbolwerk
zaterdag;11-06-2016;13:00;21:00;23;Benefietconcert Veritas;Park Lepelenburg
zondag;12-06-2016;11:30;16:00;23;Run for KiKa Utrecht;Maximapark
zaterdag;11-06-2016;10:00;21:00;23;Urban Chase;Neude
zaterdag;11-06-2016;10:00;21:00;23;Urban Chase;Domplein
zaterdag;11-06-2016;10:00;21:00;23;Urban Chase;Ledig Erf
zaterdag;11-06-2016;10:00;21:00;23;Urban Chase;Griftpark
zaterdag;11-06-2016;10:00;21:00;23;Urban Chase;Wilhelminapark
zaterdag;11-06-2016;10:00;21:00;23;Urban Chase;Julianapark
zaterdag;11-06-2016;10:00;21:00;23;Urban Chase;Plantage
zondag;12-06-2016;13:00;18:00;23;Bewoners samen in beweging door cultuur, dans en muziek;Tolsteegplantsoen
zondag;12-06-2016;11:00;17:00;23;HHmarkt;Vredenburg
zondag;12-06-2016;10:30;13:00;23;Parkdienst Leidsche Rijn;Amaliapark
dinsdag;14-06-2016 t/m 17-06-2016;18:00;22:00;24;Avondvierdaagse Fletiomare;Sportpark Fletiomare
woensdag;15-06-2016 t/m 19-06-2016;14:00;22:00;24;Kermis Amaliapark;Amaliapark
dinsdag;14-06-2016;08:00;14:30;24;Streetwise;Musicallaan 
dinsdag;14-06-2016;18:00;22:30;24;Uithof Survivalrun 2016;Olympos
vrijdag;17-06-2016;11:00;17:00;24;Circus in de Zorg;Park Transwijk
donderdag;16-06-2016;20:30;23:00;24;Las Nueve Open Air Tango;Korte Minrebroederstraat
zaterdag;18-06-2016;10:00;20:00;24;Dag van Spanje;Domplein
vrijdag;17-06-2016;17:00;01:00;24;Introductie Hofdame;Janskerkhof
zondag;19-06-2016;11:00;19:00;24;SingelSwim Utrecht;Park Lepelenburg
vrijdag;17-06-2016;20:00;22:30;24;Utrecht Skate Parade;Lucasbolwerk
zaterdag;18-06-2016;06:00;23:00;24;Wijkfeest Wittevrouwen;Veeartsenijstraat
zaterdag;18-06-2016;06:00;23:00;24;Wijkfeest Wittevrouwen;Veeartsenijpad
vrijdag;17-06-2016;18:00;23:00;24;Brommerbio <3 Berlijnplein;Berlijnplein
zaterdag;18-06-2016;11:00;18:00;24;Braderie Vasco da Gamalaan;Vasco da Gamalaan
zondag;19-06-2016;11:00;16:00;24;Circus in de Zorg;Heukelompark
zondag;19-06-2016;12:00;19:00;24;Dag van het Wilhelminapark;Wilhelminapark
zaterdag;18-06-2016;11:00;17:00;24;Platen en CD Beurs;Mariaplaats
zaterdag;18-06-2016;10:00;16:00;24;Puur Lunetten-Streekmarkt;Zevenwouden
zaterdag;18-06-2016;12:00;20:00;24;Utrechtse Wielerweekend;Wilhelminapark
zaterdag;18-06-2016;10:00;20:00;24;Volleybaltoernooi Oog in Al;Park oog in Al
zaterdag;18-06-2016;09:00;16:00;24;waterwinmarkt;WKC Terwijde 
zondag;19-06-2016;14:00;17:00;24;Classic Car Meeting;Dorpsplein
zondag;19-06-2016;13:00;18:00;24;Kinderklapstoelconcert;Koekoeksplein
zondag;19-06-2016;11:00;13:30;24;Lombok Kade Concert;Muntkade
zondag;19-06-2016;13:00;18:00;24;Swan Market;Vredenburg
zondag;19-06-2016;11:00;16:30;24;Utrechtse Wielerweekend;Maliebaan
zaterdag;25-06-2016 t/m 26-06-2016;15:00;23:00;25;40up Zomerfestival;Botanische Tuinen
donderdag;23-06-2016 t/m 25-06-2016;21:00;22:00;25;Leve de liefde;Hoge Woerd
woensdag;22-06-2016;14:00;23:55;25;Nationale Haringpartij;Kasteel de Haar
donderdag;23-06-2016 t/m 30-06-2016;12:00;18:00;25;Festival Bombarie;Jaarbeurs
vrijdag;24-06-2016 t/m 26-06-2016;12:00;24:000;25;Lepeltje Lepeltje;Park Lepelenburg
donderdag;23-06-2016;08:00;00:00;25;Bruiloft FC Donderstraat;park achter FC Donderstraat
donderdag;23-06-2016;13:00;16:00;25;Golden Oldies Smaragdplein;Smaragdplein
donderdag;23-06-2016;20:30;23:00;25;Las Nueve Open Air Tango;Korte Minrebroederstraat
zaterdag;25-06-2016 t/m 26-06-2016;09:00;18:00;25;Braderie WKC Kanaleneiland;Hammerskjoldhof
zondag;26-06-2016;09:00;18:00;25;Ladies Run;Berlijnplein
vrijdag;24-06-2016;20:00;22:30;25;Utrecht Skate Parade;Lucasbolwerk
zaterdag;25-06-2016;12:00;18:00;25;Le Bazarre;Mariaplaats
zaterdag;25-06-2016;11:00;18:00;25;Midsummer Twijnstraat;Twijnstraat
zaterdag;25-06-2016;19:30;22:30;25;Midzomerconcert;Maximapark
zaterdag;25-06-2016;17:00;23:00;25;Stadsbarbecue Midzomergracht;Domplein
zondag;26-06-2016;13:00;19:00;25;activiteitendagen voor de parkbezoekers;Griftpark
zondag;26-06-2016;13:00;18:00;25;Bewoners samen in beweging door cultuur, dans en muziek;Tolsteegplantsoen
zondag;26-06-2016;09:30;18:00;25;Hondadag 2016;Voorveldselaan
zondag;26-06-2016;13:00;17:00;25;Lazy Sunday Afternoons;Hoge Woerd
zondag;26-06-2016;13:00;21:00;25;Midzomergracht Parkdag;Griftpark
zondag;26-06-2016;11:00;17:00;25;Platen en CD Beurs;Janskerkhof
vrijdag;24-06-2016;20:00;01:00;25;Party Alley;Jacobskerkhof
zaterdag;02-07-2016;12:00;23:00;26;de Beschaving;Botanische Tuinen
zaterdag;02-07-2016;12:00;23:00;26;Zomerkriebels;Papendorp
vrijdag;30-06-2016 t/m 03-07-2016;10:00;20:00;26;Exposure;Oudenoord
vrijdag;01-07-2016 t/m 03-07-2016;16:00;04:00;26;SHOUT 2016;Olympos
donderdag;30-06-2016;20:30;23:00;26;Las Nueve Open Air Tango;Korte Minrebroederstraat
zaterdag;02-07-2016;12:00;23:00;26;Roots in the Park Festival;Julianapark
vrijdag;01-07-2016;13:00;17:00;26;Expeditie Robinson;Park Transwijk
vrijdag;01-07-2016 t/m 02-07-2016;17:00;23:00;26;Festival du Vélo;Korte Minrebroederstraat
vrijdag;01-07-2016;18:00;00:00;26;Huislustrum Justus van Effenstraat;Justus van Effenstraat
zondag;03-07-2016;06:30;18:00;26;Tour d'Utrecht 2016;Jaarbeurs
vrijdag;01-07-2016;20:00;22:30;26;Utrecht Skate Parade;Lucasbolwerk
zaterdag;02-07-2016;16:00;23:00;26;Biton Open Air;Zocherplantsoen
zaterdag;02-07-2016;11:00;18:00;26;Braderie WKC Plantage;Plantage
zaterdag;02-07-2016 t/m 03-07-2016;14:00;21:00;26;Colour your Wood;Prinses Christinalaan
zaterdag;02-07-2016;10:00;20:30;26;Pasar Molen;Molenerf de Ster
zondag;03-07-2016;11:00;18:00;26;De Streekmarkt;Korte Minrebroederstraat
zondag;03-07-2016;12:30;18:30;26;Schimmelpleinfestival;Schimmelplein
zondag;03-07-2016;09:00;16:00;26;Vlooienmarkt Gloriantdreef;Gloriantdreef
zondag;03-07-2016;10:00;13:00;26;Vrouwentriathlon Utrecht;t Lint
zondag;10-07-2016 t/m 18-07-2016;11:00;00:00;27;Lustrumterrein: Don Quichot;Overste den Oudenlaan
dinsdag;05-07-2016;12:00;00:00;27;Afscheidsfeestje groep 8 St. Dominicusschool;Händelstraat 
vrijdag;08-07-2016 t/m 13-07-2016;13:00;00:00;27;28e Maliebaan Festival;Maliebaan
vrijdag;08-07-2016 t/m 10-07-2016;15:00;00:00;27;De Buurtcamping Majellapark;Majellapark
vrijdag;08-07-2016 t/m 10-07-2016;15:00;00:00;27;De Buurtcamping Noordse Park;Noordse Park
vrijdag;08-07-2016 t/m 10-07-2016;15:00;00:00;27;De Buurtcamping Park de Gagel;Park de Gagel
woensdag;06-07-2016;16:00;20:00;27;Lustrumcantus;Liesboschpark
woensdag;06-07-2016;17:30;22:00;27;Personeels bbq;Mariaplaats
donderdag;07-07-2016;16:00;23:00;27;Diploma-uitreiking;Vogelsanglaan
donderdag;07-07-2016;;;27;Filmopnamen Hoe het zou kunnen zijn;Amsterdamsestraatweg
donderdag;07-07-2016;20:30;23:00;27;Las Nueve Open Air Tango;Korte Minrebroederstraat
vrijdag;08-07-2016;18:00;00:00;27;030 Borrel JKH Noord-West;Janskerkhof
zaterdag;09-07-2016;11:00;18:00;27;Braderie WKC Rijnbaan;Marshalllaan
zondag;10-07-2016;12:00;17:00;27;Fc Utrecht Open Dag 2016;Galgenwaard
zaterdag;09-07-2016;09:00;21:00;27;Sportdag Welgelegen Ontmoet;Ravellaan
vrijdag;08-07-2016;20:00;22:30;27;Utrecht Skate Parade;Lucasbolwerk
zaterdag;09-07-2016;09:00;22:00;27;Intocht USC;Domplein
zaterdag;09-07-2016;09:00;22:00;27;Intocht USC;Janskerkhof
zaterdag;09-07-2016 t/m 10-07-2016;10:00;01:00;27;Tuindorp Camping;Willem de Zwijgerplantsoen
zondag;10-07-2016;13:00;18:00;27;Bewoners samen in beweging door cultuur, dans en muziek;Tolsteegplantsoen
zondag;10-07-2016;10:00;17:00;27;Braderie Piekenkermis;Burgemeester Reigerstraat
zondag;10-07-2016;09:00;13:00;27;Máximapark Seizoenslopen;Maximapark
zondag;10-07-2016;09:30;14:00;27;Triathlon Utrecht;Strijkviertel
zondag;10-07-2016;15:00;16:00;27;Zomerprogramma Podium Hoge Woerd;Hoge Woerd
maandag;11-07-2016 t/m 13-07-2016;06:00;23:00;28;Filmopnamen Sense8;Rijksstraatweg
dinsdag;12-07-2016 t/m 13-07-2016;09:00;13:00;28;Vakantiebijbelfeest Zuilen;Muiderslotplantsoen
dinsdag;12-07-2016;11:00;16:00;28;Sportdag KOKO;Kortland
dinsdag;12-07-2016;12:00;16:00;28;Filmopnames IJs Venezia;Oudegracht
woensdag;13-07-2016;;;28;Filmopnamen Hoe het zou kunnen zijn;Amsterdamsestraatweg
donderdag;14-07-2016;11:00;00:00;28;Eindactiviteit U.A.V.;Cambridgelaan
donderdag;14-07-2016;20:30;23:00;28;Las Nueve Open Air Tango;Korte Minrebroederstraat
donderdag;14-07-2016;10:00;20:00;28;Platen en CD Beurs;Vredenburg
vrijdag;15-07-2016;20:00;22:30;28;Utrecht Skate Parade;Lucasbolwerk
zaterdag;16-07-2016;11:00;17:00;28;Platen en CD Beurs;Mariaplaats
zondag;17-06-2016;13:00;17:00;28;A Lazy Sunday Afternoon;Park Lepelenburg
zondag;17-07-2016;13:00;18:00;28;Swan Market;Vredenburg
vrijdag;22-07-2016 t/m 07-08-2016;14:00;02:00;29;Theaterfestival de Parade;Moreelsepark
vrijdag;22-07-2016 t/m 07-08-2016;14:00;02:00;29;Theaterfestival de Parade;Park Nieuweroord
zaterdag;23-07-2016;12:00;23:00;29;De Leuke Festival;Strand Oog in Al
donderdag;21-07-2016;20:30;23:00;29;Las Nueve Open Air Tango;Korte Minrebroederstraat
vrijdag;22-07-2016;12:00;22:30;29;Concert van de LYWB & CYM Dance Band;Park Lepelenburg
zondag;24-07-2016;14:00;23:00;29;Lustrum USR Triton;Verlengde Hoogravenseweg
vrijdag;22-07-2016;20:00;22:30;29;Utrecht Skate Parade;Lucasbolwerk
dinsdag;26-07-2016;12:00;18:00;30;Lustrum USR Triton;Verlengde Hoogravenseweg
woensdag;27-07-2016;18:00;23:00;30;Buurtdiner RestoVanHarte en concert Ricciotti ensemble;Makassarstraat
vrijdag;29-07-2016 t/m 30-07-2016;15:00;22:00;30;Festival Vreugde;Berlijnplein
donderdag;28-07-2016;20:30;23:00;30;Las Nueve Open Air Tango;Korte Minrebroederstraat
vrijdag;29-07-2016;20:00;22:30;30;Utrecht Skate Parade;Lucasbolwerk
zondag;331-07-2016;13:00;17:00;30;Lazy Sunday Afternoons;Hoge Woerd
zondag;31-07-2016;11:00;17:00;30;Platen en CD Beurs;Janskerkhof
donderdag;04-08-2016;20:30;23:00;31;Las Nueve Open Air Tango;Korte Minrebroederstraat
vrijdag;05-08-2016;20:00;22:30;31;Utrecht Skate Parade;Lucasbolwerk
zaterdag;06-08-2016;15:00;20:30;31;Rubberboot Missie;Griftpark
zondag;07-08-2016;11:00;18:00;31;De Streekmarkt;Mariaplaats
zondag;07-08-2016;09:00;16:00;31;Vlooienmarkt Gloriantdreef;Gloriantdreef
zondag;07-08-2016;12:00;16:00;31;Perron Plantaardig;Berlijnplein
donderdag;11-08-2016;20:30;23:00;32;Las Nueve Open Air Tango;Korte Minrebroederstraat
vrijdag;12-08-2016 t/m 14-08-2016;19:00;00:00;32;Buurtfeest Kockstraat;Kockstraat
vrijdag;12-08-2016;20:00;22:30;32;Utrecht Skate Parade;Lucasbolwerk
zondag;14-08-2016 t/m 18-08-2016;09:00;23:00;32;UIT-week C.S. Veritas;Hieronymusplantsoen
zondag;14-08-2016;13:00;18:00;32;Bewoners samen in beweging door cultuur, dans en muziek;Tolsteegplantsoen
zondag;14-08-2016 t/m 18-08-2016;12:00;23:00;32;UIT-Dagen;Janskerkhof
zondag;14-08-2016 t/m 18-08-2016;12:00;23:00;32;UIT-Dagen;Wilhelminapark
zondag;14-08-2016 t/m 18-08-2016;18:00;21:00;32;Utrechtse Introductietijd (UIT) van Unitas S.R.;Lucasbolwerk
maandag;15-08-2016 t/m 19-08-2016;10:00;17:00;33;KinderVakantieWeek;Mauritspark
dinsdag;16-08-2016;15:00;23:00;33;Beachborrel en Barbecue;Verlengde Hoogravenseweg
donderdag;18-08-2016;18:00;21:00;33;Beachborrel en Barbecue;Verlengde Hoogravenseweg
maandag;15-08-2016 t/m 19-08-2016;10:00;23:00;33;Utrechtse Introductie Tijd m.b.t. U.V.S.V./N.V.V.S.U;Drift
woensdag;18-08-2016 t/m 21-08-2016;16:00;01:00;33;Pluk de Nacht Open Air Filmfestival;Europalaan
maandag;15-08-2016 t/m 18-08-2016;10:00;20:00;33;Stand Studentenroeivereniging tijdens de UIT;Janskerkhof
maandag;15-08-2016;09:00;17:00;33;UIT 2016;Janskerkhof
maandag;15-08-2016 t/m 18-08-2016;12:00;23:00;33;UIT-dagen;Zocherplantsoen
maandag;15-08-2016 t/m 17-08-2016;12:00;23:00;33;Chillplek - Utrechtse Introductie Tijd;neude
maandag;15-08-2016;17:00;18:00;33;Singelparade;Park Lepelenburg
maandag;15-08-2016;11:30;14:00;33;Lunches tijdens de UIT 2016;Wilhelminapark
maandag;16-08-2016;12:30;14:30;33;Lunches tijdens de UIT 2016;Park Lepelenburg
maandag;17-08-2016;11:00;13:00;33;Lunches tijdens de UIT 2016;Botanische Tuinen
maandag;18-08-2016;12:00;14:00;33;Lunches tijdens de UIT 2016;Griftpark
maandag;15-08-2016;07:00;17:00;33;Crazy 030 UIT 2016;Lepelenburg
maandag;15-08-2016;07:00;17:00;33;Crazy 030 UIT 2016;Mariaplaats
maandag;15-08-2016;07:00;17:00;33;Crazy 030 UIT 2016;Domplein
maandag;15-08-2016;07:00;17:00;33;Crazy 030 UIT 2016;Lange Nieuwstraat
maandag;15-08-2016;07:00;17:00;33;Crazy 030 UIT 2016;Weerdsingel
maandag;15-08-2016 t/m 19-08-2016;09:00;16:00;33;Kindervakantieweek Vleuten;Hindersteinlaan
woensdag;17-08-2016;09:00;17:00;33;Kindervakantie3daagse Veldhuizen De Balije;Bouwspeeltuin de Balije
dinsdag;16-08-2016;11:00;17:30;33;N.S.U. & SPIN UIT-2016;Willibrordplein
dinsdag;16-08-2016;10:00;17:00;33;UIT 2016 (tc uithof);Janskerkhof
dinsdag;16-08-2016 t/m 17-08-2016;10:30;17:00;33;UIT-stand Unipartners/AIESEC;Janskerkhof
dinsdag;16-08-2016 t/m 17-08-2016;09:00;14:00;33;Vakantie Bijbel Club;Amaliapark
dinsdag;16-08-2016;14:30;18:00;33;Playground;Griftpark
woensdag;17-08-2016;12:00;17:00;33;Student Event;Botanische Tuinen
dinsdag;16-08-2016;13:00;15:00;33;Utrecht spreekt UIT;Park Lepelenburg
dinsdag;16-08-2016;09:30;14:30;33;UIT clinics van SPIN en USWV De Domrenner;Wilhelminapark
woensdag;17-08-2016;15:30;20:30;33;UIT Navigators Studenten Vereniging Utrecht Barbecue;Wilhelminapark
donderdag;18-08-2016;12:00;21:30;33;UIT Festival;Griftpark
woensdag;17-08-2016;14:00;20:00;33;STRTFSTVL berlijnplein;Berlijnplein
vrijdag;19-08-2016;17:00;20:30;33;Het Glazen Circus presenteert….;Berlijnplein + route
donderdag;18-08-2016;20:30;23:00;33;Las Nueve Open Air Tango;Korte Minrebroederstraat
vrijdag;19-08-2016;20:00;22:30;33;Utrecht Skate Parade;Lucasbolwerk
zaterdag;20-08-2016;11:00;17:00;33;Platen en CD Beurs;Mariaplaats
zaterdag;20-08-2016;15:00;01:00;33;Straatfeest s'Jacoblaan;Dr. H. Th. s' Jacoblaan
zaterdag;20-08-2016;11:00;20:00;33;Utrecht Made Market;Prinses Beatrixlaan
zondag;21-08-2016;13:00;17:00;33;A Lazy Sunday Afternoon;Park Lepelenburg
zondag;21-08-2016;11:00;18:00;33;Kinderspeelmiddag;Julianapark
maandag;15-08-2016 t/m 18-08-2016;08:00;19:00;33;UIT Internationale verenigingen;Janskerkhof
vrijdag;26-08-2016;19:00;00:00;34;Het Glazen Circus presenteert….;terrein tussen Hofstede Terweide en Berlijnplein
zondag;28-08-2016;14:00;16:00;34;Het Glazen Circus presenteert….;Berlijnplein + route
zondag;28-08-2016;14:00;16:00;34;Het Glazen Circus presenteert….;amaliapark
vrijdag;26-08-2016 t/m 28-08-2016;14:00;00:00;34;Foodfestival vorkje prik;Berlijnplein
vrijdag;26-08-2016 t/m 28-08-2016;14:00;00:00;34;Festival Strand;Haarrijnseplas
donderdag;25-08-2016;20:30;23:00;34;Las Nueve Open Air Tango;Korte Minrebroederstraat
zondag;28-08-2016;10:00;18:00;34;Leidsche Rijn Festival;Amaliapark
donderdag;28-08-2016;09:30;17:00;34;HBA Sportdag introductieweek;Columbuslaan
vrijdag;26-08-2016;20:00;22:30;34;Utrecht Skate Parade;Lucasbolwerk
zaterdag;27-08-2016;08:00;17:00;34;Kleedjes Rommelmarkt Bomenbuurt;Ondiep
zaterdag;27-08-2016;10:00;17:00;34;Braderie Vleuten 2016;Hindersteinlaan
zaterdag;27-08-2016;10:00;17:00;34;Braderie Vleuten 2016;Dorpsstraat
zaterdag;27-08-2016;10:00;17:00;34;Braderie Vleuten 2016;Pastoor Ohllaan
zaterdag;27-08-2016;14:00;01:00;34;buurt barbecue;Moliërelaan
zaterdag;27-08-2016;10:00;18:00;34;Kampong Kick Off;Laan van Maarschalkerweerd
zaterdag;27-08-2016;17:00;00:00;34;Buurtfeest Tussen Spoor & Singel;Hugo de Grootstraat
zondag;28-08-2016;09:00;19:00;34;Ronde van Midden nederland;Orteliuslaan
zondag;28-08-2016;13:00;18:00;34;Bewoners samen in beweging door cultuur, dans en muziek;Tolsteegplantsoen
zondag;28-08-2016;14:00;20:00;34;Het Utrechts Mosselfestival;Lucasbolwerk
zondag;28-08-2016;14:00;20:00;34;Het Utrechts Mosselfestival;Lange Jufferstraat
zondag;28-08-2016;13:00;17:00;34;Lazy Sunday Afternoons;Hoge Woerd
zondag;28-08-2016;11:00;17:00;34;Platen en CD Beurs;Janskerkhof
zondag;28-08-2016;13:00;18:00;34;Swan Market;Vredenburg
zondag;28-08-2016;11:00;18:00;34;Zolo 10 jarig bestaan;Molenerf de Ster
zondag;28-08-2016;16:00;22:00;34;Buurt BBQ Riesenberg/Malberg;Riesenberg & Malberg (het speeltuintje)
zaterdag;03-09-2016;12:00;23:00;35;Lief Festival 2016;Strijkviertel
vrijdag;02-09-2016 t/m 11-09-2016;13:00;02:00;35;Showmans Fair;Berlijnplein
donderdag;01-09-2016;20:30;23:00;35;Las Nueve Open Air Tango;Korte Minrebroederstraat
donderdag;01-09-2016;12:00;15:00;35;Opening kruispunt Adriaen van Ostadelaan;Adriaen van Ostadelaan
donderdag;02-09-2016 t/m 04-09-2016;14:00;00:00;35;Festival Dorst;Griftpark
zondag;04-09-2016 t/m 18-09-2016;10:00;21:30;35;Molman;Zocherplantsoen
vrijdag;02-09-2016 t/m 03-09-2016;11:00;01:00;35;Buurtfeest buurtvereniging Hoogelanden;Hoogstraat
vrijdag;02-09-2016;20:00;22:30;35;Utrecht Skate Parade;Lucasbolwerk
vrijdag;02-09-2016;16:00;22:00;35;Introductie 2016-2017;Ina Boudier-Bakkerlaan
zaterdag;03-09-2016 t/m 04-09-2016;03:10;18:00;35;Uitmarkt Leidsche Rijn;WKC Vleuterweide
zaterdag;03-09-2016;11:00;16:00;35;De Sociale Buurtmarkt Overvecht;Schooneggendreef 27
zaterdag;03-09-2016;13:00;17:00;35;Bollywood feest;Lange Nieuwstraat
zondag;04-09-2016;12:00;20:00;35;Uitfeest 2016;Korte Minrebroederstraat
zondag;04-09-2016;12:00;20:00;35;Uitfeest 2016;Minrebroederstraat
zondag;04-09-2016;12:00;20:00;35;Uitfeest 2016;Schoutenstraat
zondag;04-09-2016;12:00;20:00;35;Uitfeest 2016;Neude
zondag;04-09-2016;12:00;20:00;35;Uitfeest 2016;Korte Minrebroederstraat
zondag;04-09-2016;12:00;20:00;35;Uitfeest 2016;Lange Nieuwstraat
zondag;04-09-2016;12:00;20:00;35;Uitfeest 2016;Vismarkt
zondag;04-09-2016;12:00;20:00;35;Uitfeest 2016;Kloksteeg
zondag;04-09-2016;12:00;20:00;35;Uitfeest 2016;Domplein
zondag;04-09-2016;12:00;20:00;35;Uitfeest 2016;Oudegracht
zondag;04-09-2016;13:00;20:00;35;Run for KiKa Estafette Finish;Botanische Tuinen
zondag;04-09-2016;11:00;18:00;35;Braderie Vasco da Gamalaan;Vasco da Gamalaan
zondag;04-09-2016;11:00;18:00;35;De Streekmarkt;Mariaplaats
zondag;04-09-2016;09:00;13:00;35;Utrecht Urban Culture Run;Stadsplateau en route
zondag;04-09-2016;13:00;15:30;35;Voorlees Festival;Park de Watertoren
zondag;04-09-2016;15:00;20:00;35;Terras event Restaurant De Rechtbank;Korte Nieuwstraat
;06-09-2016 t/m 17-09-2016;nvt;;35;Nationale Sportweek;Korte Minrebroederstraat
zaterdag;10-09-2016;12:00;23:00;36;Smeerboel;Papendorp
maandag;05-09-2016;15:30;17:30;36;Opening Academisch Jaar;Domplein
vrijdag;09-09-2016 t/m 11-09-2016;13:00;23:00;36;Utrecht Kookt;Park Transwijk
woensdag;047-09-2016;08:00;18:00;36;Filmopnames T-Rex Naturalis;Janskerkhof
zaterdag;10-09-2016;17:00;01:00;36;Flowing Lights;Haarrijnseplas
donderdag;08-09-2016;20:30;23:00;36;Las Nueve Open Air Tango;Korte Minrebroederstraat
zondag;11-09-2016;17:00;01:00;36;The Color Run;Haarrijnseplas
vrijdag;09-09-2016;16:00;00:00;36;Schrijf-Schrijf 20 jaar;Oudegracht aan de Werf
vrijdag;09-09-2016;20:00;22:30;36;Utrecht Skate Parade;Lucasbolwerk
vrijdag;10-09-2016;16:30;18:30;36;IBB BBQ Party;Ina Boudier-Bakkerhof
zaterdag;10-09-2016;10:00;17:00;36;Open Monumentendag Utrecht;Domplein
zaterdag;10-09-2016;15:00;21:00;36;Buurt Barbecue;WKC Terwijde 
zaterdag;10-09-2016;10:00;16:00;36;Happening Hoograven 2016;Tolsteegplantsoen
zaterdag;10-09-2016 t/m 11-09-2016;11:00;18:00;36;Burenmarkt;Hof Ter Weydeweg
zaterdag;10-09-2016;10:00;17:00;36;Open Monumentendag Utrecht;Binnenstad
zaterdag;10-09-2016;10:30;19:00;36;Filmopnamen voor het Oranjefonds;Simon Stevinstraat
zondag;11-09-2016;13:00;18:00;36;Bewoners samen in beweging door cultuur, dans en muziek;Tolsteegplantsoen
zondag;11-09-2016;13:00;20:00;36;ZON Festival;Prinses Beatrixlaan
zondag;11-09-2016;12:00;23:00;36;Kade Festival;Oosterkade 
zondag;11-09-2016;12:00;23:00;36;Kade Festival;Westerkade
zondag;11-09-2016;13:00;20:00;36;Markt om de Hoek;Oosterspoorbaan
zondag;11-09-2016;00:00;16.45;36;Willibrordprocessie (demonstratie);Rozenstraat en route
zaterdag;17-09-2016;15:00;01:00;37;IBB-Fest;Ina Boudier-Bakkerlaan
donderdag;15-09-2016;20:30;23:00;37;Las Nueve Open Air Tango;Korte Minrebroederstraat
vrijdag;16-09-2016;17:00;00:00;37;Personeelsfeest AxionContinu;Beneluxlaan
donderdag;15-09-2016;10:00;20:00;37;Platen en CD Beurs;Vredenburg
vrijdag;16-09-2016;20:00;22:30;37;Utrecht Skate Parade;Lucasbolwerk
zaterdag;147-09-2016;16:00;22:00;37;Buurtbarbecue Welgelegen Ontmoet;Ravellaan
zaterdag;17-09-2016 t/m 18-09-2016;12:00;23:00;37;X-Groove Festival;Maximapark
vrijdag;16-09-2016 t/m 18-09-2016;17:00;00:00;37;Merwede Trinity Cup;Liesboschpark, verlengde hoogravenseweg, merwedekanaal
vrijdag;16-09-2016;17:00;19:00;37;In the name of;Domplein
vrijdag;16-09-2016;17:00;01:00;37;17 jarig bestaan Hofman Cafe;Janskerkhof
zaterdag;17-09-2016;09:00;17:00;37;Giant Step for PXE;Uithof
zaterdag;17-09-2016;18:00;19:00;37;Stoom!;Maliebaan
zaterdag;17-09-2016;10:00;16:00;37;Wijkdag Lunetten;Zevenwouden
zondag;18-09-206;14:00;16:30;37;Athlon Tour of the Century;Haarrijnseplas en route
zaterdag;17-09-2016;18:00;23:00;37;Brommerbios Berlijnplein;Berlijnplein
zaterdag;17-09-2016;14:00;01:00;37;Proef het Plein;Willem van Abcoudeplein
zaterdag;17-09-2016;11:00;17:00;37;Colorful Zuilen;Prins Bernhardplein
zaterdag;17-09-2016;12:00;18:00;37;Platen + Pinten;Lange Jufferstraat
zondag;17-09-2016 t/m 25-09-2016;12:00;18:00;37;Nationale Sportweek;Korte Minrebroederstraat
zondag;17-09-2016 t/m 25-09-2016;12:00;18:00;37;Nationale Sportweek;Route door binnenstad
zondag;18-09-206;13:00;17:00;37;A Lazy Sunday Afternoon;Park Lepelenburg
zondag;18-09-206;13:00;21:00;37;activiteitendagen voor de parkbezoekers;Griftpark
zondag;18-09-206;12:00;18:00;37;De Streekmarkt;Wilhelminapark
zondag;18-09-206;13:00;17:00;37;Lazy Sunday Afternoons;Hoge Woerd
zaterdag;17-12-2016 t/m 20-12-2016;07:00;23:00;37;Haarse feestweek (Haarse kermis);Brink
woensdag;21-09-2016 t/m 29-09-2016;09:00;02:00;38;Nederlands Film Festival;Neude, Stadsschouwburg, bioscopen
zondag;25-09-2016;12:00;18:00;38;Nationale Sportweek;Griftpark
woensdag;21-09-2016 t/m 25-09-2016;15:00;21:00;38;Circus Louis Knie;Amaliapark
woensdag;21-09-2016;09:00;16:00;38;Rio de Reinaerde;Sportpark Olympos, Botanische Tuinen
maandag;19-09-2016 t/m 23-09-2016;11:00;16:00;38;SusTasty;Genevelaan
dinsdag;20-09-2016 t/m 02-10-2016;10:00;18:00;38;Molman;Hoge Woerdplein
woensdag;21-09-2016;14:00;16:30;38;Kids Marathon;Prins Clausbrug
vrijdag;23-06-2016;10:00;13:00;38;Play;Hoge Woerd
vrijdag;23-06-2016;20:00;22:30;38;Utrecht Skate Parade;Lucasbolwerk
zaterdag;24-09-2016 t/m 25-09-2016;10:00;17:00;38;najaarsmarkt SC Overvecht;Seinedreef
zaterdag;24-09-2016;12:30;19:30;38;Morgen Vandaag;Rijksstraatweg
vrijdag;23-06-2016;15:00;21:30;38;netwerkdag Noordwest;Plantage
zaterdag;24-09-2016;12:00;18:00;38;Ark Festival Mundial;WKC Kanaleneiland
zaterdag;24-09-2016;10:00;17:00;38;Jaarmarkt Funmarkt;WKC Rokade
zaterdag;24-09-2016;11:00;16:00;38;Welkom in mijn AZC;Joseph Haydnlaan
zaterdag;24-09-2016;15:00;01:00;38;Buurtfeest Zeeheldenbuurt;Van Brakelstraat
zaterdag;24-09-2016;11:00;17:00;38;Binnenste Buiten;Maliebaan, Burgemeester Reigerstraat, nachtegaalstraat
zaterdag;24-09-2016;10:00;15:00;38;Rommelmarkt leidseweg;Leidseweg
zaterdag;24-09-2016;10:00;16:00;38;Opendag Brandweer;Burg. Norbruislaan
zaterdag;24-09-2016;00:11;17:00;38;Binnenste Buiten;Nachtegaalstraat en Burgemeester Reigerstraat en Maliebaan
zaterdag;24-09-2016;15:00;00:00;38;Majella Wonen;Thomas á Kempisplantsoen
zondag;25-09-2016;13:00;18:00;38;Bewoners samen in beweging door cultuur, dans en muziek;Tolsteegplantsoen
zondag;25-09-2016;11:00;17:00;38;Platen en CD Beurs;Janskerkhof
zondag;25-09-2016;13:00;18:30;38;Oogstfeest Hier en Daar;Castellum Hogewoerd (binnen terrein)
vrijdag;23-10-2016;23:08;17:00;38;TEAM LOTTO-NL JUMBO FANDAG;Jaarbeurs en route
vrijdag;30-09-2016;16:00;18:00;39;Magic Circus;Beethovenplein
vrijdag;30-09-2016;20:00;22:30;39;Utrecht Skate Parade;Lucasbolwerk
zaterdag;01-10-2016;11:00;15:00;39;Back 2 School;Smaragdplein
zaterdag;01-10-2016;10:00;16:00;39;Curves Vriendinnenloop;Moreelsepark
zaterdag;01-10-2016;12:00;18:00;39;Le Bazarre;Korte Minrebroederstraat
zaterdag;01-10-2016;10:00;18:00;39;Buurtfeest;Seringstraat
zondag;02-10-2016;09.30;18:00;39;Singelloop;Wilhelminapark
zondag;02-10-2016;09.30;18:00;39;Singelloop;Maliebaan
zondag;02-10-2016;11:00;18:00;39;De Streekmarkt;Mariaplaats
zondag;02-10-2016;09:00;13:00;39;Máximapark Seizoenslopen;Maximapark
dinsdag;04-10-2016;10:00;23:00;40;Duurzame Week Utrecht;Domplein
dinsdag;4-10-2016 t/m 05-10-2016;16:00;18:00;40;Magic Circus;Wielingenplein
dinsdag;4-10-2016 t/m 13-10-2016;10:00;14:00;40;Molman;Kanaalweg 91
donderdag;06-10-2016;16:00;01:00;40;Bruiloft Hanke en Evert;Haarrijnseplas
vrijdag;7-10-2016 t/m 09-10-2016;16:00;18:00;40;Magic Circus;Wilhelminapark
zaterdag;08-10-2016;11:00;17:00;40;Platen en CD Beurs;Mariaplaats
zaterdag;08-10-2016;11:00;18:00;40;Rommelmarkt Buitenwittevrouwen;Kerkstraat & Tulpstraat
zondag;09-10-2016;09:00;16:00;40;Haarrijntrailrun;Haarrijnseplas
dinsdag;11-10-2016 t/m 12-10-2016;16:00;18:00;41;Magic Circus;Ella Fitzgeraldplein
donderdag;13-10-2016;13:10;12:00;41;Aftrap campagne 'Nederland Onbeperkt';Stadhuisbrug
vrijdag;14-10-2016 t/m 16-10-2016;16:00;18:00;41;Magic Circus;Julianapark
zaterdag;15-10-2016;10:00;17:00;41;Braderie WKC De Klop;WKC De Klop
zondag;16-10-2016;10:00;15:00;41;Maliebaanloop;Maliebaan
zondag;16-10-2016;10:00;15:00;41;Maliebaanloop;Museumlaan
zondag;16-10-2016;10:00;15:00;41;Maliebaanloop;Emmalaan
zondag;16-10-2016;10:00;15:00;41;Maliebaanloop;Wilhelminapark
zondag;16-010-2016;16:14;22:00;41;Slotfestival Armoedeweek: Rijk door delen;Makassarstraat
zaterdag;20-10-2016 t/m 22-10-2016;22:00;05:00;42;Ancient Party 2016;Janskerkhof
zaterdag;22-10-2016;11:00;18:00;42;Braderie Marco Pololaan;Marco Pololaan
zondag;23-10-2016;11:00;17:00;42;Platen en CD Beurs;Janskerkhof
vrijdag;28-10-2016 t/m 06-11-2016;19:00;23:00;43;Everyman;De zuid-passage van Hoog Catharijne
vrijdag;26-10-2016 t/m 31-10-2016;14:00;00:00;43;Halloween kermis Leidsche Rijn;Berlijnplein
dinsdag;25-10-2016 t/m 26-10-2016;16:00;18:00;43;Magic Circus;De Meerndijk, Castellumlaan
zaterdag;29-10-2016;22:00;07:00;43;Unlocked 2016;Jaarbeurs
vrijdag;28-10-2016 t/m 30-10-2016;16:00;18:00;43;Magic Circus;Zuiderburcht, Middenburcht, Vleuterweide
zondag;30-10-2016;11:00;19:00;43;Bier en septemberfeest 2016;Dorpsplein
zaterdag;29-10-2016;12:00;16:00;43;Pheidippidesloop;mytylweg
zondag;30-10-2016;12:00;18:00;43;Culturele Zondagen: WinWin;"Oude Postkantoor, Neude, Stadhuisbrug, Wolvenplein, Winkel van
Sinkel, oud Staffhorst gebouw, Het Huis, zeilboot aan de Nieuwekade."
dinsdag;01-11-2016 t/m 02-11-2016;16:00;18:00;44;Magic Circus;Dorpsplein
woensdag;02-11-2016;08:00;17:00;44;Film opname Lukkien;Stadhuisbrug, vismarkt, zadelstraat.
vrijdag;04-11-2016 t/m 06-11-2016;16:00;18:00;44;Magic Circus;Griftpark
zaterdag;05-11-2016;11:00;18:00;44;Braderie WKC Plantage;Plantage
zaterdag;05-11-2016;05:17;19:15;44;La Caravane de Saint Martin;Domplein, Lange Nieuwstraat
zaterdag;05-11-2016;05:15;16:00;44;Intocht reünistendag;Park Lepelenburg, Herenstraat, Nieuwegracht, Trans, Domplein, Muntstraat, Nobelstraat, Lucas Bolwerk.
zaterdag;05-11-2016;14:00;18:00;44;Buurt Barbeque Proef de Nieuwe Gaard;WKC De nieuwe Gaard
zondag;06-11-2016;11:00;18:00;44;De Streekmarkt;Mariaplaats
zondag;06-11-2016;12:00;18:00;44;Sint Maartensmarkt;Korte Minrebroederstraat
zondag;06-11-2016;12:00;18:00;44;Sint Maartensmarkt;Vismarkt
zondag;06-11-2016;12:00;18:00;44;Sint Maartensmarkt;Ganzenmarkt
woensdag;08-11-2016 t/m 09-11-2016;16:00;18:00;45;Magic Circus;Majellapark of H.J. Schimmelplein
donderdag;10-11-2016 t/m 14-11-2016;12:00;00:00;45;Le Guess Who;Neude
donderdag;10-11-2016;10:00;20:00;45;Platen en CD Beurs;Vredenburg
vrijdag;11-11-2016 t/m 13-11-2016;16:00;18:00;45;Magic Circus;P-terrein Einsteindreef/Gloriantdreef (naast C&A)
vrijdag;11-11-2016;17:30;18:30;45;Sint Maartenspel;Achter de dom
vrijdag;11-11-2016;11:08;10:00;45;Vlag hijsen voor Sint Maarten;Korte Minrebroedersstraat
vrijdag;11-11-2016;22:15;23:45;45;Fakkeltocht Unitas S.R. na inauguratieeerstejaars;Domplein en route
vrijdag;11-11-2016;11:18;20:30;45;Lampionnenoptocht Sint Maarten in wijkTuindorp;w.de zwijgerplantsoen via DeBruinlaan, V.Bemmelenlaan, V.Voort v.Zijplaan, Mayerlaan, Raiffeissenlaan naarlubroveld.
vrijdag;11-11-2016;11:19;20:30;45;St. Maarten Lampionnenoptocht;Herderplein, Dickenslaan,V. Hugoplantsoen, E.Meijsterlaan,Petrarcalaan, Racinelaan,Goethelaan, Schubertstraat,Beethovenplein,Handelstraat
vrijdag;11-11-2016;17:00;18:00;45;Lustrum 5 jarig bestaan basisschool Blauwe Aventurijn;Ridderlaan
zaterdag;12-11-2016;12:14;17:00;45;Sinterklaasintocht Vleuterweide;Op het plein van de Cultuurcampus
zondag;13-11-2016;11:30;16:00;45;Intocht Sinterklaas centrum;Domplein
zaterdag;12-11-2016;11:00;17:00;45;Braderie IBB;Ina Boudier Bakkerhof
zondag;13-11-2016;10:00;14:00;45;Lintloop MAX;Maximapark
donderdag;10-12-2016;10:08;17:00;45;Filmopname Lukkien Spinning records;Zocherpark
zaterdag;19-11-2016;19:10;16:00;46;Puur Lunetten - streekmarkt;Winkelcentrum Lunetten
zaterdag;19-11-2016;19:09;12:00;46;Intocht St. Nicolaas;WKC Rokade
zaterdag;19-11-2016;19:10;11:15;46;Intocht Sinterklaas;Zandweg, Meernbrug, Meerndijk, Oranjelaan, Mereveldlaan
zaterdag;19-11-2016;19:13;16:15;46;Sinterklaasoptocht Oog in Al;Kanaalweg, Shakespearelaan, E.Meijsterlaan, Mozartlaan, Beethovenlaan,Beethovenplein, Händelstraat,Petrarcalaan, Corneillelaan, Goethelaan,Racinelaan, Dantelaan
zaterdag;19-11-2016;19:12;16:30;46;Intocht Sinterklaas Hoograven ;Oranjebrug Diamantweg, Julianaweg,Burgemeester Smitstraat, Rijnhuizenlaan,OudWulvenlaan, 'T Goylaan, ConstantErzeijstraat, Detmoldstraat, Aquamarijlaan
zaterdag;19-11-2016;13:00;16:00;46;Sinterklaasintocht Tuindorp;W. de Zwijgerplantsoen en route
zondag;20-11-2016;20:11;13:30;46;Hellas-7-Loop;Atletiekbaan Maarschalkerweerd
zaterdag;19-12-2016;19:11;12:30;46;Intocht Sinterklaas Vleuten;"Parkhof Pastoor Ohllaan, Hindersteinlaan, Dorpsstraat, Dorpsplein (met deelnemers); na het onthaal via parkeerplaats Nieuwe Vaart aan de Schoolstraat richting Haarzuiiens (zonder deelnemers)"
zaterdag;19-11-2016;10:30;12:00;46;sinterklaasoptocht leidsche rijn;WKC Parkwijk
woensdag;23-11-2016;10:00;22:00;47;Country & Christmas Fair;Kasteel de Haar
zaterdag;26-11-2016;02:10;16:00;47;(H)eerlijk Händelstraat - streekmarkt;Handelsstraat
zaterdag;26-11-2016;02:13;16:00;47;Sinterklaas bezoekt Amsterdamsestraatweg;Amsterdamsestraatweg
zaterdag;26-11-2016 t/m 27-11-2016;13:00;16:30;47;Zapp Sinterklaas;Jaarbeurs
zaterdag;26-11-2016;14:00;16:00;47;Bezoek Sinterklaas;WKC De nieuwe Gaard
vrijdag;25-12-2016;01:08;17:00;47;Film opname Digital Hijack van de Avro Tros NPO 3;Janskerkhof
woensdag;30-11-2016;06:06;18:00;48;Bezoek van de Belgische Koninklijke familie in Utrecht;Jaarbeursplein
zaterdag;03-12-2016;11:00;14:00;48;Bezoek Sinterklaas;Ella Fritzgeraldplein
zondag;04-12-2016;11:00;18:00;48;De Streekmarkt;Mariaplaats
donderdag;08-12-2016 t/m 11-12-2016;10:00;20:00;49;Allerhande Kerstfestival;Spoorwegmuseum, Johan van Oldenbarneveltlaan, Oosterstraat,
zaterdag;10-12-2016;09:00;17:00;49;Landelijk Missionair Festival;Joseph Haydnlaan
vrijdag;09-12-2016 t/m 11-12-2016;10:00;01:00;49;KNUSS winterfest;"Neude, Twijnstraat, Domplein, Stadhuisplein, Mariaplaats en
Janskerkhof"
zaterdag;10-12-2016;14:00;18:00;49;Kerstmarkt Oog in Al;Park oog in Al
zaterdag;10-12-2016 t/m 11-12-2016;18:00;22:45;49;Max Proms;Jaarbeurs
zondag;11-12-2016;18:30;19:30;49;Wereldlichtjesdag LR;Maximapark
zondag;11-12-2016;13:00;17:00;49;Kerstmarkt 2016 De Koppelsteede;Stadsboerderij De Koppelsteede
zaterdag;10-12-2016;10:10;16:00;49;Kerstevenement;Ella Fitzgeraldplein
vrijdag;16-12-2016;17:00;00:00;50;Kerstbal Festival;Berlijnplein
dinsdag;13-12-2016;11:00;17:00;50;Maak de droom waar;Jaarbeurs
vrijdag;16-12-2016 t/m 17-12-2016;09:00;19:00;50;Bij Kees Kerstweekend;Rijnlaan
vrijdag;16-12-2016;18:00;20:00;50;Lichtjestocht in Oost;Wilhelminapark en route
zaterdag;17-12-2016 t/m 18-12-2016;14:00;21:00;50;Kerstmarkt Leidsche Rijn;WKC Vleuterweide
zaterdag;17-12-2016 t/m 18-12-2016;17:00;23:00;50;Kerst in het Julianapark;Julianapark
zaterdag;17-12-2016;17:14;21:00;50;Eind event Game Leidsche Rijn;Castellum Hoge Woerd
zaterdag;17-12-2016;17:12;17:00;50;Straatfeest in kerstsfeer;Amsterdamsestraatweg
zaterdag;17-12-2016;11:30;16:30;50;Groots genieten op de Gagelhof;WKC Gagelhof
zaterdag;17-12-2016;17:17;20:30;50;Kerstlichtjestocht;De Gaard en route
zondag;18-12-2016;18:11;13:30;50;Hellas-7-Loop;Atletiekbaan Overvecht
zaterdag;17-12-2016;17:11;22:00;50;Nederlands Kampioenschap Ijsklimmen;P&Rde Uithof Uppsalalaan 7
woensdag;21-12-2016;21:17;19:30;51;Licht op Hoge Weide;Hogeweide en route
zaterdag;23-12-2016 t/m 26-12-2016;13:00;22:00;51;Kerstmarkt;Moskeeplein
vrijdag;23-12-2016 t/m 24-12-2016;19:00;20:30;51;Candlelight Christmas;Ella Fitzgeraldplein
zaterdag;24-12-2016;15:00;21:00;51;activiteitendagen voor de parkbezoekers;Griftpark
zondag;03-01-2016;09:00;13:00;53;Máximapark Seizoenslopen;Maximapark
vrijdag;jaarvergunning;wisselend;;jaar;Arrival / Departures;Stadsplateau
vrijdag;jaarvergunning;wisselend;;jaar;Arrival / Departures;Vredenburgplein
vrijdag;jaarvergunning;wisselend;;jaar;Arrival / Departures;Moreelsepark
vrijdag;jaarvergunning;wisselend;;jaar;Arrival / Departures;Westplein
vrijdag;jaarvergunning;wisselend;;jaar;Jaarvergunning Molen de Ster;Molenerf de Ster
vrijdag;jaarvergunning;wisselend;;jaar;Jaarvergunning Winkelcentrum Parkwijk;Winkelcentrum Parkwijk
donderdag;12-06-2016 t/m 23-06-2016;?;;;Filmopnamen Hoe het zou kunnen zijn;Amsterdamsestraatweg
donderdag;12-06-2016 t/m 23-06-2016;?;;;Filmopnamen Hoe het zou kunnen zijn;Julianapark
zondag;12-06-2016;;;;HH markt (alternatieve locatie);Mariaplaats
;;;;;;
;;;;;;
;;;;;;
;;;;;;
;;;;;;
;;;;;;
;;;;;;
;;;;;;
;;;;;;
;;;;;;
;;;;;;
;;;;;;
;;;;;;
;;;;;;
;;;;;;
;;;;;;
;;;;;;
;;;;;;
;;;;;;
;;;;;;
;;;;;;
;;;;;;
;;;;;;
;;;;;;
;;;;;;
;;;;;;
;;;;;;
;;;;;;
;;;;;;
;;;;;;
;;;;;;
;;;;;;
;;;;;;
;;;;;;
;;;;;;
;;;;;;
;;;;;;
;;;;;;
;;;;;;
;;;;;;
;;;;;;
;;;;;;
;;;;;;
;;;;;;
;;;;;;
;;;;;;
;;;;;;
;;;;;;
;;;;;;
;;;;;;
;;;;;;
;;;;;;
;;;;;;
;;;;;;
;;;;;;
;;;;;;
;;;;;;
;;;;;;
;;;;;;
;;;;;;
;;;;;;
;;;;;;
;;;;;;
;;;;;;
;;;;;;
;;;;;;
;;;;;;
;;;;;;
;;;;;;
;;;;;;
;;;;;;
;;;;;;
;;;;;;
;;;;;;
;;;;;;
;;;;;;
;;;;;;
;;;;;;
;;;;;;
;;;;;;
;;;;;;
;;;;;;
;;;;;;
;;;;;;
;;;;;;
;;;;;;
;;;;;;
;;;;;;
;;;;;;
;;;;;;
;;;;;;
;;;;;;
;;;;;;
;;;;;;
;;;;;;
;;;;;;
;;;;;;
;;;;;;
;;;;;;
;;;;;;
;;;;;;
;;;;;;
;;;;;;
;;;;;;
;;;;;;
;;;;;;
;;;;;;
;;;;;;
;;;;;;
;;;;;;
;;;;;;
;;;;;;
;;;;;;
;;;;;;
;;;;;;
;;;;;;
;;;;;;
;;;;;;
;;;;;;
;;;;;;
;;;;;;
;;;;;;
;;;;;;
;;;;;;
;;;;;;
;;;;;;
;;;;;;
;;;;;;
;;;;;;
;;;;;;
;;;;;;
;;;;;;
;;;;;;
;;;;;;
;;;;;;
;;;;;;
;;;;;;
;;;;;;
;;;;;;
;;;;;;
;;;;;;
;;;;;;
;;;;;;
;;;;;;
;;;;;;
;;;;;;
;;;;;;
;;;;;;
;;;;;;
;;;;;;
;;;;;;
;;;;;;
;;;;;;
;;;;;;
;;;;;;
;;;;;;
;;;;;;
;;;;;;
;;;;;;
;;;;;;
;;;;;;
;;;;;;
;;;;;;
;;;;;;
;;;;;;
;;;;;;
;;;;;;
;;;;;;
;;;;;;
;;;;;;
;;;;;;
;;;;;;
;;;;;;
;;;;;;
;;;;;;
;;;;;;
;;;;;;
;;;;;;
;;;;;;
;;;;;;
;;;;;;
;;;;;;
;;;;;;
;;;;;;
;;;;;;
;;;;;;
;;;;;;
;;;;;;
;;;;;;
;;;;;;
;;;;;;
;;;;;;
;;;;;;
;;;;;;
;;;;;;
;;;;;;
;;;;;;
;;;;;;
;;;;;;
;;;;;;
;;;;;;
;;;;;;
;;;;;;
;;;;;;
;;;;;;
;;;;;;
;;;;;;
;;;;;;
;;;;;;
;;;;;;
;;;;;;
;;;;;;
;;;;;;
;;;;;;
;;;;;;
;;;;;;
;;;;;;
;;;;;;
;;;;;;
;;;;;;
;;;;;;
;;;;;;
;;;;;;
;;;;;;
;;;;;;
;;;;;;
;;;;;;
;;;;;;
;;;;;;
;;;;;;
;;;;;;
;;;;;;
;;;;;;
;;;;;;
;;;;;;
;;;;;;
;;;;;;
;;;;;;
;;;;;;
;;;;;;
;;;;;;
;;;;;;
;;;;;;
;;;;;;
;;;;;;
;;;;;;
;;;;;;
;;;;;;
;;;;;;
;;;;;;
;;;;;;
;;;;;;
;;;;;;
;;;;;;
;;;;;;
;;;;;;
;;;;;;
;;;;;;
;;;;;;
;;;;;;
;;;;;;
;;;;;;
;;;;;;
;;;;;;
;;;;;;
;;;;;;
;;;;;;
;;;;;;
;;;;;;
;;;;;;
;;;;;;
;;;;;;
;;;;;;
;;;;;;
;;;;;;
;;;;;;
;;;;;;
;;;;;;
;;;;;;
;;;;;;
;;;;;;
;;;;;;
;;;;;;
;;;;;;
;;;;;;
;;;;;;
;;;;;;
;;;;;;
;;;;;;
;;;;;;
;;;;;;
;;;;;;
;;;;;;
;;;;;;
;;;;;;
;;;;;;
;;;;;;
;;;;;;
;;;;;;
;;;;;;
;;;;;;
;;;;;;
;;;;;;
;;;;;;
;;;;;;
;;;;;;
;;;;;;
;;;;;;
;;;;;;
;;;;;;
;;;;;;
;;;;;;
;;;;;;
;;;;;;
;;;;;;
;;;;;;
;;;;;;
;;;;;;
;;;;;;
;;;;;;
;;;;;;
;;;;;;
;;;;;;
;;;;;;
;;;;;;
;;;;;;
;;;;;;
;;;;;;
;;;;;;
;;;;;;
;;;;;;
;;;;;;
;;;;;;
;;;;;;
;;;;;;
;;;;;;
;;;;;;
;;;;;;
;;;;;;
;;;;;;
;;;;;;
;;;;;;
;;;;;;
;;;;;;
;;;;;;
;;;;;;
;;;;;;
;;;;;;
;;;;;;
;;;;;;
;;;;;;
;;;;;;
;;;;;;
;;;;;;
;;;;;;
;;;;;;
;;;;;;
;;;;;;
;;;;;;
;;;;;;
;;;;;;
;;;;;;
;;;;;;
;;;;;;
;;;;;;
;;;;;;
;;;;;;
;;;;;;
;;;;;;
;;;;;;
