objectid;automaatnummer;tariefcode;mobiliteitstoeslag;uurtarief;maximum_dagtarief;gsm_code;betaaaldagen;koopavond;koopzondag;betaaltijd;betaaltijd_koopavond;betaaltijd_koopzondag;straatnaam;locatie;geo_shape;geo_point_2d
325;9205;C1;nvt;1,80;nvt;5192;Maandag t/m zondag;;;09.00 - 21.00;;;Beukenlaan;thv huisnr 41;"{""coordinates"": [5.44986563277343, 51.447169839820596], ""type"": ""Point""}";51.447169839820596, 5.44986563277343
326;8247;B2;0,20;1,90;6,60;5182;Maandag t/m zondag;;;09.00 - 21.00;;;Tongelresestraat;hoek Dommelhoefstraat;"{""coordinates"": [5.491744879847531, 51.43781650836956], ""type"": ""Point""}";51.43781650836956, 5.491744879847531
327;9410;C1;nvt;1,80;nvt;5194;Maandag t/m vrijdag;;;09.00 - 18.00;;;Zanddreef;thv huisnr 122;"{""coordinates"": [5.407148734828475, 51.44705365145392], ""type"": ""Point""}";51.44705365145392, 5.407148734828475
332;5769;B1;0,20;1,90;nvt;5157;Maandag t/m zondag;;;09.00 - 21.00;;;Strijpsestraat;thv huisnr 38;"{""coordinates"": [5.46148025777553, 51.438777965086274], ""type"": ""Point""}";51.438777965086274, 5.46148025777553
334;8358;B2;0,20;1,90;6,60;5183;Maandag t/m zondag;;;09.00 - 21.00;;;Hoogstraat;St. Lambertusstraat (terrein);"{""coordinates"": [5.4711535173369485, 51.43342500153609], ""type"": ""Point""}";51.43342500153609, 5.4711535173369485
339;7727;B2;0,20;1,90;6,60;5177;Maandag t/m zondag;;;09.00 - 21.00;;;Bergmannstraat;thv huisnr 41;"{""coordinates"": [5.470238465856347, 51.43012243927479], ""type"": ""Point""}";51.43012243927479, 5.470238465856347
340;8248;B2;0,20;1,90;6,60;5182;Maandag t/m zondag;;;09.00 - 21.00;;;Valklaan;hoek Pauwlaan;"{""coordinates"": [5.4942141351999805, 51.44043602311382], ""type"": ""Point""}";51.44043602311382, 5.4942141351999805
347;1410;A3;0,20;2,60;10,30;5114;Maandag t/m zondag;;;09.00 - 21.00;;;Stationsweg;P-terrein oost;"{""coordinates"": [5.483700733577545, 51.44256732450508], ""type"": ""Point""}";51.44256732450508, 5.483700733577545
351;1610;A3;0,20;2,60;10,30;5116;Maandag t/m zondag;;;09.00 - 21.00;;;Tramstraat;terrein achter Dorint (Pullmann);"{""coordinates"": [5.482811772660963, 51.43925462693371], ""type"": ""Point""}";51.43925462693371, 5.482811772660963
352;1710;A2;0,20;2,60;nvt;5117;Maandag t/m zondag;;;09.00 - 21.00;;;Tramstraat;thv huisnr 33/35;"{""coordinates"": [5.483576690812834, 51.43913202804976], ""type"": ""Point""}";51.43913202804976, 5.483576690812834
354;1920;A1;0,30;3,70;nvt;5119;Maandag t/m zondag;;;09.00 - 21.00;;;Zwembadweg;thv huisnr 15;"{""coordinates"": [5.4775325221559354, 51.433848850396885], ""type"": ""Point""}";51.433848850396885, 5.4775325221559354
356;2020;A1;0,30;3,70;nvt;5120;Maandag t/m zondag;;;09.00 - 21.00;;;Paradijslaan;thv huisnr 14;"{""coordinates"": [5.478142417830844, 51.43556702370279], ""type"": ""Point""}";51.43556702370279, 5.478142417830844
358;2210;A1;0,30;3,70;nvt;5122;Maandag t/m zondag;;;09.00 - 21.00;;;Kleine Berg;thv huisnr 68 (tussen Grote Berg en Pr. Hendrikstr);"{""coordinates"": [5.4740181311952645, 51.435895949535755], ""type"": ""Point""}";51.435895949535755, 5.4740181311952645
366;4025;A2;0,20;2,60;nvt;5140;Maandag t/m zondag;;;09.00 - 21.00;;;Jan Smitzlaan;thv huisnr 41;"{""coordinates"": [5.4834650829568305, 51.433234164353294], ""type"": ""Point""}";51.433234164353294, 5.4834650829568305
367;4030;A2;0,20;2,60;nvt;5140;Maandag t/m zondag;;;09.00 - 21.00;;;Stratumsedijk;thv huisnr 24;"{""coordinates"": [5.4844251749831265, 51.433067844590965], ""type"": ""Point""}";51.433067844590965, 5.4844251749831265
376;6350;B1;0,20;1,90;nvt;5163;Maandag t/m zondag;;;09.00 - 21.00;;;Aalsterweg;thv huisnr 71E;"{""coordinates"": [5.48634607808974, 51.4260957012998], ""type"": ""Point""}";51.4260957012998, 5.48634607808974
379;6901;C1;nvt;1,80;nvt;5169;Maandag t/m zondag;;;09.00 - 21.00;;;Luxemburglaan;nabij huisnr 119;"{""coordinates"": [5.478045636009961, 51.47092363695323], ""type"": ""Point""}";51.47092363695323, 5.478045636009961
380;6902;C1;nvt;1,80;nvt;5169;Maandag t/m zondag;;;09.00 - 21.00;;;Luxemburglaan;nabij huisnr 99;"{""coordinates"": [5.478077631342206, 51.4715806375252], ""type"": ""Point""}";51.4715806375252, 5.478077631342206
381;7410;B2;0,20;1,90;6,60;5174;Maandag t/m zondag;;;09.00 - 21.00;;;Marconilaan;to huisnr 203 (Lunchroom Dinnertime);"{""coordinates"": [5.45849768764901, 51.44986666962032], ""type"": ""Point""}";51.44986666962032, 5.45849768764901
382;7510;B2;0,20;1,90;6,60;5175;Maandag t/m zondag;;;09.00 - 21.00;;;Alberdingk Thijmlaan;terrein Parktheater;"{""coordinates"": [5.483997769218883, 51.427889598747505], ""type"": ""Point""}";51.427889598747505, 5.483997769218883
385;7620;B2;0,20;1,90;6,60;5176;Maandag t/m zondag;;;09.00 - 21.00;;;Ericastraat;t/o 15;"{""coordinates"": [5.488021390515193, 51.42508512676791], ""type"": ""Point""}";51.42508512676791, 5.488021390515193
386;7630;B2;0,20;1,90;6,60;5176;Maandag t/m zondag;;;09.00 - 21.00;;;Anna Bijnsweg;thv huisnr 2;"{""coordinates"": [5.485774266135305, 51.42659602761128], ""type"": ""Point""}";51.42659602761128, 5.485774266135305
387;7701;B2;0,20;1,90;6,60;5177;Maandag t/m zondag;;;09.00 - 21.00;;;Edenstraat;thv huisnr 16;"{""coordinates"": [5.474628925463839, 51.43354596773174], ""type"": ""Point""}";51.43354596773174, 5.474628925463839
391;4910;B2;0,20;1,90;6,60;5149;Maandag t/m zondag;;;09.00 - 21.00;;;Prof. Dr. Dorgelolaan;terrein I;"{""coordinates"": [5.484601135138856, 51.44478401281496], ""type"": ""Point""}";51.44478401281496, 5.484601135138856
394;5001;B2;0,20;1,90;6,60;5150;Maandag t/m zondag;;;09.00 - 21.00;;;Montgomerylaan;thv huisnr 639 (lm 157);"{""coordinates"": [5.477283961888768, 51.45144076563833], ""type"": ""Point""}";51.45144076563833, 5.477283961888768
396;5006;B2;0,20;1,90;6,60;5150;Maandag t/m zondag;;;09.00 - 21.00;;;Weverstraat;to Spinnerstraat;"{""coordinates"": [5.475470664569539, 51.448729969792566], ""type"": ""Point""}";51.448729969792566, 5.475470664569539
399;5050;B2;0,20;1,90;6,60;5150;Maandag t/m zondag;;;09.00 - 21.00;;;Montgomerylaan;thv huisnrs 11-45;"{""coordinates"": [5.4763308942339535, 51.44573175512386], ""type"": ""Point""}";51.44573175512386, 5.4763308942339535
400;5070;B2;0,20;1,90;6,60;5150;Maandag t/m zondag;;;09.00 - 21.00;;;Montgomerylaan;thv huisnrs 287-329;"{""coordinates"": [5.476518082507159, 51.44717225940611], ""type"": ""Point""}";51.44717225940611, 5.476518082507159
405;5610;B1;0,20;1,90;nvt;5156;Maandag t/m zondag;;;09.00 - 21.00;;;Boschdijk;thv huisnr 24;"{""coordinates"": [5.4709148073936085, 51.44545896412642], ""type"": ""Point""}";51.44545896412642, 5.4709148073936085
409;5774;B1;0,20;1,90;nvt;5157;Maandag t/m zondag;;;09.00 - 21.00;;;Frederiklaan;thv huisnr 33 (hoek Hulstlaan);"{""coordinates"": [5.465834191824582, 51.44135906482401], ""type"": ""Point""}";51.44135906482401, 5.465834191824582
412;5752;B1;0,20;1,90;nvt;5157;Maandag t/m zondag;;;09.00 - 21.00;;;Plataanlaan;to huisnr 34;"{""coordinates"": [5.4565451296132235, 51.44396412384365], ""type"": ""Point""}";51.44396412384365, 5.4565451296132235
413;5753;B1;0,20;1,90;nvt;5157;Maandag t/m zondag;;;09.00 - 21.00;;;Populierenweg / Kleinakkerweg;thv lm 09;"{""coordinates"": [5.45364216868984, 51.444136100163576], ""type"": ""Point""}";51.444136100163576, 5.45364216868984
508;8357;B2;0,20;1,90;6,60;5183;Maandag t/m zondag;;;09.00 - 21.00;;;Hagenkampweg Zuid;thv huisnr 136;"{""coordinates"": [5.467121895453706, 51.43260577550765], ""type"": ""Point""}";51.43260577550765, 5.467121895453706
513;8385;B2;0,20;1,90;6,60;5183;Maandag t/m zondag;;;09.00 - 21.00;;;Lodewijk Napoleonlaan;thv huisnr 21a (hoek 't Vonderke);"{""coordinates"": [5.467667530671214, 51.43739452108101], ""type"": ""Point""}";51.43739452108101, 5.467667530671214
514;8386;B2;0,20;1,90;6,60;5183;Maandag t/m zondag;;;09.00 - 21.00;;;Amalia van Anhaltstraat;thv huisnr 31a (hoek Willem Frisostr);"{""coordinates"": [5.465710622640437, 51.43733812713327], ""type"": ""Point""}";51.43733812713327, 5.465710622640437
516;8389;B2;0,20;1,90;6,60;5183;Maandag t/m zondag;;;09.00 - 21.00;;;Jan de Oudestraat;nabij huisnr 47;"{""coordinates"": [5.464176488563236, 51.435837383838624], ""type"": ""Point""}";51.435837383838624, 5.464176488563236
419;5762;B1;0,20;1,90;nvt;5157;Maandag t/m zondag;;;09.00 - 21.00;;;Kastanjelaan;to huisnr 25;"{""coordinates"": [5.457826734840794, 51.444650076338284], ""type"": ""Point""}";51.444650076338284, 5.457826734840794
421;5765;B1;0,20;1,90;nvt;5157;Maandag t/m zondag;;;09.00 - 21.00;;;Kastanjelaan;thv huisnr 109;"{""coordinates"": [5.454091590332351, 51.44565073959719], ""type"": ""Point""}";51.44565073959719, 5.454091590332351
423;5767;B1;0,20;1,90;nvt;5157;Maandag t/m zondag;;;09.00 - 21.00;;;Kreugelstraat;thv huisnr 36;"{""coordinates"": [5.450730789460103, 51.44680173488918], ""type"": ""Point""}";51.44680173488918, 5.450730789460103
426;5772;B1;0,20;1,90;nvt;5157;Maandag t/m zondag;;;09.00 - 21.00;;;Willemstraat;thv huisnr 58 (hoek St. Antoniusstr);"{""coordinates"": [5.467193736830703, 51.438842686463815], ""type"": ""Point""}";51.438842686463815, 5.467193736830703
429;5776;B1;0,20;1,90;nvt;5157;Maandag t/m zondag;;;09.00 - 21.00;;;Frederiklaan;thv huisnr 14 (hoek De Jonghln);"{""coordinates"": [5.463343297062747, 51.442864233731584], ""type"": ""Point""}";51.442864233731584, 5.463343297062747
432;6370;B1;0,20;1,90;nvt;5163;Maandag t/m zondag;;;09.00 - 21.00;;;Leenderweg;thv huisnr 84;"{""coordinates"": [5.489537099058303, 51.425926844911736], ""type"": ""Point""}";51.425926844911736, 5.489537099058303
434;6210;B1;0,20;1,90;nvt;5162;Maandag t/m zondag;;;09.00 - 21.00;;;Kruisstraat;thv huisnr 43A;"{""coordinates"": [5.475140549155143, 51.44638737691722], ""type"": ""Point""}";51.44638737691722, 5.475140549155143
439;6270;B1;0,20;1,90;nvt;5162;Maandag t/m zondag;;;09.00 - 21.00;;;Kruisstraat;thv huisnr 179;"{""coordinates"": [5.473389743816192, 51.4498206649976], ""type"": ""Point""}";51.4498206649976, 5.473389743816192
440;6280;B1;0,20;1,90;nvt;5162;Maandag t/m zondag;;;09.00 - 21.00;;;Kruisstraat;to huisnr 56;"{""coordinates"": [5.474966776100288, 51.44569367108257], ""type"": ""Point""}";51.44569367108257, 5.474966776100288
442;6320;B1;0,20;1,90;nvt;5163;Maandag t/m zondag;;;09.00 - 21.00;;;Aalsterweg;thv huisnr 44;"{""coordinates"": [5.486421062498553, 51.42704210334427], ""type"": ""Point""}";51.42704210334427, 5.486421062498553
445;2610;A1;0,30;3,70;nvt;5126;Maandag t/m zondag;;;09.00 - 21.00;;;De Rungraaf;parkeerterrein;"{""coordinates"": [5.473984494315674, 51.43501888402547], ""type"": ""Point""}";51.43501888402547, 5.473984494315674
446;2710;A2;0,20;2,60;nvt;5127;Maandag t/m zondag;;;09.00 - 21.00;;;Mathildelaan;thv nr 4 (politiebureau);"{""coordinates"": [5.472940825559247, 51.44122572853022], ""type"": ""Point""}";51.44122572853022, 5.472940825559247
452;3110;A2;0,20;2,60;nvt;5131;Maandag t/m zondag;;;09.00 - 21.00;;;Mathildelaan;thv huisnr 45 (Ventoseflat);"{""coordinates"": [5.470492719496615, 51.44138869281896], ""type"": ""Point""}";51.44138869281896, 5.470492719496615
453;3201;B1;0,20;1,90;nvt;5132;Maandag t/m zondag;;;09.00 - 21.00;;;Borchmolen;thv huisnrs 4 t/m 10;"{""coordinates"": [5.4782706807766095, 51.44652474053508], ""type"": ""Point""}";51.44652474053508, 5.4782706807766095
456;3310;A1;0,30;3,70;nvt;5133;Maandag t/m zondag;;;09.00 - 21.00;;;Keizersgracht;terrein Fens - zuid;"{""coordinates"": [5.476312757822569, 51.43750297050595], ""type"": ""Point""}";51.43750297050595, 5.476312757822569
458;4133;B1;0,20;1,90;nvt;5141;Maandag t/m zondag;;;09.00 - 21.00;;;W. v Hornestraat;H.H. van Brabantplein - thv 4;"{""coordinates"": [5.486327008774411, 51.43292712770031], ""type"": ""Point""}";51.43292712770031, 5.486327008774411
460;7726;B2;0,20;1,90;6,60;5177;Maandag t/m zondag;;;09.00 - 21.00;;;Gestelsestraat;thv huisnr 118;"{""coordinates"": [5.470858814529157, 51.42940336349552], ""type"": ""Point""}";51.42940336349552, 5.470858814529157
471;7805;B2;0,20;1,90;6,60;5178;Maandag t/m zondag;;;09.00 - 21.00;;;Elzentlaan;thv huisnr 31;"{""coordinates"": [5.483289303219062, 51.42999968864092], ""type"": ""Point""}";51.42999968864092, 5.483289303219062
473;7808;B2;0,20;1,90;6,60;5178;Maandag t/m zondag;;;09.00 - 21.00;;;Tollenslaan;nabij huisnr 15 (hoek Poirterslaan);"{""coordinates"": [5.4804593719114925, 51.430729039552574], ""type"": ""Point""}";51.430729039552574, 5.4804593719114925
479;7907;B1;0,20;1,90;nvt;5179;Maandag t/m zondag;;;09.00 - 21.00;;;Kanaaldijk - Zuid;thv huisnr 222;"{""coordinates"": [5.488630460906357, 51.43691623461508], ""type"": ""Point""}";51.43691623461508, 5.488630460906357
507;8356;B2;0,20;1,90;6,60;5183;Maandag t/m zondag;;;09.00 - 21.00;;;Palingstraat;thv huisnr 19;"{""coordinates"": [5.468585193829016, 51.432964155514235], ""type"": ""Point""}";51.432964155514235, 5.468585193829016
481;7909;B1;0,20;1,90;nvt;5179;Maandag t/m zondag;;;09.00 - 21.00;;;Voorterweg;hoek J. van Eindhovenstraat;"{""coordinates"": [5.49229020926451, 51.43333933718054], ""type"": ""Point""}";51.43333933718054, 5.49229020926451
483;8010;A2;0,20;2,60;nvt;5180;Maandag t/m zondag;;;09.00 - 21.00;;;Willemstraat;thv huisnr 2;"{""coordinates"": [5.473045546736479, 51.43844547674691], ""type"": ""Point""}";51.43844547674691, 5.473045546736479
488;8222;B2;0,20;1,90;6,60;5182;Maandag t/m zondag;;;09.00 - 21.00;;;Dommelhoefstraat;thv huisnr 11;"{""coordinates"": [5.488794535872054, 51.43968896625378], ""type"": ""Point""}";51.43968896625378, 5.488794535872054
489;8230;B2;0,20;1,90;6,60;5182;Maandag t/m zondag;;;09.00 - 21.00;;;Nachtegaallaan;to huisnr 20;"{""coordinates"": [5.486716419176767, 51.43841175536809], ""type"": ""Point""}";51.43841175536809, 5.486716419176767
492;8245;B2;0,20;1,90;6,60;5182;Maandag t/m zondag;;;09.00 - 21.00;;;Kwartelstraat;hoek Fazantlaan;"{""coordinates"": [5.491196772506744, 51.44047660024265], ""type"": ""Point""}";51.44047660024265, 5.491196772506744
501;8342;B2;0,20;1,90;6,60;5183;Maandag t/m zondag;;;09.00 - 21.00;;;Mecklenburgstraat;thv huisnr 82-84;"{""coordinates"": [5.468083876406935, 51.43397324472885], ""type"": ""Point""}";51.43397324472885, 5.468083876406935
503;8345;B2;0,20;1,90;6,60;5183;Maandag t/m zondag;;;09.00 - 21.00;;;Anna van Engelandstraat;thv huisnrs 19-21;"{""coordinates"": [5.465894005139208, 51.43402953849813], ""type"": ""Point""}";51.43402953849813, 5.465894005139208
505;8352;B2;0,20;1,90;6,60;5183;Maandag t/m zondag;;;09.00 - 21.00;;;Mecklenburgstraat;thv huisnr 49;"{""coordinates"": [5.4693661572501, 51.43454074257459], ""type"": ""Point""}";51.43454074257459, 5.4693661572501
506;8353;B2;0,20;1,90;6,60;5183;Maandag t/m zondag;;;09.00 - 21.00;;;St. Lambertusstraat;thv huisnr 18;"{""coordinates"": [5.469658554564841, 51.434012358531206], ""type"": ""Point""}";51.434012358531206, 5.469658554564841
518;8520;B2;0,20;1,90;6,60;5185;Maandag t/m zondag;;;09.00 - 21.00;;;Dr. Willem Dreesstraat;thv 30;"{""coordinates"": [5.473640623872553, 51.447298531872235], ""type"": ""Point""}";51.447298531872235, 5.473640623872553
521;8630;B2;0,20;1,90;6,60;5186;Maandag t/m zondag;;;09.00 - 21.00;;;Aletta Jacobsplein;thv huisnr 44 (terrein midden);"{""coordinates"": [5.471219774847061, 51.443557672631385], ""type"": ""Point""}";51.443557672631385, 5.471219774847061
523;9001;C3;nvt;0,60 / 1,2;3,70;5190;Maandag t/m zaterdag;Koopavond (vrijdagav;Koopzondagen;09.00 - 18.00;18.00 - 21.00;12.00 - 17.00;Winkelcentrum Woensel;thv huisnr 1 (terrein B, noordoostzijde);"{""coordinates"": [5.476893257129501, 51.4700527647889], ""type"": ""Point""}";51.4700527647889, 5.476893257129501
524;9003;C3;nvt;0,60 / 1,2;3,70;5190;Maandag t/m zaterdag;Koopavond (vrijdagav;Koopzondagen;09.00 - 18.00;18.00 - 21.00;12.00 - 17.00;Winkelcentrum Woensel;thv huisnr 1 (terrein D, zuidoostzijde);"{""coordinates"": [5.477072421642137, 51.468761391349005], ""type"": ""Point""}";51.468761391349005, 5.477072421642137
526;9005;C3;nvt;0,60 / 1,2;3,70;5190;Maandag t/m zaterdag;Koopavond (vrijdagav;Koopzondagen;09.00 - 18.00;18.00 - 21.00;12.00 - 17.00;Winkelcentrum Woensel;thv huisnr 1 (terrein D, zuidoostzijde);"{""coordinates"": [5.476863208056121, 51.46903721304538], ""type"": ""Point""}";51.46903721304538, 5.476863208056121
527;9009;C3;nvt;0,60 / 1,2;3,70;5190;Maandag t/m zaterdag;Koopavond (vrijdagav;Koopzondagen;09.00 - 18.00;18.00 - 21.00;12.00 - 17.00;Winkelcentrum Woensel;thv huisnr 1 (terrein A, noordwestzijde);"{""coordinates"": [5.473693835805008, 51.47027396439066], ""type"": ""Point""}";51.47027396439066, 5.473693835805008
528;9011;C3;nvt;0,60 / 1,2;3,70;5190;Maandag t/m zaterdag;Koopavond (vrijdagav;Koopzondagen;09.00 - 18.00;18.00 - 21.00;12.00 - 17.00;Winkelcentrum Woensel;thv huisnr 1 (terrein C, zuidwestzijde);"{""coordinates"": [5.473255691401152, 51.46918894246387], ""type"": ""Point""}";51.46918894246387, 5.473255691401152
533;9018;C3;nvt;0,60 / 1,2;3,70;5190;Maandag t/m zaterdag;Koopavond (vrijdagav;Koopzondagen;09.00 - 18.00;18.00 - 21.00;12.00 - 17.00;Winkelcentrum Woensel;thv huisnr 1 (terrein D, zuidoostzijde);"{""coordinates"": [5.477434494072343, 51.4684417813558], ""type"": ""Point""}";51.4684417813558, 5.477434494072343
534;9020;C3;nvt;0,60 / 1,2;3,70;5190;Maandag t/m zaterdag;Koopavond (vrijdagav;Koopzondagen;09.00 - 18.00;18.00 - 21.00;12.00 - 17.00;Winkelcentrum Woensel;thv huisnr 1 (terrein D, zuidoostzijde);"{""coordinates"": [5.477868155300711, 51.46896683584353], ""type"": ""Point""}";51.46896683584353, 5.477868155300711
537;9103;C2;nvt;1,80;4,20;5191;Maandag t/m vrijdag;;;09.00 - 18.00;;;Freddy van Riemsdijkweg;thv huisnr 2;"{""coordinates"": [5.3968698382143945, 51.457371685542896], ""type"": ""Point""}";51.457371685542896, 5.3968698382143945
539;9106;C2;nvt;1,80;4,20;5191;Maandag t/m vrijdag;;;09.00 - 18.00;;;Henri Wijnmalenweg;nabij huisnr 5;"{""coordinates"": [5.39477279311101, 51.45533262521338], ""type"": ""Point""}";51.45533262521338, 5.39477279311101
540;9107;C2;nvt;1,80;4,20;5191;Maandag t/m vrijdag;;;09.00 - 18.00;;;Marinus van Meelweg;thv huisnr 12;"{""coordinates"": [5.391969384738697, 51.45491899741537], ""type"": ""Point""}";51.45491899741537, 5.391969384738697
545;8392;B2;0,20;1,90;6,60;5183;Maandag t/m zondag;;;09.00 - 21.00;;;Jacobus Deckersstraat;thv 59;"{""coordinates"": [5.461949911271996, 51.436960599516496], ""type"": ""Point""}";51.436960599516496, 5.461949911271996
546;5749;B1;0,20;1,90;nvt;5157;Maandag t/m zondag;;;09.00 - 21.00;;;Schootsestraat;thv-71;"{""coordinates"": [5.455248959350826, 51.443201080711674], ""type"": ""Point""}";51.443201080711674, 5.455248959350826
551;6120;B7;nvt;0,60 / 1,2;3,70;5161;Maandag t/m zondag;;;09.00 - 21.00;;;Klipperstraat;P-terrein - tv - lm 3;"{""coordinates"": [5.453442326809437, 51.440269467489145], ""type"": ""Point""}";51.440269467489145, 5.453442326809437
240;9116;C2;nvt;1,80;4,20;5191;Maandag t/m vrijdag;;;09.00 - 18.00;;;Adriaan Mulderweg;Tegenover M. van Meelweg;"{""coordinates"": [5.396995993947332, 51.45294581373276], ""type"": ""Point""}";51.45294581373276, 5.396995993947332
321;9201;C1;nvt;1,80;nvt;5192;Maandag t/m zondag;;;09.00 - 21.00;;;Zwaanstraat;thv huisnr 12;"{""coordinates"": [5.451067404635545, 51.448697127217294], ""type"": ""Point""}";51.448697127217294, 5.451067404635545
324;9204;C1;nvt;1,80;nvt;5192;Maandag t/m zondag;;;09.00 - 21.00;;;Meidoornplein;to huisnr 7;"{""coordinates"": [5.449338224886797, 51.44843360392395], ""type"": ""Point""}";51.44843360392395, 5.449338224886797
328;9510;C5;nvt;1,80;nvt;5195;Maandag t/m vrijdag;;;08.00 - 10.00;;;Javalaan;thv nr 149 (IJzeren Man);"{""coordinates"": [5.500837465732011, 51.45010002986153], ""type"": ""Point""}";51.45010002986153, 5.500837465732011
329;9610;A2;0,20;2,60;nvt;5196;Maandag t/m zondag;;;09.00 - 21.00;;;Lichtstraat;thv huisnr 376;"{""coordinates"": [5.47219235716112, 51.43969314546715], ""type"": ""Point""}";51.43969314546715, 5.47219235716112
331;9701;C2;nvt;1,80;4,20;5197;Maandag t/m zondag;;;09.00 - 21.00;;;Pastoor van Arsplein;to huisnr 16;"{""coordinates"": [5.459537944308201, 51.458149764795444], ""type"": ""Point""}";51.458149764795444, 5.459537944308201
335;8359;B2;0,20;1,90;6,60;5183;Maandag t/m zondag;;;09.00 - 21.00;;;Hoogstraat;to Rivierstraat;"{""coordinates"": [5.46917603029097, 51.43143052765239], ""type"": ""Point""}";51.43143052765239, 5.46917603029097
341;7811;B2;0,20;1,90;6,60;5178;Maandag t/m zondag;;;09.00 - 21.00;;;Jonckbloedlaan;hoek Broerelaan;"{""coordinates"": [5.478594291280361, 51.42840575503081], ""type"": ""Point""}";51.42840575503081, 5.478594291280361
342;4132;B1;0,20;1,90;nvt;5141;Maandag t/m zondag;;;09.00 - 21.00;;;St Rochusstraat;Hoek Tuinstraat - thv 2;"{""coordinates"": [5.487059071450454, 51.43148127553277], ""type"": ""Point""}";51.43148127553277, 5.487059071450454
348;1430;A3;0,20;2,60;10,30;5114;Maandag t/m zondag;;;09.00 - 21.00;;;Stationsweg;P-terrein west spoorzijde;"{""coordinates"": [5.48298910565318, 51.44247915624161], ""type"": ""Point""}";51.44247915624161, 5.48298910565318
349;1510;A3;0,20;2,60;10,30;5115;Maandag t/m zondag;;;09.00 - 21.00;;;Raiffeisenstraat;BBA terrein - Oost;"{""coordinates"": [5.482527221835089, 51.44011180352098], ""type"": ""Point""}";51.44011180352098, 5.482527221835089
353;1810;A2;0,20;2,60;nvt;5118;Maandag t/m zondag;;;09.00 - 21.00;;;Raiffeisenstraat;thv huisnr 11;"{""coordinates"": [5.481162164023545, 51.44007465837414], ""type"": ""Point""}";51.44007465837414, 5.481162164023545
355;2010;A1;0,30;3,70;nvt;5120;Maandag t/m zondag;;;09.00 - 21.00;;;Paradijslaan;thv huisnr 40;"{""coordinates"": [5.478231058398133, 51.43493994938269], ""type"": ""Point""}";51.43493994938269, 5.478231058398133
357;2110;A1;0,30;3,70;nvt;5121;Maandag t/m zondag;;;09.00 - 21.00;;;Grote Berg;Deken van Somerenstraat (thv huisnr 55);"{""coordinates"": [5.475749518366839, 51.43571228208585], ""type"": ""Point""}";51.43571228208585, 5.475749518366839
361;3510;A1;0,30;3,70;nvt;5135;Maandag t/m zondag;;;09.00 - 21.00;;;Don Boscostraat;thv huisnr 5d;"{""coordinates"": [5.476786314166395, 51.4347338130156], ""type"": ""Point""}";51.4347338130156, 5.476786314166395
362;3810;B2;0,20;1,90;6,60;5138;Maandag t/m zondag;;;09.00 - 21.00;;;Pastoor Harkxplein;(St. Joriskerk);"{""coordinates"": [5.487007310057386, 51.42997389503281], ""type"": ""Point""}";51.42997389503281, 5.487007310057386
363;4010;A2;0,20;2,60;nvt;5140;Maandag t/m zondag;;;09.00 - 21.00;;;Stratumsedijk;Bleekweg (thv huisnr 1);"{""coordinates"": [5.483570730684457, 51.43500296664477], ""type"": ""Point""}";51.43500296664477, 5.483570730684457
365;4020;A2;0,20;2,60;nvt;5140;Maandag t/m zondag;;;09.00 - 21.00;;;Stratumsedijk;thv huisnr 18;"{""coordinates"": [5.4838717972717115, 51.43396548586097], ""type"": ""Point""}";51.43396548586097, 5.4838717972717115
368;4040;A2;0,20;2,60;nvt;5140;Maandag t/m zondag;;;09.00 - 21.00;;;Stratumsedijk;thv huisnr 23G;"{""coordinates"": [5.4842446173769765, 51.433701279856194], ""type"": ""Point""}";51.433701279856194, 5.4842446173769765
372;4150;B1;0,20;1,90;nvt;5141;Maandag t/m zondag;;;09.00 - 21.00;;;Geldropseweg;thv huisnr 63;"{""coordinates"": [5.488569112597219, 51.43377908565119], ""type"": ""Point""}";51.43377908565119, 5.488569112597219
373;4310;B7;nvt;0,60 / 1,2;3,70;5143;Maandag t/m zondag;;;09.00 - 21.00;;;Woenselse Markt;thv trafohuis (huisnr 37);"{""coordinates"": [5.4720732320637175, 51.45085589863218], ""type"": ""Point""}";51.45085589863218, 5.4720732320637175
375;6340;B1;0,20;1,90;nvt;5163;Maandag t/m zondag;;;09.00 - 21.00;;;Aalsterweg;thv huisnr 89A;"{""coordinates"": [5.486135167618193, 51.425408825400424], ""type"": ""Point""}";51.425408825400424, 5.486135167618193
377;6360;B1;0,20;1,90;nvt;5163;Maandag t/m zondag;;;09.00 - 21.00;;;Aalsterweg;thv huisnr 43;"{""coordinates"": [5.486595423550991, 51.42693784772519], ""type"": ""Point""}";51.42693784772519, 5.486595423550991
388;7703;B2;0,20;1,90;6,60;5177;Maandag t/m zondag;;;09.00 - 21.00;;;Hof van Eden;thv huisnr 71;"{""coordinates"": [5.473455054206397, 51.43279109642665], ""type"": ""Point""}";51.43279109642665, 5.473455054206397
389;7710;B2;0,20;1,90;6,60;5177;Maandag t/m zondag;;;09.00 - 21.00;;;Akkerstraat;thv huisnr 35;"{""coordinates"": [5.474031741238116, 51.432447811631405], ""type"": ""Point""}";51.432447811631405, 5.474031741238116
390;7720;B2;0,20;1,90;6,60;5177;Maandag t/m zondag;;;09.00 - 21.00;;;Ploegstraat;thv huisnr 3a;"{""coordinates"": [5.472347889911064, 51.43277057170155], ""type"": ""Point""}";51.43277057170155, 5.472347889911064
392;4920;B2;0,20;1,90;6,60;5149;Maandag t/m zondag;;;09.00 - 21.00;;;Prof. Dr. Dorgelolaan;terrein II;"{""coordinates"": [5.4854488086857955, 51.44487366547768], ""type"": ""Point""}";51.44487366547768, 5.4854488086857955
404;5430;B2;0,20;1,90;6,60;5154;Maandag t/m zondag;;;09.00 - 21.00;;;Past Petersstraat;to 180 (EMS);"{""coordinates"": [5.474535383332587, 51.445324938842944], ""type"": ""Point""}";51.445324938842944, 5.474535383332587
407;5730;B1;0,20;1,90;nvt;5157;Maandag t/m zondag;;;09.00 - 21.00;;;Strijpsestraat;thv huisnr 156;"{""coordinates"": [5.456255043254146, 51.44111256579534], ""type"": ""Point""}";51.44111256579534, 5.456255043254146
408;5773;B1;0,20;1,90;nvt;5157;Maandag t/m zondag;;;09.00 - 21.00;;;Langdonkenstraat;thv huisnr 9;"{""coordinates"": [5.464061107582854, 51.44000792745448], ""type"": ""Point""}";51.44000792745448, 5.464061107582854
415;5756;B1;0,20;1,90;nvt;5157;Maandag t/m zondag;;;09.00 - 21.00;;;Berkenstraat;thv huisnr 1;"{""coordinates"": [5.457817406398327, 51.44314116157501], ""type"": ""Point""}";51.44314116157501, 5.457817406398327
417;5759;B1;0,20;1,90;nvt;5157;Maandag t/m zondag;;;09.00 - 21.00;;;Frederiklaan;thv huisnr 165 (hoek Lindenlaan);"{""coordinates"": [5.45972662563765, 51.44273434725241], ""type"": ""Point""}";51.44273434725241, 5.45972662563765
509;8360;B2;0,20;1,90;6,60;5183;Maandag t/m zondag;;;09.00 - 21.00;;;Willem de Zwijgerstraat;thv 33;"{""coordinates"": [5.470191511406014, 51.43555513106869], ""type"": ""Point""}";51.43555513106869, 5.470191511406014
510;8379;B2;0,20;1,90;6,60;5183;Maandag t/m zondag;;;09.00 - 21.00;;;Wouter Hollemanplein;to huisnr 108;"{""coordinates"": [5.463296490619887, 51.43801069581286], ""type"": ""Point""}";51.43801069581286, 5.463296490619887
511;8382;B2;0,20;1,90;6,60;5183;Maandag t/m zondag;;;09.00 - 21.00;;;Jozef Eliasweg;thv huisnr 19;"{""coordinates"": [5.4643653523180955, 51.43756629571286], ""type"": ""Point""}";51.43756629571286, 5.4643653523180955
515;8387;B2;0,20;1,90;6,60;5183;Maandag t/m zondag;;;09.00 - 21.00;;;Sophia van Wurtemberglaan;thv huisnr 5;"{""coordinates"": [5.466458011862352, 51.436325761958216], ""type"": ""Point""}";51.436325761958216, 5.466458011862352
517;8391;B2;0,20;1,90;6,60;5183;Maandag t/m zondag;;;09.00 - 21.00;;;Willem de Rijkelaan;thv huisnr 5F;"{""coordinates"": [5.459338987943368, 51.43749184592056], ""type"": ""Point""}";51.43749184592056, 5.459338987943368
420;5763;B1;0,20;1,90;nvt;5157;Maandag t/m zondag;;;09.00 - 21.00;;;Kastanjelaan;thv huisnr 55 (hoek Plataanln);"{""coordinates"": [5.456728652962403, 51.44472784880082], ""type"": ""Point""}";51.44472784880082, 5.456728652962403
424;5770;B1;0,20;1,90;nvt;5157;Maandag t/m zondag;;;09.00 - 21.00;;;St. Antoniusstraat;to huisnr 1;"{""coordinates"": [5.467509845611781, 51.43976050967013], ""type"": ""Point""}";51.43976050967013, 5.467509845611781
425;5771;B1;0,20;1,90;nvt;5157;Maandag t/m zondag;;;09.00 - 21.00;;;Gagelstraat;thv huisnr 109 (hoek Willemstr);"{""coordinates"": [5.465181906976996, 51.43904529313578], ""type"": ""Point""}";51.43904529313578, 5.465181906976996
427;6330;B1;0,20;1,90;nvt;5163;Maandag t/m zondag;;;09.00 - 21.00;;;Aalsterweg;thv huisnr 92;"{""coordinates"": [5.486035047317403, 51.42570886634583], ""type"": ""Point""}";51.42570886634583, 5.486035047317403
428;5775;B1;0,20;1,90;nvt;5157;Maandag t/m zondag;;;09.00 - 21.00;;;Henriettestraat;thv nr 52 (hoek Keerweerstr);"{""coordinates"": [5.462867946312406, 51.44137684363657], ""type"": ""Point""}";51.44137684363657, 5.462867946312406
431;5778;B1;0,20;1,90;nvt;5157;Maandag t/m zondag;;;09.00 - 21.00;;;Glaslaan;thv huisnr 31;"{""coordinates"": [5.461257056001715, 51.44366698214326], ""type"": ""Point""}";51.44366698214326, 5.461257056001715
433;6390;B1;0,20;1,90;nvt;5163;Maandag t/m zondag;;;09.00 - 21.00;;;Leenderweg;thv huisnr 63 (Plaza);"{""coordinates"": [5.488702312039809, 51.427158995293844], ""type"": ""Point""}";51.427158995293844, 5.488702312039809
436;6240;B1;0,20;1,90;nvt;5162;Maandag t/m zondag;;;09.00 - 21.00;;;Kruisstraat;thv huisnr 79;"{""coordinates"": [5.47518362902757, 51.447963632795336], ""type"": ""Point""}";51.447963632795336, 5.47518362902757
438;6260;B1;0,20;1,90;nvt;5162;Maandag t/m zondag;;;09.00 - 21.00;;;Kruisstraat;thv huisnr 159;"{""coordinates"": [5.473957739767747, 51.449321659776295], ""type"": ""Point""}";51.449321659776295, 5.473957739767747
441;6310;B1;0,20;1,90;nvt;5163;Maandag t/m zondag;;;09.00 - 21.00;;;Aalsterweg;thv huisnr 6;"{""coordinates"": [5.486700551576069, 51.42839778398531], ""type"": ""Point""}";51.42839778398531, 5.486700551576069
454;3203;B1;0,20;1,90;nvt;5132;Maandag t/m zondag;;;09.00 - 21.00;;;Keersoppermolen;hoek Hooidonksemolen (thv lm 4);"{""coordinates"": [5.478276773045529, 51.447806665208084], ""type"": ""Point""}";51.447806665208084, 5.478276773045529
455;3204;B1;0,20;1,90;nvt;5132;Maandag t/m zondag;;;09.00 - 21.00;;;Bisschopsmolen;thv huisnr 13-15 (lm 3);"{""coordinates"": [5.478870124405685, 51.44725322037843], ""type"": ""Point""}";51.44725322037843, 5.478870124405685
461;7731;B2;0,20;1,90;6,60;5177;Maandag t/m zondag;;;09.00 - 21.00;;;Nicolaas Beetsstraat;thv huisnr 33;"{""coordinates"": [5.4726806596359285, 51.42979766559229], ""type"": ""Point""}";51.42979766559229, 5.4726806596359285
462;7732;B2;0,20;1,90;6,60;5177;Maandag t/m zondag;;;09.00 - 21.00;;;Jan Luikenstraat;to huisnr 45 (hoek Huijgenslaan);"{""coordinates"": [5.47225975388878, 51.427975351822305], ""type"": ""Point""}";51.427975351822305, 5.47225975388878
464;7768;B2;0,20;1,90;6,60;5177;Maandag t/m zondag;;;09.00 - 21.00;;;Van Meursstraat;thv huisnr 27 (hoek J. v Maerlantln);"{""coordinates"": [5.475235865530334, 51.42921531504434], ""type"": ""Point""}";51.42921531504434, 5.475235865530334
465;7769;B2;0,20;1,90;6,60;5177;Maandag t/m zondag;;;09.00 - 21.00;;;Potgieterstraat;to huisnr 18;"{""coordinates"": [5.476025968368356, 51.431100080415895], ""type"": ""Point""}";51.431100080415895, 5.476025968368356
466;7770;B2;0,20;1,90;6,60;5177;Maandag t/m zondag;;;09.00 - 21.00;;;Edenstraat;thv huisnr 88;"{""coordinates"": [5.476653666646682, 51.43201614920811], ""type"": ""Point""}";51.43201614920811, 5.476653666646682
470;7804;B2;0,20;1,90;6,60;5178;Maandag t/m zondag;;;09.00 - 21.00;;;Jan Smitzlaan;thv huisnr 12;"{""coordinates"": [5.481903905960832, 51.43263206912022], ""type"": ""Point""}";51.43263206912022, 5.481903905960832
472;7806;B2;0,20;1,90;6,60;5178;Maandag t/m zondag;;;09.00 - 21.00;;;Vondellaan;to huisnr 19;"{""coordinates"": [5.48277499010955, 51.431694873533], ""type"": ""Point""}";51.431694873533, 5.48277499010955
474;7809;B2;0,20;1,90;6,60;5178;Maandag t/m zondag;;;09.00 - 21.00;;;Ruusbroeclaan;thv huisnr 21 (hoek Poirterslaan);"{""coordinates"": [5.480571894575746, 51.42990767167194], ""type"": ""Point""}";51.42990767167194, 5.480571894575746
476;7901;B1;0,20;1,90;nvt;5179;Maandag t/m zondag;;;09.00 - 21.00;;;Kleine Bleekstraat;thv huisnr 24;"{""coordinates"": [5.4862154791745805, 51.436559480919925], ""type"": ""Point""}";51.436559480919925, 5.4862154791745805
482;7910;B1;0,20;1,90;nvt;5179;Maandag t/m zondag;;;09.00 - 21.00;;;Bleekstraat;thv huisnr 21;"{""coordinates"": [5.485291308469923, 51.43671693397738], ""type"": ""Point""}";51.43671693397738, 5.485291308469923
485;8020;A2;0,20;2,60;nvt;5180;Maandag t/m zondag;;;09.00 - 21.00;;;Willemstraat;thv huisnr 16;"{""coordinates"": [5.470964800875243, 51.43857967914206], ""type"": ""Point""}";51.43857967914206, 5.470964800875243
486;8210;B2;0,20;1,90;6,60;5182;Maandag t/m zondag;;;09.00 - 21.00;;;Nachtegaallaan;thv huisnr 1 (Dommelhoef-buiten);"{""coordinates"": [5.487278353314461, 51.44081152452298], ""type"": ""Point""}";51.44081152452298, 5.487278353314461
497;8263;B2;0,20;1,90;6,60;5166;;;;;;;Fuutlaan;thv huisnr 37 (hoek Leeuwerikln);"{""coordinates"": [5.49352865514446, 51.443378466605], ""type"": ""Point""}";51.443378466605, 5.49352865514446
499;8330;B2;0,20;1,90;6,60;5183;Maandag t/m zondag;;;09.00 - 21.00;;;Julianastraat;thv huisnr 26;"{""coordinates"": [5.468476750262688, 51.43671260831604], ""type"": ""Point""}";51.43671260831604, 5.468476750262688
520;8610;B2;0,20;1,90;6,60;5186;Maandag t/m zondag;;;09.00 - 21.00;;;Aletta Jacobsplein;to huisnr 122 (straatzijde terrein);"{""coordinates"": [5.470647803406482, 51.443658734741334], ""type"": ""Point""}";51.443658734741334, 5.470647803406482
522;8650;B2;0,20;1,90;6,60;5186;Maandag t/m zondag;;;09.00 - 21.00;;;Aletta Jacobsplein;nabij huisnr 107 (hoek C. Wichmannstr);"{""coordinates"": [5.469996860581377, 51.4429545590563], ""type"": ""Point""}";51.4429545590563, 5.469996860581377
531;9015;C3;nvt;0,60 / 1,2;3,70;5190;Maandag t/m zaterdag;Koopavond (vrijdagav;Koopzondagen;09.00 - 18.00;18.00 - 21.00;12.00 - 17.00;Winkelcentrum Woensel;thv huisnr 1 (terrein C, zuidwestzijde);"{""coordinates"": [5.474193630269568, 51.46846764223729], ""type"": ""Point""}";51.46846764223729, 5.474193630269568
535;9021;C3;nvt;0,60 / 1,2;3,70;5190;Maandag t/m zaterdag;Koopavond (vrijdagav;Koopzondagen;09.00 - 18.00;18.00 - 21.00;12.00 - 17.00;Winkelcentrum Woensel;thv huisnr 1 (terrein A, noordwestzijde);"{""coordinates"": [5.474280585263121, 51.46998200258988], ""type"": ""Point""}";51.46998200258988, 5.474280585263121
536;9101;C2;nvt;1,80;4,20;5191;Maandag t/m vrijdag;;;09.00 - 18.00;;;Beatrix de Rijkweg;nabij huisnr 3A;"{""coordinates"": [5.396984110527963, 51.45635579386983], ""type"": ""Point""}";51.45635579386983, 5.396984110527963
544;8560;B2;0,20;1,90;6,60;5185;Maandag t/m zondag;;;09.00 - 21.00;;;Van Kinsbergenstraat - Zoutmanstraat;lm;"{""coordinates"": [5.470098563883772, 51.44962985604323], ""type"": ""Point""}";51.44962985604323, 5.470098563883772
548;8249;B2;0,20;1,90;6,60;5182;Maandag t/m zondag;;;09.00 - 21.00;;;Tongelresestraat - Pelikaanlaan;Villapark;"{""coordinates"": [5.497101757450107, 51.440679350913626], ""type"": ""Point""}";51.440679350913626, 5.497101757450107
552;5075;B2;0,20;1,90;6,60;5150;Maandag t/m zondag;;;09.00 - 21.00;;;Verwerstraat;thv 141;"{""coordinates"": [5.473770932273472, 51.45048405382612], ""type"": ""Point""}";51.45048405382612, 5.473770932273472
553;5085;B2;0,20;1,90;6,60;5150;Maandag t/m zondag;;;09.00 - 21.00;;;Visserstraat;hoek Looierstraat;"{""coordinates"": [5.475428672434361, 51.45117067391156], ""type"": ""Point""}";51.45117067391156, 5.475428672434361
238;9109;C2;nvt;1,80;4,20;5191;Maandag t/m vrijdag;;;09.00 - 18.00;;;Luchthavenweg;thv huisnr 2;"{""coordinates"": [5.389675511054955, 51.455421813613135], ""type"": ""Point""}";51.455421813613135, 5.389675511054955
239;9111;C2;nvt;1,80;4,20;5191;Maandag t/m vrijdag;;;09.00 - 18.00;;;Jan Hilgersweg;thv huisnr 8;"{""coordinates"": [5.390074366990258, 51.453491922976376], ""type"": ""Point""}";51.453491922976376, 5.390074366990258
322;9202;C1;nvt;1,80;nvt;5192;Maandag t/m zondag;;;09.00 - 21.00;;;Plaggenstraat;t/o huisnr 29;"{""coordinates"": [5.447896943443145, 51.4477162075951], ""type"": ""Point""}";51.4477162075951, 5.447896943443145
323;9203;C1;nvt;1,80;nvt;5192;Maandag t/m zondag;;;09.00 - 21.00;;;Beukenlaan;thv huisnr 8;"{""coordinates"": [5.450921713284798, 51.447809057718786], ""type"": ""Point""}";51.447809057718786, 5.450921713284798
330;9620;A2;0,20;2,60;nvt;5196;Maandag t/m zondag;;;09.00 - 21.00;;;Victoriapark;thv huisnr 101 (Emté);"{""coordinates"": [5.472434238677668, 51.44023675717199], ""type"": ""Point""}";51.44023675717199, 5.472434238677668
333;4131;B1;0,20;1,90;nvt;5141;Maandag t/m zondag;;;09.00 - 21.00;;;St. Jorislaan;Hoefkestraat/ Pastoor Dijkmanstraat;"{""coordinates"": [5.4899730293174045, 51.43127585835561], ""type"": ""Point""}";51.43127585835561, 5.4899730293174045
336;8555;B2;0,20;1,90;6,60;5185;Maandag t/m zondag;;;09.00 - 21.00;;;Hemelrijken;thv 66;"{""coordinates"": [5.470539241622984, 51.44798560081555], ""type"": ""Point""}";51.44798560081555, 5.470539241622984
337;8246;B2;0,20;1,90;6,60;5182;Maandag t/m zondag;;;09.00 - 21.00;;;Tongelresestraat;thv 45;"{""coordinates"": [5.4934658418821325, 51.43870462975992], ""type"": ""Point""}";51.43870462975992, 5.4934658418821325
338;5741;B1;0,20;1,90;nvt;5157;Maandag t/m zondag;;;09.00 - 21.00;;;Ekkerstraat;hoek Kleinakkerweg;"{""coordinates"": [5.451285989792789, 51.44362208372534], ""type"": ""Point""}";51.44362208372534, 5.451285989792789
343;2220;A1;0,30;3,70;nvt;5122;Maandag t/m zondag;;;09.00 - 21.00;;;Kleine Berg;thv huisnr 31-33;"{""coordinates"": [5.475420267314885, 51.43707783980417], ""type"": ""Point""}";51.43707783980417, 5.475420267314885
344;1010;A1;0,30;3,70;nvt;5110;Maandag t/m zondag;;;09.00 - 21.00;;;Stationsplein;VVV (spoorzijde);"{""coordinates"": [5.478218656464079, 51.44206824547724], ""type"": ""Point""}";51.44206824547724, 5.478218656464079
345;1020;A1;0,30;3,70;nvt;5110;Maandag t/m zondag;;;09.00 - 21.00;;;Stationsplein;VVV;"{""coordinates"": [5.47823035301573, 51.44204949765286], ""type"": ""Point""}";51.44204949765286, 5.47823035301573
346;1210;A1;0,30;3,70;nvt;5112;Maandag t/m zondag;;;09.00 - 21.00;;;Stationsweg;Stationsplein en Effenaar;"{""coordinates"": [5.482024951007299, 51.44177980095718], ""type"": ""Point""}";51.44177980095718, 5.482024951007299
350;1520;A3;0,20;2,60;10,30;5115;Maandag t/m zondag;;;09.00 - 21.00;;;Raiffeisenstraat;BBA terrein - West;"{""coordinates"": [5.482502899159351, 51.440558518223476], ""type"": ""Point""}";51.440558518223476, 5.482502899159351
359;4330;B7;nvt;0,60 / 1,2;3,70;5143;Maandag t/m zondag;;;09.00 - 21.00;;;Kronehoefstraat;thv lm 119;"{""coordinates"": [5.467161050469931, 51.45211143835855], ""type"": ""Point""}";51.45211143835855, 5.467161050469931
360;4610;B2;0,20;1,90;6,60;5146;Maandag t/m zondag;;;09.00 - 21.00;;;Bomansplaats;Noord;"{""coordinates"": [5.484254578759616, 51.43102040557469], ""type"": ""Point""}";51.43102040557469, 5.484254578759616
364;4015;A2;0,20;2,60;nvt;5140;Maandag t/m zondag;;;09.00 - 21.00;;;Bilderdijklaan;thv huisnr 7;"{""coordinates"": [5.482678614727963, 51.43413030349427], ""type"": ""Point""}";51.43413030349427, 5.482678614727963
369;4050;A2;0,20;2,60;nvt;5140;Maandag t/m zondag;;;09.00 - 21.00;;;Geldropseweg;thv huisnr 2F;"{""coordinates"": [5.484508000865124, 51.43450161400838], ""type"": ""Point""}";51.43450161400838, 5.484508000865124
370;4120;B1;0,20;1,90;nvt;5141;Maandag t/m zondag;;;09.00 - 21.00;;;Geldropseweg;thv huisnr 126;"{""coordinates"": [5.492078083510648, 51.43233493139391], ""type"": ""Point""}";51.43233493139391, 5.492078083510648
371;4130;B1;0,20;1,90;nvt;5141;Maandag t/m zondag;;;09.00 - 21.00;;;Geldropseweg;thv huisnr 88;"{""coordinates"": [5.4892394362765335, 51.43323412073022], ""type"": ""Point""}";51.43323412073022, 5.4892394362765335
374;4320;B7;nvt;0,60 / 1,2;3,70;5143;Maandag t/m zondag;;;09.00 - 21.00;;;Woenselse Markt;thv Albert Heijn (huisnr 7);"{""coordinates"": [5.471973722754916, 51.45154165872673], ""type"": ""Point""}";51.45154165872673, 5.471973722754916
378;6510;B6;0,20;nvt;19,80;5165;Maandag t/m zondag;;;09.00 - 00.00;;;Schootstraat;to huisnr 26 (tussen Kastanjeln en Beukenln);"{""coordinates"": [5.452843595031239, 51.44698436645042], ""type"": ""Point""}";51.44698436645042, 5.452843595031239
383;7520;B2;0,20;1,90;6,60;5175;Maandag t/m zondag;;;09.00 - 21.00;;;Alberdingk Thijmlaan;terrein Parktheater;"{""coordinates"": [5.483456230706388, 51.428423592429034], ""type"": ""Point""}";51.428423592429034, 5.483456230706388
384;7610;B2;0,20;1,90;6,60;5176;Maandag t/m zondag;;;09.00 - 21.00;;;Biesterdwarsweg;thv Biesterweg 23;"{""coordinates"": [5.487314507508762, 51.4263902497246], ""type"": ""Point""}";51.4263902497246, 5.487314507508762
393;4630;B2;0,20;1,90;6,60;5146;Maandag t/m zondag;;;09.00 - 21.00;;;Bomansplaats;Zuid;"{""coordinates"": [5.4847907559824245, 51.43034710351056], ""type"": ""Point""}";51.43034710351056, 5.4847907559824245
395;5004;B2;0,20;1,90;6,60;5150;Maandag t/m zondag;;;09.00 - 21.00;;;Montgomerylaan;thv huisnr 437;"{""coordinates"": [5.476969447604154, 51.44978202923112], ""type"": ""Point""}";51.44978202923112, 5.476969447604154
397;5020;B2;0,20;1,90;6,60;5150;Maandag t/m zondag;;;09.00 - 21.00;;;Past. Petersstraat;thv. huisnr 141 (tussen Kruisstr en Montgomeryln);"{""coordinates"": [5.475675193664152, 51.44540742105984], ""type"": ""Point""}";51.44540742105984, 5.475675193664152
398;5040;B2;0,20;1,90;6,60;5150;Maandag t/m zondag;;;09.00 - 21.00;;;Gildelaan;thv huisnr 41 (tussen Kruisstr en Montgomeryln);"{""coordinates"": [5.475895146898489, 51.44761051606288], ""type"": ""Point""}";51.44761051606288, 5.475895146898489
401;5110;B2;0,20;1,90;6,60;5151;Maandag t/m zondag;;;09.00 - 21.00;;;Stevertsemolen;thv huisnr 35/37;"{""coordinates"": [5.481119345919561, 51.44879774974381], ""type"": ""Point""}";51.44879774974381, 5.481119345919561
402;5130;B2;0,20;1,90;6,60;5151;Maandag t/m zondag;;;09.00 - 21.00;;;Venbergsemolen;thv huisnr 141;"{""coordinates"": [5.482067677877217, 51.45061224098732], ""type"": ""Point""}";51.45061224098732, 5.482067677877217
403;5410;B2;0,20;1,90;6,60;5154;Maandag t/m zondag;;;09.00 - 21.00;;;Past. Petersstraat;thv 154-160 (WTC);"{""coordinates"": [5.4732056857171, 51.44481190573793], ""type"": ""Point""}";51.44481190573793, 5.4732056857171
406;5710;B1;0,20;1,90;nvt;5157;Maandag t/m zondag;;;09.00 - 21.00;;;St. Trudoplein;thv huisnr 3 (to Strijpsestraat);"{""coordinates"": [5.455129592693375, 51.44155194817907], ""type"": ""Point""}";51.44155194817907, 5.455129592693375
410;8405;B2;0,20;1,90;6,60;5184;Maandag t/m zondag;;;09.00 - 21.00;;;St. Trudostraat / Kerkakkerstraat;thv - 55;"{""coordinates"": [5.454983608063764, 51.4388651927002], ""type"": ""Point""}";51.4388651927002, 5.454983608063764
411;5740;B1;0,20;1,90;nvt;5157;Maandag t/m zondag;;;09.00 - 21.00;;;Strijpsestraat;thv huisnr 135-153 (Albert Heijn);"{""coordinates"": [5.453282984605553, 51.44095514292279], ""type"": ""Point""}";51.44095514292279, 5.453282984605553
414;5754;B1;0,20;1,90;nvt;5157;Maandag t/m zondag;;;09.00 - 21.00;;;Klimoplaan / Schouwbroekseweg;thv lm 014;"{""coordinates"": [5.459300977795263, 51.44067289521421], ""type"": ""Point""}";51.44067289521421, 5.459300977795263
416;5757;B1;0,20;1,90;nvt;5157;Maandag t/m zondag;;;09.00 - 21.00;;;Frederiklaan;thv huisnr 92;"{""coordinates"": [5.457336383422446, 51.441968138272976], ""type"": ""Point""}";51.441968138272976, 5.457336383422446
512;8384;B2;0,20;1,90;6,60;5183;Maandag t/m zondag;;;09.00 - 21.00;;;Lodewijk Napoleonlaan;nabij huisnr 19;"{""coordinates"": [5.467694691977983, 51.438108445606886], ""type"": ""Point""}";51.438108445606886, 5.467694691977983
418;5760;B1;0,20;1,90;nvt;5157;Maandag t/m zondag;;;09.00 - 21.00;;;Lindenlaan;to huisnr 22;"{""coordinates"": [5.461037953380336, 51.442276415322276], ""type"": ""Point""}";51.442276415322276, 5.461037953380336
422;5766;B1;0,20;1,90;nvt;5157;Maandag t/m zondag;;;09.00 - 21.00;;;Cederlaan / Heesakkerstraat;thv huisnr 46;"{""coordinates"": [5.452799806530357, 51.4447108138796], ""type"": ""Point""}";51.4447108138796, 5.452799806530357
430;5777;B1;0,20;1,90;nvt;5157;Maandag t/m zondag;;;09.00 - 21.00;;;De Jonghlaan;thv huisnr 4;"{""coordinates"": [5.463992155350123, 51.444178992375974], ""type"": ""Point""}";51.444178992375974, 5.463992155350123
435;6220;B1;0,20;1,90;nvt;5162;Maandag t/m zondag;;;09.00 - 21.00;;;Kruisstraat;thv huisnr 51;"{""coordinates"": [5.47522544366172, 51.44680640572912], ""type"": ""Point""}";51.44680640572912, 5.47522544366172
437;6250;B1;0,20;1,90;nvt;5162;Maandag t/m zondag;;;09.00 - 21.00;;;Kruisstraat;thv huisnr 115;"{""coordinates"": [5.474505754394733, 51.44879166484206], ""type"": ""Point""}";51.44879166484206, 5.474505754394733
443;3320;A1;0,30;3,70;nvt;5133;Maandag t/m zondag;;;09.00 - 21.00;;;Keizersgracht;terrein Fens - noord;"{""coordinates"": [5.476297007397232, 51.43751435772945], ""type"": ""Point""}";51.43751435772945, 5.476297007397232
444;3410;A2;0,20;2,60;nvt;5134;Maandag t/m zondag;;;09.00 - 21.00;;;Dommelstraat;thv huisnr 1A;"{""coordinates"": [5.4839132468294896, 51.44143806608252], ""type"": ""Point""}";51.44143806608252, 5.4839132468294896
447;2830;A2;0,20;2,60;nvt;5128;Maandag t/m zondag;;;09.00 - 21.00;;;Ventoselaan;to huisnr 2g21;"{""coordinates"": [5.469761670100333, 51.4411409951897], ""type"": ""Point""}";51.4411409951897, 5.469761670100333
448;2910;A3;0,20;2,60;10,30;5129;Maandag t/m zondag;;;09.00 - 21.00;;;Eindje;bovendek - Oost;"{""coordinates"": [5.473689778583895, 51.442553671832805], ""type"": ""Point""}";51.442553671832805, 5.473689778583895
449;2930;A3;0,20;2,60;10,30;5129;Maandag t/m zondag;;;09.00 - 21.00;;;Eindje;onderdek - voor;"{""coordinates"": [5.473837836136934, 51.44278886618936], ""type"": ""Point""}";51.44278886618936, 5.473837836136934
450;2940;A3;0,20;2,60;10,30;5129;Maandag t/m zondag;;;09.00 - 21.00;;;Eindje;onderdek - midden;"{""coordinates"": [5.473346782891776, 51.44272567268579], ""type"": ""Point""}";51.44272567268579, 5.473346782891776
451;2950;A3;0,20;2,60;10,30;5129;Maandag t/m zondag;;;09.00 - 21.00;;;Eindje;onderdek - achter;"{""coordinates"": [5.472523381697505, 51.44248565163828], ""type"": ""Point""}";51.44248565163828, 5.472523381697505
457;7733;B2;0,20;1,90;6,60;5177;Maandag t/m zondag;;;09.00 - 21.00;;;J. van Heelusstraat;thv 37;"{""coordinates"": [5.470072588751846, 51.42690296757043], ""type"": ""Point""}";51.42690296757043, 5.470072588751846
459;7725;B2;0,20;1,90;6,60;5177;Maandag t/m zondag;;;09.00 - 21.00;;;Gestelsestraat;to huisnr 60 (hoek Helmersln);"{""coordinates"": [5.471990162579987, 51.431157131421], ""type"": ""Point""}";51.431157131421, 5.471990162579987
463;7760;B2;0,20;1,90;6,60;5177;Maandag t/m zondag;;;09.00 - 21.00;;;Guido Gezellestraat;thv huisnr 32;"{""coordinates"": [5.475343791323783, 51.43155628102073], ""type"": ""Point""}";51.43155628102073, 5.475343791323783
467;7771;B2;0,20;1,90;6,60;5177;Maandag t/m zondag;;;09.00 - 21.00;;;Helmerslaan;thv huisnr 58 (hoek Potgieterstraat);"{""coordinates"": [5.475237032229774, 51.43002088505542], ""type"": ""Point""}";51.43002088505542, 5.475237032229774
468;7772;B2;0,20;1,90;6,60;5177;Maandag t/m zondag;;;09.00 - 21.00;;;August Sniederslaan;thv huisnr 22;"{""coordinates"": [5.477763855647453, 51.429906786535945], ""type"": ""Point""}";51.429906786535945, 5.477763855647453
469;7801;B2;0,20;1,90;6,60;5178;Maandag t/m zondag;;;09.00 - 21.00;;;Jacob Catslaan;thv huisnr 9;"{""coordinates"": [5.479491496954849, 51.43241962328629], ""type"": ""Point""}";51.43241962328629, 5.479491496954849
475;7810;B2;0,20;1,90;6,60;5178;Maandag t/m zondag;;;09.00 - 21.00;;;Dr. Schaepmamlaan;thv huisnr 12;"{""coordinates"": [5.481741283492616, 51.42856498390426], ""type"": ""Point""}";51.42856498390426, 5.481741283492616
477;7903;B1;0,20;1,90;nvt;5179;Maandag t/m zondag;;;09.00 - 21.00;;;Havenstraat;thv huisnr 15;"{""coordinates"": [5.4872504609606905, 51.43581791406997], ""type"": ""Point""}";51.43581791406997, 5.4872504609606905
478;7905;B1;0,20;1,90;nvt;5179;Maandag t/m zondag;;;09.00 - 21.00;;;Tongelresestraat;hoek Dukaatstraat;"{""coordinates"": [5.489044314272041, 51.43592038570466], ""type"": ""Point""}";51.43592038570466, 5.489044314272041
480;7908;B1;0,20;1,90;nvt;5179;Maandag t/m zondag;;;09.00 - 21.00;;;Stuiverstraat;t/o L. Houbenstraat;"{""coordinates"": [5.49011676121981, 51.43527222486395], ""type"": ""Point""}";51.43527222486395, 5.49011676121981
484;8015;A2;0,20;2,60;nvt;5180;Maandag t/m zondag;;;09.00 - 21.00;;;Wilhelminaplein;thv Willemstraat 43a;"{""coordinates"": [5.47166212339227, 51.43833079928179], ""type"": ""Point""}";51.43833079928179, 5.47166212339227
487;8220;B2;0,20;1,90;6,60;5182;Maandag t/m zondag;;;09.00 - 21.00;;;Nachtegaallaan;to huisnr 8;"{""coordinates"": [5.487664419402374, 51.43925737320438], ""type"": ""Point""}";51.43925737320438, 5.487664419402374
490;8240;B2;0,20;1,90;6,60;5182;Maandag t/m zondag;;;09.00 - 21.00;;;Nachtegaallaan;Dommelhoef - binnen;"{""coordinates"": [5.487791074783168, 51.440771644916474], ""type"": ""Point""}";51.440771644916474, 5.487791074783168
491;8244;B2;0,20;1,90;6,60;5182;Maandag t/m zondag;;;09.00 - 21.00;;;Lakerstraat;nabij huisnr 29 (hoek Treurenburgstr);"{""coordinates"": [5.491341947201218, 51.43903665853654], ""type"": ""Point""}";51.43903665853654, 5.491341947201218
493;8251;B2;0,20;1,90;6,60;5182;Maandag t/m zondag;;;09.00 - 21.00;;;Gasfabriek;nabij huisnr 20 (NRE-terrein);"{""coordinates"": [5.488511190829851, 51.43800944485496], ""type"": ""Point""}";51.43800944485496, 5.488511190829851
494;8260;B2;0,20;1,90;6,60;5166;;;;;;;Fuutlaan;thv huisnr 51;"{""coordinates"": [5.48861134472348, 51.44270175360407], ""type"": ""Point""}";51.44270175360407, 5.48861134472348
495;8261;B2;0,20;1,90;6,60;5182;Maandag t/m zondag;;;09.00 - 21.00;;;Merellaan;thv huisnr 24;"{""coordinates"": [5.491220791073097, 51.441733132023074], ""type"": ""Point""}";51.441733132023074, 5.491220791073097
496;8262;B2;0,20;1,90;6,60;5182;Maandag t/m zondag;;;09.00 - 21.00;;;Koekoeklaan;thv huisnr 19;"{""coordinates"": [5.492498915041505, 51.441830353444495], ""type"": ""Point""}";51.441830353444495, 5.492498915041505
498;8320;B2;0,20;1,90;6,60;5183;Maandag t/m zondag;;;09.00 - 21.00;;;Mauritsstraat;thv huisnrs 20-22b;"{""coordinates"": [5.469597634203373, 51.43657088039883], ""type"": ""Point""}";51.43657088039883, 5.469597634203373
500;8339;B2;0,20;1,90;6,60;5183;Maandag t/m zondag;;;09.00 - 21.00;;;Hagenkampweg-Noord;nabij huisnr 53;"{""coordinates"": [5.467509870117074, 51.43557052073785], ""type"": ""Point""}";51.43557052073785, 5.467509870117074
502;8344;B2;0,20;1,90;6,60;5183;Maandag t/m zondag;;;09.00 - 21.00;;;Frederika van Pruisenweg;nabij huisnr 25 (hoek A. Paulownastr);"{""coordinates"": [5.4658449548103505, 51.4349656701932], ""type"": ""Point""}";51.4349656701932, 5.4658449548103505
504;8351;B2;0,20;1,90;6,60;5183;Maandag t/m zondag;;;09.00 - 21.00;;;Maria Stuartstraat;thv Mecklenburgstraat 42b;"{""coordinates"": [5.469921073230374, 51.43492747369527], ""type"": ""Point""}";51.43492747369527, 5.469921073230374
519;8550;B2;0,20;1,90;6,60;5185;Maandag t/m zondag;;;09.00 - 21.00;;;De Vriesstraat;to huisnr 57;"{""coordinates"": [5.472524844108367, 51.447724946035834], ""type"": ""Point""}";51.447724946035834, 5.472524844108367
525;9004;C3;nvt;0,60 / 1,2;3,70;5190;Maandag t/m zaterdag;Koopavond (vrijdagav;Koopzondagen;09.00 - 18.00;18.00 - 21.00;12.00 - 17.00;Winkelcentrum Woensel;thv nr 1 (terrein B, noordoostzijde);"{""coordinates"": [5.477905945033587, 51.46983842624082], ""type"": ""Point""}";51.46983842624082, 5.477905945033587
529;9013;C3;nvt;0,60 / 1,2;3,70;5190;Maandag t/m zaterdag;Koopavond (vrijdagav;Koopzondagen;09.00 - 18.00;18.00 - 21.00;12.00 - 17.00;Winkelcentrum Woensel;thv huisnr 1 (terrein A, noordwestzijde);"{""coordinates"": [5.474844273742081, 51.47023751989107], ""type"": ""Point""}";51.47023751989107, 5.474844273742081
530;9014;C3;nvt;0,60 / 1,2;3,70;5190;Maandag t/m zaterdag;Koopavond (vrijdagav;Koopzondagen;09.00 - 18.00;18.00 - 21.00;12.00 - 17.00;Winkelcentrum Woensel;thv huisnr 1 (terrein C, zuidwestzijde);"{""coordinates"": [5.473416624759772, 51.46854008084163], ""type"": ""Point""}";51.46854008084163, 5.473416624759772
532;9016;C3;nvt;0,60 / 1,2;3,70;5190;Maandag t/m zaterdag;Koopavond (vrijdagav;Koopzondagen;09.00 - 18.00;18.00 - 21.00;12.00 - 17.00;Winkelcentrum Woensel;thv huisnr 1 (terrein C, zuidwestzijde);"{""coordinates"": [5.474610841367486, 51.46873069824075], ""type"": ""Point""}";51.46873069824075, 5.474610841367486
538;9104;C2;nvt;1,80;4,20;5191;Maandag t/m vrijdag;;;09.00 - 18.00;;;Freddy van Riemsdijkweg;thv huisnr 21;"{""coordinates"": [5.393601745725414, 51.45818286111103], ""type"": ""Point""}";51.45818286111103, 5.393601745725414
541;5080;B2;0,20;1,90;6,60;5150;Maandag t/m zondag;;;09.00 - 21.00;;;Bakkerstraat;t/o 31;"{""coordinates"": [5.473776223090711, 51.451526170378784], ""type"": ""Point""}";51.451526170378784, 5.473776223090711
542;6801;C1;nvt;1,80;nvt;5168;Maandag t/m zondag;;;09.00 - 21.00;;;Kampakker;;"{""coordinates"": [5.480487262486773, 51.46811316432134], ""type"": ""Point""}";51.46811316432134, 5.480487262486773
543;5620;B1;0,20;1,90;nvt;5156;Maandag t/m zondag;;;09.00 - 21.00;;;Boschdijk;thv 164;"{""coordinates"": [5.469256619490868, 51.44730291518934], ""type"": ""Point""}";51.44730291518934, 5.469256619490868
547;5742;B1;0,20;1,90;nvt;5157;Maandag t/m zondag;;;09.00 - 21.00;;;Rietputten;thv 17;"{""coordinates"": [5.4512201259160165, 51.44182394393482], ""type"": ""Point""}";51.44182394393482, 5.4512201259160165
549;7420;B2;0,20;1,90;6,60;5174;Maandag t/m zondag;;;09.00 - 21.00;;;Leeghwaterstraat;thv - lm 7;"{""coordinates"": [5.460798682607184, 51.45021374522533], ""type"": ""Point""}";51.45021374522533, 5.460798682607184
550;8410;B2;0,20;1,90;6,60;5184;Maandag t/m zondag;;;09.00 - 21.00;;;Klipperstraat / Tjalkstraat;t/o - 17;"{""coordinates"": [5.452453317560382, 51.439795109952684], ""type"": ""Point""}";51.439795109952684, 5.452453317560382
554;7640;B2;0,20;1,90;6,60;5176;Maandag t/m zondag;;;09.00 - 21.00;;;Bloemenplein;hoek Narcisstraat;"{""coordinates"": [5.490408481360595, 51.42489473511841], ""type"": ""Point""}";51.42489473511841, 5.490408481360595
