"business_name","business_category","street_address","phone","website","hours_mon_fri","hours_sat","hours_sun","location_1","borough","postocde","latitude","longitide","community_board","council_district","census_tract","bin","bbl","nta"
"Brooklyn Uniform Center","Apparel & Footwear","206 Livingston Street","718-875-7780",,,,,"(40.68973, -73.986013)","3","11201","40.68973","-73.986013","2","33","37","3000488","3001640035","DUMBO-Vinegar Hill-Downtown Brooklyn-Boerum Hill                           "
"Afrikart","Apparel & Footwear","295 Livingston Street","718-935-0458","no website ",,,,"(40.688165, -73.981935)","3","11217","40.688165","-73.981935","2","33","37","3000477","3001610059","DUMBO-Vinegar Hill-Downtown Brooklyn-Boerum Hill                           "
"American Apparel","Apparel & Footwear","112 Court Street","718-855-4627","www.americanapparel.com","F 11am - 10pm, 11am - 9pm","11am - 10pm","11am - 9pm","(40.69025, -73.99211)","3","11201","40.69025","-73.99211","2","33","9","3002796","3002760043","Brooklyn Heights-Cobble Hill                                               "
"Express Shoe Store & Repair","Apparel & Footwear","370 Livingston Street","718-596-6921","no website ",,,,"(40.687644, -73.980641)","3","11217","40.687644","-73.980641","2","33","37","3335904","3001670016","DUMBO-Vinegar Hill-Downtown Brooklyn-Boerum Hill                           "
"Dunkin Donuts","Food Service","322 Livingston Street","718-788-7888","www.dunkindonuts.com","6am - 7:30pm","7am - 7:30pm","7:30am - 7pm","(40.688121, -73.98187)","3","11217","40.688121","-73.98187","2","33","37","3000511","3001660032","DUMBO-Vinegar Hill-Downtown Brooklyn-Boerum Hill                           "
"Bella Pizza","Food Service","208 Livingston Street","718-624-3996",,,,,"(40.689706, -73.985951)","3","11201","40.689706","-73.985951","2","33","37","3000489","3001640036","DUMBO-Vinegar Hill-Downtown Brooklyn-Boerum Hill                           "
"Webers Closeout Center","Discount","39 Bond Street","718-292-3605",,,,,"(40.6885, -73.983752)","3","11201","40.6885","-73.983752","2","33","37","3000000","3001660001","DUMBO-Vinegar Hill-Downtown Brooklyn-Boerum Hill                           "
"True Value Brunos Home Center","Hardware","95 Court Street","718-858-5250",,"8:30am - 6pm","9am - 3pm","closed","(40.691175, -73.991641)","3","11201","40.691175","-73.991641","2","33","9","3002646","3002690023","Brooklyn Heights-Cobble Hill                                               "
"J & J Sunshine (Lans Hair &) Nail Salon","Beauty Services","368 Livingston Street","718-875-6571",,"10am - 7pm","10am - 7pm","Closed","(40.687657, -73.980677)","3","11217","40.687657","-73.980677","2","33","37","3335903","3001670016","DUMBO-Vinegar Hill-Downtown Brooklyn-Boerum Hill                           "
"United Artists","Movie Theatres","108 Court Street","718-246-8170","www.regmovies.com","11am - 2am","11am - 2am","11am - 2am","(40.690502, -73.991988)","3","11201","40.690502","-73.991988","2","33","9","3378157","3002700001","Brooklyn Heights-Cobble Hill                                               "
"Zolotar Dental Care","Medical/Dental/Optical","304 Livingston Street","718-797-2880",,"9am - 6pm","9am - 6pm","Closed","(40.688311, -73.98236)","3","11217","40.688311","-73.98236","2","33","37","3000505","3001660023","DUMBO-Vinegar Hill-Downtown Brooklyn-Boerum Hill                           "
"Jung's Fish & Vegetable","Food Service","297 Livingston Street","718-596-3578",,,,,"(40.688141, -73.981877)","3","11217","40.688141","-73.981877","2","33","37","3000476","3001610058","DUMBO-Vinegar Hill-Downtown Brooklyn-Boerum Hill                           "
"Tempo","Apparel & Footwear","56 Court Street","718-403-0629",,,,,"(40.692171, -73.991172)","3","11201","40.692171","-73.991172","2","33","9","3397831","3002657502","Brooklyn Heights-Cobble Hill                                               "
"Metro King Café","Food Service","16 Nevins Street","718-797-2178",,"6:30am - 6:30pm","8am - 6pm","closed","(40.688305, -73.981167)","3","11217","40.688305","-73.981167","2","33","37","3000469","3001610047","DUMBO-Vinegar Hill-Downtown Brooklyn-Boerum Hill                           "
"Empire Bail Bonds","Bail Bonds","92 Court Street","718-858-1111","www.bailempire.com",,,,"(40.691087, -73.99171)","3","11201","40.691087","-73.99171","2","33","9","3002641","3002680054","Brooklyn Heights-Cobble Hill                                               "
"True Value American Hardware","Hardware","85 Court Street","718-243-0844","www.truevalue.com",,,,"(40.691411, -73.991526)","3","11201","40.691411","-73.991526","2","33","9","3002649","3002690026","Brooklyn Heights-Cobble Hill                                               "
"Park Kwik","Transportation","211 Atlantic Avenue","718-858-9356",,,,,"(40.689616, -73.99211)","3","11201","40.689616","-73.99211","2","33","9","3388736","3002777501","Brooklyn Heights-Cobble Hill                                               "
"IHOP","Food Service","276 Livingston Street","718-222-4467","www.ihop.com","M-Th 7am - Midnight; F 24hrs","24 Hr.","Midnight - Midnight","(40.688709, -73.983395)","3","11217","40.688709","-73.983395","2","33","37","3000503","3001660001","DUMBO-Vinegar Hill-Downtown Brooklyn-Boerum Hill                           "
".99 Store","Discount","328 Livingston Street",,,"9am - 8pm","9am - 8pm","Closed","(40.688058, -73.981708)","3","11217","40.688058","-73.981708","2","33","37","3000514","3001660035","DUMBO-Vinegar Hill-Downtown Brooklyn-Boerum Hill                           "
"Radio Shack","Electronics","118 Court Street","718-855-5057","www.radioshack.com","9am - 8pm","9am - 8pm","11am - 7pm","(40.690052, -73.992204)","3","11201","40.690052","-73.992204","2","33","9","3002799","3002760046","Brooklyn Heights-Cobble Hill                                               "
"Marseille Fashion","Apparel & Footwear","342 Livingston Street","718-855-2442",,"9am - 9pm","9am - 9pm","9am - 9pm","(40.687828, -73.981116)","3","11217","40.687828","-73.981116","2","33","37","3000523","3001670008","DUMBO-Vinegar Hill-Downtown Brooklyn-Boerum Hill                           "
"CPEX Realty","Real Estate","350 Livingston Street","718-935-1800","www.cpexre.com",,,,"(40.687775, -73.980979)","3","11217","40.687775","-73.980979","2","33","37","3000000","3001670013","DUMBO-Vinegar Hill-Downtown Brooklyn-Boerum Hill                           "
"Downtown Cleaners","Dry Cleaners / Tailors","84 Livingston Street","718-403-9300",,,,,"(40.691444, -73.990938)","3","11201","40.691444","-73.990938","2","33","9","3341558","3002690030","Brooklyn Heights-Cobble Hill                                               "
"Porta Bella","Apparel & Footwear","320 Livingston Street","718-892-8997","www.portabellastores.com","9:30am - 7pm","9:30am - 7pm","10am - 6pm","(40.688141, -73.981924)","3","11217","40.688141","-73.981924","2","33","37","3000510","3001660029","DUMBO-Vinegar Hill-Downtown Brooklyn-Boerum Hill                           "
"Chu's Gourmet","Food Service","82 Livingston Street","718-260-8870",,,,,"(40.691466, -73.991007)","3","11201","40.691466","-73.991007","2","33","9","3341557","3002690030","Brooklyn Heights-Cobble Hill                                               "
"200 Dry Cleaners ","Dry Cleaners / Tailors","193 Schermerhorn Street","718-855-1116",,"M-Th 8am-10pm, F 8am - 9pm","8am - 9pm","8am-9pm","(40.689107, -73.986352)","3","11201","40.689107","-73.986352","2","33","37","3000493","3001640041","DUMBO-Vinegar Hill-Downtown Brooklyn-Boerum Hill                           "
"GVS General Vision","Medical/Dental/Optical","66 Court Street","718-625-0025","www.generalvision.com",,,,"(40.691935, -73.991291)","3","11201","40.691935","-73.991291","2","33","9","3002543","3002650001","Brooklyn Heights-Cobble Hill                                               "
"Goodwill Store & Donation Center","Discount","258 Livingston Street","718-330-0218","www.goodwill.org","10am - 8pm","10am - 7pm","Closed","(40.688964, -73.984051)","3","11201","40.688964","-73.984051","2","33","37","3329446","3001650029","DUMBO-Vinegar Hill-Downtown Brooklyn-Boerum Hill                           "
"Sikder & Sons","Newsstands & Delis","40 Hoyt Street","646-691-5893",,,,,"(40.689354, -73.985941)","3","11201","40.689354","-73.985941","2","33","37","3000489","3001640036","DUMBO-Vinegar Hill-Downtown Brooklyn-Boerum Hill                           "
"Hair Heaven","Beauty Services","308 Livingston Street","718-875-3576","www.hairheavennyc.com","M-W 10am - 7pm; Th 10am - 7:30pm; F 10am - 8pm","10am - 7pm","Closed","(40.68827, -73.982252)","3","11217","40.68827","-73.982252","2","33","37","3000507","3001660025","DUMBO-Vinegar Hill-Downtown Brooklyn-Boerum Hill                           "
"Nevins Optimo Shop","Newsstands & Delis","24 Nevins Street",,,,,,"(40.688143, -73.981279)","3","11217","40.688143","-73.981279","2","33","37","3000471","3001610053","DUMBO-Vinegar Hill-Downtown Brooklyn-Boerum Hill                           "
"Trophy World","Gifts","123 Livingston Street","718-797-1200","www.trophyworld.com",,,,"(40.69082, -73.988811)","3","11201","40.69082","-73.988811","2","33","37","3000432","3001547501","DUMBO-Vinegar Hill-Downtown Brooklyn-Boerum Hill                           "
"Pulse Cncpt","Apparel & Footwear","358 Livingston Street","347-725-3923","www.pulsenyc.com","M-Th 10:30am - 8:30pm; F 10:30am - 9pm","10:30am - 9pm","Noon - 7pm","(40.687723, -73.980846)","3","11217","40.687723","-73.980846","2","33","37","3335906","3001670016","DUMBO-Vinegar Hill-Downtown Brooklyn-Boerum Hill                           "
"National Tax Service","Tax Services","322 Livingston Street","718-855-0780",,,,,"(40.688121, -73.98187)","3","11217","40.688121","-73.98187","2","33","37","3000511","3001660032","DUMBO-Vinegar Hill-Downtown Brooklyn-Boerum Hill                           "
"Papa Johns","Food Service","290 Livingston Street","718-596-7272","www.papajohns.com","M-Th 11am - Midnight; F 11am-1am","11am - 1am","11am - Midnight","(40.688563, -73.983013)","3","11217","40.688563","-73.983013","2","33","37","3000503","3001660001","DUMBO-Vinegar Hill-Downtown Brooklyn-Boerum Hill                           "
"Satnick's Fine Jewelry and Watches","Jewelery & Accessories","187 State Street","718-852-1421",,,,,"(40.69023, -73.99167)","3","11201","40.69023","-73.99167","2","33","9","3002698","3002710017","Brooklyn Heights-Cobble Hill                                               "
"Downtown Ale House","Food Service","121 Livingston Street","347-457-5404","www.downtownalehouse.com",,,,"(40.69084, -73.988861)","3","11201","40.69084","-73.988861","2","33","37","3000433","3001547501","DUMBO-Vinegar Hill-Downtown Brooklyn-Boerum Hill                           "
"Exclusive Eyewear","Medical/Dental/Optical","362 Livingston Street","718-596-9393","www.exclusiveeyewear.com","M-Th 10am -7pm; F 10am - 8pm","11am - 9pm","Closed","(40.687696, -73.980778)","3","11217","40.687696","-73.980778","2","33","37","3335900","3001670016","DUMBO-Vinegar Hill-Downtown Brooklyn-Boerum Hill                           "
"Dunkin Donuts","Food Service","56 Court Street","718-625-2068","www.dunkindonuts.com","M 12am - 5pm, 6:30am - 7:30pm","6:30am - 7:30pm","closed","(40.692171, -73.991172)","3","11201","40.692171","-73.991172","2","33","9","3397831","3002657502","Brooklyn Heights-Cobble Hill                                               "
"Psychic Readings","Psychic","123 Livingston Street","347-529-4164",,,,,"(40.69082, -73.988811)","3","11201","40.69082","-73.988811","2","33","37","3000432","3001547501","DUMBO-Vinegar Hill-Downtown Brooklyn-Boerum Hill                           "
"Tio Pio","Food Service","119 Court Street","718-403-0044",,,,,"(40.690442, -73.991995)","3","11201","40.690442","-73.991995","2","33","9",,,"Brooklyn Heights-Cobble Hill                                               "
"Verizon Wireless","Electronics","105 Court Street","718-625-7772","www.verizonwireless.com",,,,"(40.690793, -73.991825)","3","11201","40.690793","-73.991825","2","33","9","3002702","3002710023","Brooklyn Heights-Cobble Hill                                               "
"Barnes and Noble","Book Stores","106 Court Street","718-246-4996","www.barnesandnoble.com","9am - 11pm","9am - 11pm","10am - 10pm","(40.69056, -73.991962)","3","11201","40.69056","-73.991962","2","33","9","3378157","3002700001","Brooklyn Heights-Cobble Hill                                               "
"Hero Shop","Food Service","119 Livingston Street","718-834-8572",,,,,"(40.690859, -73.988915)","3","11201","40.690859","-73.988915","2","33","37","3000433","3001547501","DUMBO-Vinegar Hill-Downtown Brooklyn-Boerum Hill                           "
"Central Parking","Transportation","300 Livingston Street","718-852-7317",,"6am - 11pm","6am - 11pm","10am - 7pm","(40.688355, -73.982468)","3","11217","40.688355","-73.982468","2","33","37","3000503","3001660001","DUMBO-Vinegar Hill-Downtown Brooklyn-Boerum Hill                           "
"C's Beauty World Salon","Beauty Services","305 Livingston Street","718-624-7739",,,,,"(40.688053, -73.98165)","3","11217","40.688053","-73.98165","2","33","37","3000472","3001610054","DUMBO-Vinegar Hill-Downtown Brooklyn-Boerum Hill                           "
"Gold's Gym","Health & Fitness","85 Livingston Street","718-845-4653","www.goldsgym.com",,,,"(40.69143, -73.990826)","3","11201","40.69143","-73.990826","2","33","9","3002556","3002660012","Brooklyn Heights-Cobble Hill                                               "
"Hanover  Place Learning Center","Child Care","15 Hanover Place","718-246-1479","www.hanoverchildcare.com",,,,"(40.688827, -73.982454)","3","11201","40.688827","-73.982454","2","33","37","3000462","3001610003","DUMBO-Vinegar Hill-Downtown Brooklyn-Boerum Hill                           "
"Esquire Bank","Banking","64 Court Street","718-222-5066","www.esquirebank.com","8:30am - 4:00pm","closed","Closed","(40.691982, -73.991266)","3","11201","40.691982","-73.991266","2","33","9","3002552","3002657501","Brooklyn Heights-Cobble Hill                                               "
"Brooklyn Martial Arts","Health & Fitness","289 Livingston Street","718-403-9026",,,,,"(40.688231, -73.982108)","3","11217","40.688231","-73.982108","2","33","37","3000480","3001610062","DUMBO-Vinegar Hill-Downtown Brooklyn-Boerum Hill                           "
"Lucy Hot Dog and Donuts ","Newsstands & Delis","330 Livingston Street","347-221-9471",,"8am - 7:30pm","8am - 7:30pm","Closed","(40.688036, -73.981654)","3","11217","40.688036","-73.981654","2","33","37","3000514","3001660035","DUMBO-Vinegar Hill-Downtown Brooklyn-Boerum Hill                           "
"Paramount Tailors","Dry Cleaners / Tailors","312 Livingston Street","718-852-4489",,"9am - 7pm","9am - 7pm","Closed","(40.688226, -73.982144)","3","11217","40.688226","-73.982144","2","33","37","3000508","3001660027","DUMBO-Vinegar Hill-Downtown Brooklyn-Boerum Hill                           "
"H&R Block","Tax Services","287 Livingston Street","718-625-1988","www.hrblock.com",,,,"(40.688253, -73.982166)","3","11217","40.688253","-73.982166","2","33","37","3000481","3001610063","DUMBO-Vinegar Hill-Downtown Brooklyn-Boerum Hill                           "
"Bail Bonds","Bail Bonds","21 Smith Street, 2nd floor","718-681-5933",,,,,"(40.690897, -73.987642)","3","11201","40.690897","-73.987642","2","33","37","3335898","3001550005","DUMBO-Vinegar Hill-Downtown Brooklyn-Boerum Hill                           "
"Gourd-Chips, Inc.","Apparel & Footwear","113A Court Street","718-797-5236","www.gourdchips.com",,,,"(40.690593, -73.991923)","3","11201","40.690593","-73.991923","2","33","9","3339392","3002710020","Brooklyn Heights-Cobble Hill                                               "
"Arimed","Medical/Dental/Optical","302 Livingston Street","(718) 875-8754","www.arimed.com","8am - 5pm","Closed","Closed","(40.688333, -73.982414)","3","11217","40.688333","-73.982414","2","33","37","3000504","3001660021","DUMBO-Vinegar Hill-Downtown Brooklyn-Boerum Hill                           "
"Afrik Elegance","Beauty Services","310 Livingston Street","718-260-8050",,,,,"(40.688248, -73.982198)","3","11217","40.688248","-73.982198","2","33","37","3000507","3001660025","DUMBO-Vinegar Hill-Downtown Brooklyn-Boerum Hill                           "
"Jake's Wayback Burger","Food Service","125 Livingston Street","718-935-9888",,,,,"(40.690801, -73.98876)","3","11201","40.690801","-73.98876","2","33","37","3000431","3001547501","DUMBO-Vinegar Hill-Downtown Brooklyn-Boerum Hill                           "
"Patty Plus","Food Service","324 Livingston Street","718-522-7565",,"8am - 8pm","8am - 8pm","Closed","(40.688099, -73.981816)","3","11217","40.688099","-73.981816","2","33","37","3000512","3001660033","DUMBO-Vinegar Hill-Downtown Brooklyn-Boerum Hill                           "
"Ynobee Studio 05","Beauty Services","346 Livingston Street","718-522-3901",,"10am - 7pm","10am - 7pm","Closed","(40.6878, -73.981048)","3","11217","40.6878","-73.981048","2","33","37","3000000","3001670013","DUMBO-Vinegar Hill-Downtown Brooklyn-Boerum Hill                           "
"Gothic Cabinet Furniture","Furniture","31 Smith Street","718-625-2333","www.gothiccabinetcraft.com","10am - 7pm","10am - 7pm","11am - 6pm","(40.690694, -73.987754)","3","11201","40.690694","-73.987754","2","33","37","3000435","3001550001","DUMBO-Vinegar Hill-Downtown Brooklyn-Boerum Hill                           "
"Mama Senalgese Braiding","Beauty Services","255 Livingston Street",,,,,,"(40.688745, -73.983438)","3","11217","40.688745","-73.983438","2","33","37","3000455","3001600001","DUMBO-Vinegar Hill-Downtown Brooklyn-Boerum Hill                           "
"Designer Nail Salon","Beauty Services","344 Livingston Street","718-243-1864","no website ","M-Th 9am - 7:30pm; F 9am - 8pm","9am - 8pm","11am - 6pm","(40.687814, -73.981084)","3","11217","40.687814","-73.981084","2","33","37","3000524","3001670009","DUMBO-Vinegar Hill-Downtown Brooklyn-Boerum Hill                           "
"My Little Pizzeria","Food Service","114 Court Street","718-643-6120",,,,,"(40.690184, -73.992139)","3","11201","40.690184","-73.992139","2","33","9","3002797","3002760044","Brooklyn Heights-Cobble Hill                                               "
"Brooklyn Ballet","Nonprofit","160 Schermerhorn Street","718-246-0146",,,,,"(40.689525, -73.987452)","3","11201","40.689525","-73.987452","2","33","43","3394335","3001700015","DUMBO-Vinegar Hill-Downtown Brooklyn-Boerum Hill                           "
"Honey Cosmetics","Beauty Services","310 Livingston Street","718-855-7287",,"M-Th 10am - 7:30pm; F 10am - 8pm","10am - 8pm","11am - 6pm","(40.688248, -73.982198)","3","11217","40.688248","-73.982198","2","33","37","3000507","3001660025","DUMBO-Vinegar Hill-Downtown Brooklyn-Boerum Hill                           "
"NYC Explorers","Child Care","110 Schermerhorn Street",,,,,,"(40.690162, -73.989182)","3","11201","40.690162","-73.989182","2","33","43","3000533","3001690009","DUMBO-Vinegar Hill-Downtown Brooklyn-Boerum Hill                           "
"24 Hour Lotto","Newsstands & Delis","33 Smith Street",,,,,,"(40.690653, -73.987779)","3","11201","40.690653","-73.987779","2","33","37","3000435","3001550001","DUMBO-Vinegar Hill-Downtown Brooklyn-Boerum Hill                           "
"Smith Food Express","Newsstands & Delis","21 Smith Street",,,,,,"(40.690897, -73.987642)","3","11201","40.690897","-73.987642","2","33","37","3335898","3001550005","DUMBO-Vinegar Hill-Downtown Brooklyn-Boerum Hill                           "
"Carver Federal Savings","Banking","111 Livingston Street","718-230-2900","www.carverbank.com",,,,"(40.691144, -73.98981)","3","11201","40.691144","-73.98981","2","33","9","3002555","3002660001","Brooklyn Heights-Cobble Hill                                               "
"Chase Bank","Banking","101 Court Street","718-643-0048","www.chase.com","F 8am - 10:30pm; 8am - 9:30pm","10am - 10:30pm","12pm - 8pm","(40.690895, -73.991778)","3","11201","40.690895","-73.991778","2","33","9","3002702","3002710023","Brooklyn Heights-Cobble Hill                                               "
"Black Elegance","Beauty Services","46 Hoyt Street","347-471-8805",,,,,"(40.689212, -73.986038)","3","11201","40.689212","-73.986038","2","33","37","3000491","3001640039","DUMBO-Vinegar Hill-Downtown Brooklyn-Boerum Hill                           "
"Official Lotto Newsstand","Newsstands & Delis","155 Livingston Street",,,,,,"(40.690403, -73.9877)","3","11201","40.690403","-73.9877","2","33","37","3000435","3001550001","DUMBO-Vinegar Hill-Downtown Brooklyn-Boerum Hill                           "
"Lean On Me BodyWorks","Health & Fitness","85 Livingston Street","718-222-8713","www.leanonmebodyworks.com",,,,"(40.69143, -73.990826)","3","11201","40.69143","-73.990826","2","33","9","3002556","3002660012","Brooklyn Heights-Cobble Hill                                               "
"Little Gym of Brooklyn Heights","Health & Fitness","221 Atlantic Avenue","718-488-7744","www.thelittlegym.com","9am -6pm","9am - 12pm","9am - 12pm ","(40.689533, -73.991869)","3","11201","40.689533","-73.991869","2","33","9","3388736","3002777501","Brooklyn Heights-Cobble Hill                                               "
"Jado's Pizza","Food Service","90 Livingston Street","718-855-0110",,,,,"(40.691386, -73.990725)","3","11201","40.691386","-73.990725","2","33","9","3002653","3002690036","Brooklyn Heights-Cobble Hill                                               "
"Checkers","Food Service","111 Court Street","718-797-5333","www.checkers.com","F 11am - 2am; 11am - 12am","11m - 2am","11am - 12am","(40.690642, -73.991897)","3","11201","40.690642","-73.991897","2","33","9","3002701","3002710020","Brooklyn Heights-Cobble Hill                                               "
"Streamline Pilates Studio","Health & Fitness","196 State Street","718-488-8688","www.streamlinepilates.com","by appointment","by appointment","by appointment","(40.690469, -73.992532)","3","11201","40.690469","-73.992532","2","33","9","3002796","3002760043","Brooklyn Heights-Cobble Hill                                               "
"GNC","Health & Fitness","58 Court Street","718-852-7625","www.gnc.com",,,,"(40.692124, -73.991194)","3","11201","40.692124","-73.991194","2","33","9","3002552","3002657501","Brooklyn Heights-Cobble Hill                                               "
"Jackson Hewitt","Tax Services","364 Livingston Street","877-580-1040","www.jacksonhewitt.com","9am - 9pm","9am - 9pm","9am - 7pm","(40.687682, -73.980741)","3","11217","40.687682","-73.980741","2","33","37","3335901","3001670016","DUMBO-Vinegar Hill-Downtown Brooklyn-Boerum Hill                           "
"Fulton (Viva) Beauty Supply","Beauty Services","8 Nevins Street","718-522-7475 ",,"9:30am-7:30pm","9:30am-7:30pm","closed","(40.68847, -73.981055)","3","11217","40.68847","-73.981055","2","33","37","3329440","3001610047","DUMBO-Vinegar Hill-Downtown Brooklyn-Boerum Hill                           "
"3 In 1 Deli","Newsstands & Delis","50 Hoyt Street",,,,,,"(40.689116, -73.986103)","3","11201","40.689116","-73.986103","2","33","37","3000493","3001640041","DUMBO-Vinegar Hill-Downtown Brooklyn-Boerum Hill                           "
"Super Runner Shop","Apparel & Footwear","123 Court Street","718-858-8550","www.superrunnersshop.com",,,,"(40.690178, -73.992121)","3","11201","40.690178","-73.992121","2","33","9","3388736","3002777501","Brooklyn Heights-Cobble Hill                                               "
"Cosmetic & General Dentistry","Medical/Dental/Optical","226 Livingston Street","718-596-0066","no website ",,,,"(40.689376, -73.985101)","3","11201","40.689376","-73.985101","2","33","37","3000498","3001650015","DUMBO-Vinegar Hill-Downtown Brooklyn-Boerum Hill                           "
"Stur-Dee Health Foods","Health & Fitness","222 Livingston Street","718-852-7600",,,,,"(40.689423, -73.985223)","3","11201","40.689423","-73.985223","2","33","37","3000496","3001650013","DUMBO-Vinegar Hill-Downtown Brooklyn-Boerum Hill                           "
"Nu Expressions Hair salon","Beauty Services","314 Livingston Street","718-237-9991",,"10am - 6:30pm","10am - 6:30pm","Closed","(40.688206, -73.98209)","3","11217","40.688206","-73.98209","2","33","37","3000509","3001660028","DUMBO-Vinegar Hill-Downtown Brooklyn-Boerum Hill                           "
"Wendy's","Food Service","291 Livingston Street",,"www.wendys.com",,,,"(40.688209, -73.98205)","3","11217","40.688209","-73.98205","2","33","37","3000479","3001610061","DUMBO-Vinegar Hill-Downtown Brooklyn-Boerum Hill                           "
"Livingston Dental Care","Medical/Dental/Optical","366 Livingston Street","718-722-7700",,"10am - 7pm","10am - 4pm","Closed","(40.687671, -73.980709)","3","11217","40.687671","-73.980709","2","33","37","3335902","3001670016","DUMBO-Vinegar Hill-Downtown Brooklyn-Boerum Hill                           "
"Edison Park Fast","Transportation","134 Schermerhorn Street","718-246-0367",,,,,"(40.68995, -73.988558)","3","11201","40.68995","-73.988558","2","33","43","3000534","3001690017","DUMBO-Vinegar Hill-Downtown Brooklyn-Boerum Hill                           "
"Bridge Cleaners & Tailors","Dry Cleaners / Tailors","204 Livingston Street","718-625-1446","www.bridgecleaners.com",,,,"(40.689755, -73.986078)","3","11201","40.689755","-73.986078","2","33","37","3000487","3001640034","DUMBO-Vinegar Hill-Downtown Brooklyn-Boerum Hill                           "
"Mikey's Smoke Shop","Gifts","60 Schermerhorn Street","718-875-1139",,"9:30am - 6pm","9am- 5pm","closed","(40.690821, -73.991227)","3","11201","40.690821","-73.991227","2","33","9","3002702","3002710023","Brooklyn Heights-Cobble Hill                                               "
"Queen Restaurant","Food Service","84 Court Street","718-596-5954","www.queenrestaurant.com","M, T - 11:30am - 10pm; W, Th - 11:30am - 10:30pm; F 11:30am - 11pm","4pm - 11pm","2:30pm - 10pm","(40.691298, -73.991605)","3","11201","40.691298","-73.991605","2","33","9","3002638","3002680050","Brooklyn Heights-Cobble Hill                                               "
"Poison Lady","Apparel & Footwear","293 Livingston Street","718-522-1751",,,,,"(40.688187, -73.981993)","3","11217","40.688187","-73.981993","2","33","37","3000478","3001610060","DUMBO-Vinegar Hill-Downtown Brooklyn-Boerum Hill                           "
"Rite Aid (Store# 10571)","Pharmacies","120 Court Street","718-643-2146","www.riteaid.com","7:30am-10pm","8am - 9pm","9am - 9pm","(40.689989, -73.992233)","3","11201","40.689989","-73.992233","2","33","9","3002800","3002760047","Brooklyn Heights-Cobble Hill                                               "
"Edison Park Fast","Transportation","160 Livingston Street","718-403-0046",,,,,"(40.690373, -73.987668)","3","11201","40.690373","-73.987668","2","33","37","3255604","3001640001","DUMBO-Vinegar Hill-Downtown Brooklyn-Boerum Hill                           "
"The Court Street Jewelers","Jewelery & Accessories","60 Court Street","718-834-8940",,,,,"(40.692078, -73.991219)","3","11201","40.692078","-73.991219","2","33","9","3002552","3002657501","Brooklyn Heights-Cobble Hill                                               "
"GGMC Parking","Transportation","189 Schermerhorn Street",,,"24 hours","24 hours","24 hours","(40.689165, -73.986503)","3","11201","40.689165","-73.986503","2","33","37","3392981","3001647502","DUMBO-Vinegar Hill-Downtown Brooklyn-Boerum Hill                           "
"RE/MAX Metro","Real Estate","85 Livingston Street","718-243-2999","www.remax-metro-brooklyn-ny.com",,,,"(40.69143, -73.990826)","3","11201","40.69143","-73.990826","2","33","9","3002556","3002660012","Brooklyn Heights-Cobble Hill                                               "
"Sleepy's ","Furniture","268 Livingston Street","718-246-7957","www.sleepys.com","10am - 8pm","10am - 8pm","10am - 7pm","(40.688879, -73.983835)","3","11201","40.688879","-73.983835","2","33","37","3329446","3001650029","DUMBO-Vinegar Hill-Downtown Brooklyn-Boerum Hill                           "
"Brooklyn Fare","Food Service","200-1 Schermerhorn Street","718-243-0050","www.brooklynfare.com","7am - 10pm","7am - 10pm","8am - 9pm","(40.688822, -73.985674)","3","11201","40.688822","-73.985674","2","33","41","3000541","3001710001","DUMBO-Vinegar Hill-Downtown Brooklyn-Boerum Hill                           "
"Campos Brokerage & Travel","Travel","30 Nevins Street, 2nd Floor","718-834-0231",,"10am - 6pm","By appointment","closed","(40.687858, -73.981473)","3","11217","40.687858","-73.981473","2","33","37","3000515","3001660037","DUMBO-Vinegar Hill-Downtown Brooklyn-Boerum Hill                           "
"Heads Up Barber Shop","Beauty Services","18 Nevins Street","718-246-2550",,,,,"(40.688267, -73.981196)","3","11217","40.688267","-73.981196","2","33","37","3000470","3001610052","DUMBO-Vinegar Hill-Downtown Brooklyn-Boerum Hill                           "
"Brooklyn Federal Savings","Banking","81 Court Street","718-855-8500","www.brooklynbank.com","F 8:30am - 6pm, 8:30am - 3:30pm","8:30am - 1pm","closed","(40.691504, -73.991483)","3","11201","40.691504","-73.991483","2","33","9","3002650","3002690027","Brooklyn Heights-Cobble Hill                                               "
"YMCA","Health & Fitness","225 Atlantic Avenue","718-625-3136","www.ymcanyc.org","5:30am - 11pm","7am - 8pm","7am - 8pm","(40.6895, -73.991771)","3","11201","40.6895","-73.991771","2","33","9","3388736","3002777501","Brooklyn Heights-Cobble Hill                                               "
"MS Store","Newsstands & Delis","24 Nevins Street",,,"10am - 6pm","10am-6pm","closed","(40.688143, -73.981279)","3","11217","40.688143","-73.981279","2","33","37","3000471","3001610053","DUMBO-Vinegar Hill-Downtown Brooklyn-Boerum Hill                           "
"Banco Popular","Banking","66 Court Street","718-596-1352","www.mypopularbanking.com","Th 9am 6pm, 9am - 3pm","closed","Closed","(40.691935, -73.991291)","3","11201","40.691935","-73.991291","2","33","9","3002543","3002650001","Brooklyn Heights-Cobble Hill                                               "
"Liberty Tax Service","Tax Services","306 Livingston Street","718-855-2311","www.libertytax.xom","M-W Appt.; F 10am - 6pm","Closed","Closed","(40.688289, -73.982306)","3","11217","40.688289","-73.982306","2","33","37","3000506","3001660024","DUMBO-Vinegar Hill-Downtown Brooklyn-Boerum Hill                           "
"Court Order","Food Service","52 Court Street","718-935-9300","www.courtorderdeli.com",,,,"(40.692267, -73.991122)","3","11201","40.692267","-73.991122","2","33","9","3002550","3002650049","Brooklyn Heights-Cobble Hill                                               "
"AVIS Car Rental","Transportation","211 Atlantic Avenue","718-858-4787",,"7am - 9pm","7am - 3pm","7am - 9pm","(40.689616, -73.99211)","3","11201","40.689616","-73.99211","2","33","9","3388736","3002777501","Brooklyn Heights-Cobble Hill                                               "
"Chunah Hing Chinese","Food Service","48 Hoyt Street","718-797-3188",,,,,"(40.689162, -73.986071)","3","11201","40.689162","-73.986071","2","33","37","3000492","3001640040","DUMBO-Vinegar Hill-Downtown Brooklyn-Boerum Hill                           "
"T-Mobile","Electronics","76 Court Street","718-488-5500","www.t-mobile.com",,,,"(40.69151, -73.991501)","3","11201","40.69151","-73.991501","2","33","9","3002635","3002680046","Brooklyn Heights-Cobble Hill                                               "
"Side Street Deli","Newsstands & Delis","187 State Street","718-802-1100",,"6am - 6pm","6:30am - 3pm","closed","(40.69023, -73.99167)","3","11201","40.69023","-73.99167","2","33","9","3002698","3002710017","Brooklyn Heights-Cobble Hill                                               "
"Saporita Pizza","Food Service","27 Smith Street","718-643-7777","www.saporitapizza.com","11am - 8pm","closed","11am - 6pm","(40.690776, -73.987711)","3","11201","40.690776","-73.987711","2","33","37","3000436","3001550003","DUMBO-Vinegar Hill-Downtown Brooklyn-Boerum Hill                           "
"Nevins Drugs","Pharmacies","326 Livingston Street","718-422-0100","www.nevinsdrugs.com","9am - 6:30pm","10am - 3pm","Closed","(40.688077, -73.981762)","3","11217","40.688077","-73.981762","2","33","37","3000513","3001660034","DUMBO-Vinegar Hill-Downtown Brooklyn-Boerum Hill                           "
"Park Nail Spa","Beauty Services","210 State Street","718-935-1119",,"10am - 8pm","10am - 8pm","11am - 7:30pm","(40.690189, -73.991598)","3","11201","40.690189","-73.991598","2","33","9","3388736","3002777501","Brooklyn Heights-Cobble Hill                                               "
"Barclay School Supply","Book Stores","166 Livingston Street","718-875-2424","www.barclayschoolsupplies.com",,,,"(40.69031, -73.987502)","3","11201","40.69031","-73.987502","2","33","37","3329445","3001640013","DUMBO-Vinegar Hill-Downtown Brooklyn-Boerum Hill                           "
"GGMC Parking","Transportation","66 Boerum Place","718-802-0610",,"6am - 12am","8am - 8pm","8am - 8pm","(40.689519, -73.990322)","3","11201","40.689519","-73.990322","2","33","9","3002801","3002770001","Brooklyn Heights-Cobble Hill                                               "
"Dello Russo Laser Vision","Medical/Dental/Optical","100 Livingston Street","718-254-9263","www.dellorussolaservision.com",,,,"(40.691284, -73.990372)","3","11201","40.691284","-73.990372","2","33","9","3002654","3002690040","Brooklyn Heights-Cobble Hill                                               "
"O'Keefe's Bar & Grill","Food Service","62 Court Street","718-855-8751",,,,,"(40.692028, -73.991241)","3","11201","40.692028","-73.991241","2","33","9","3002552","3002657501","Brooklyn Heights-Cobble Hill                                               "
"Curves for Women","Health & Fitness","52 Court Street","718-237-9394","www.curves.com","7am - 8pm","8am - 1pm","8am - 1pm","(40.692267, -73.991122)","3","11201","40.692267","-73.991122","2","33","9","3002550","3002650049","Brooklyn Heights-Cobble Hill                                               "
"Red Mango","Food Service","125 Court Street","718-797-2133","www.redmangousa.com",,,,"(40.690112, -73.99215)","3","11201","40.690112","-73.99215","2","33","9","3388736","3002777501","Brooklyn Heights-Cobble Hill                                               "
"Danny & Andy Deli","Newsstands & Delis","229 Schermerhorn Street","718-797-4188",,"6am - 5pm","closed","closed","(40.688564, -73.98496)","3","11201","40.688564","-73.98496","2","33","37","3329443","3001650022","DUMBO-Vinegar Hill-Downtown Brooklyn-Boerum Hill                           "
"Chase-ATM","Banking","86 Court Street",,"www.chase.com","24 hours","24 hours","24 hours","(40.691246, -73.991631)","3","11201","40.691246","-73.991631","2","33","9","3002639","3002680051","Brooklyn Heights-Cobble Hill                                               "
"B Lunch Bar","Food Service","129 Livingston Street","718-522-4500",,,,,"(40.690763, -73.988656)","3","11201","40.690763","-73.988656","2","33","37","3000429","3001540036","DUMBO-Vinegar Hill-Downtown Brooklyn-Boerum Hill                           "
"Chase Bank","Banking","20 Flatbush Avenue","718-858-5305","www.chase.com",,,,"(40.68825, -73.980511)","3","11217","40.68825","-73.980511","2","33","37","3000483","3001620001","DUMBO-Vinegar Hill-Downtown Brooklyn-Boerum Hill                           "
"Tatyana's Nail Salon","Beauty Services","85 Livingston Street","718-855-1522",,"9am-8pm","9am-8pm","9am-8pm","(40.69143, -73.990826)","3","11201","40.69143","-73.990826","2","33","9","3002556","3002660012","Brooklyn Heights-Cobble Hill                                               "
"Fulany Fashions","Apparel & Footwear","301 Livingston Street","718-246-3777",,,,,"(40.688097, -73.981765)","3","11217","40.688097","-73.981765","2","33","37","3000474","3001610056","DUMBO-Vinegar Hill-Downtown Brooklyn-Boerum Hill                           "
"Lenscrafters Optique","Medical/Dental/Optical","121 Court Street","718-858-7036","www.lenscrafters.com",,,,"(40.690244, -73.992089)","3","11201","40.690244","-73.992089","2","33","9","3388736","3002777501","Brooklyn Heights-Cobble Hill                                               "
"Foye Princess Braiding","Beauty Services","322 Livingston Street, 2nd Floor","718-858-2738",,,,,"(40.688121, -73.98187)","3","11217","40.688121","-73.98187","2","33","37","3000511","3001660032","DUMBO-Vinegar Hill-Downtown Brooklyn-Boerum Hill                           "
"Diacks Variety","Newsstands & Delis","40 Hoyt Street",,,,,,"(40.689354, -73.985941)","3","11201","40.689354","-73.985941","2","33","37","3000489","3001640036","DUMBO-Vinegar Hill-Downtown Brooklyn-Boerum Hill                           "
"Zap Wine & Spirits","Wine & Spirits","105 Court Street","718-643-3395","www.zapwine.com","F 8am - 10:30pm; 8am - 9:30pm","10am - 10:30pm","12pm - 8pm","(40.690793, -73.991825)","3","11201","40.690793","-73.991825","2","33","9","3002702","3002710023","Brooklyn Heights-Cobble Hill                                               "
"La Bagel Delight","Food Service","90 Court Street","718-522-0520","www.labageldelight.com","6am - 6pm","6am - 5pm","6am - 4pm","(40.691139, -73.991681)","3","11201","40.691139","-73.991681","2","33","9","3395715","3002680001","Brooklyn Heights-Cobble Hill                                               "
"Popeyes","Food Service","80 Court Street","718-422-0835","www.popeyes.com",,,,"(40.691402, -73.991551)","3","11201","40.691402","-73.991551","2","33","9","3002636","3002680048","Brooklyn Heights-Cobble Hill                                               "
"Sovereign Bank","Banking","215 Atlantic Avenue","718-637-2205","www.soverignbank.com","M 9am - 6pm, 9am - 5pm","9am - 1pm","Closed","(40.689583, -73.992013)","3","11201","40.689583","-73.992013","2","33","9","3388736","3002777501","Brooklyn Heights-Cobble Hill                                               "
"Enterprise Rental Car","Transportation","290 Livingston Street","718-488-8800","www.enterprise.com","7:30am - 6pm","9am - Noon","Closed","(40.688563, -73.983013)","3","11217","40.688563","-73.983013","2","33","37","3000503","3001660001","DUMBO-Vinegar Hill-Downtown Brooklyn-Boerum Hill                           "
"Brooklyn Fare Kitchen","Food Service","200-3 Schermerhorn Street",,,,,,"(40.688822, -73.985674)","3","11201","40.688822","-73.985674","2","33","41","3000541","3001710001","DUMBO-Vinegar Hill-Downtown Brooklyn-Boerum Hill                           "
"One Stop Mobile","Electronics","255 Livingston Street","718-624-4700","www.t-mobile.com",,,,"(40.688745, -73.983438)","3","11217","40.688745","-73.983438","2","33","37","3000455","3001600001","DUMBO-Vinegar Hill-Downtown Brooklyn-Boerum Hill                           "
"New Apollo Diner","Food Service","155 Livingston Street","718-858-5600","www.apollo-diner.com",,,,"(40.690403, -73.9877)","3","11201","40.690403","-73.9877","2","33","37","3000435","3001550001","DUMBO-Vinegar Hill-Downtown Brooklyn-Boerum Hill                           "
"Check Cashing","Banking","44 Hoyt Street","718-522-0774",,,,,"(40.689258, -73.986006)","3","11201","40.689258","-73.986006","2","33","37","3000494","3001640138","DUMBO-Vinegar Hill-Downtown Brooklyn-Boerum Hill                           "
"Official Connection, Inc.","Book Stores","316 Livingston Street","718-488-0006",,"10am - 7pm","10am - 7 pm","Closed","(40.688185, -73.982036)","3","11217","40.688185","-73.982036","2","33","37","3000510","3001660029","DUMBO-Vinegar Hill-Downtown Brooklyn-Boerum Hill                           "
"Greyhound Brooklyn","Transportation","288 Livingston Street","(718) 222-8470","www.greyhound.com","8:30am - 7:30pm","8:30am - 7:30pm","8:30am - 7:30pm","(40.688583, -73.983067)","3","11217","40.688583","-73.983067","2","33","37","3000503","3001660001","DUMBO-Vinegar Hill-Downtown Brooklyn-Boerum Hill                           "
"Optometrist: Dr. Aaron Mandel","Medical/Dental/Optical","228 Livingston Street",,,,,,"(40.689351, -73.985039)","3","11201","40.689351","-73.985039","2","33","37","3000499","3001650016","DUMBO-Vinegar Hill-Downtown Brooklyn-Boerum Hill                           "
"D-town Deli and Grill","Newsstands & Delis","26 Nevins Street","(718) 643-1770",,"24 hours","24 hours","24 hours","(40.688102, -73.981307)","3","11217","40.688102","-73.981307","2","33","37","3000471","3001610053","DUMBO-Vinegar Hill-Downtown Brooklyn-Boerum Hill                           "
"R&G Brenner Tax Consultants","Tax Services","206 Livingston Street","718-596-1188","www.rgbrenner.com",,,,"(40.68973, -73.986013)","3","11201","40.68973","-73.986013","2","33","37","3000488","3001640035","DUMBO-Vinegar Hill-Downtown Brooklyn-Boerum Hill                           "
"Value Furniture Warehouse","Furniture","254 Livingston Street","718-243-2600",,"10am - 6pm","10am - 6pm","Closed","(40.689, -73.984138)","3","11201","40.689","-73.984138","2","33","37","3329446","3001650029","DUMBO-Vinegar Hill-Downtown Brooklyn-Boerum Hill                           "
"Popeyes","Food Service","290 Livingston Street","718-243-9434","www.popeyes.com",,,,"(40.688563, -73.983013)","3","11217","40.688563","-73.983013","2","33","37","3000503","3001660001","DUMBO-Vinegar Hill-Downtown Brooklyn-Boerum Hill                           "
"Amy Nail & Salon","Beauty Services","303 Livingston Street","718-222-1848","no website ",,,,"(40.688075, -73.981708)","3","11217","40.688075","-73.981708","2","33","37","3000473","3001610055","DUMBO-Vinegar Hill-Downtown Brooklyn-Boerum Hill                           "
"Fresco Tortilla Plus","Food Service","113 Court Street","718-237-3898",,,,,"(40.690593, -73.991923)","3","11201","40.690593","-73.991923","2","33","9","3339392","3002710020","Brooklyn Heights-Cobble Hill                                               "
"Livingston Diner","Food Service","372 Livingston Street","718-522-6941",,"5am - 6pm","5am-6pm","closed","(40.68763, -73.980608)","3","11217","40.68763","-73.980608","2","33","37","3335905","3001670016","DUMBO-Vinegar Hill-Downtown Brooklyn-Boerum Hill                           "
"Eyvette Boutique","Apparel & Footwear","60 Court Street","718-254-9208","no website ",,,,"(40.692078, -73.991219)","3","11201","40.692078","-73.991219","2","33","9","3002552","3002657501","Brooklyn Heights-Cobble Hill                                               "
"Gamestop","Electronics","116A Court Street","718-488-0641","www.gamestop.com","10am - 8pm","10am - 8pm","11am - 6pm","(40.690118, -73.992172)","3","11201","40.690118","-73.992172","2","33","9",,,"Brooklyn Heights-Cobble Hill                                               "
"Livingston Newsstand","Newsstands & Delis","255 Livingston Street",,,,,,"(40.688745, -73.983438)","3","11217","40.688745","-73.983438","2","33","37","3000455","3001600001","DUMBO-Vinegar Hill-Downtown Brooklyn-Boerum Hill                           "
"Bell Tower Christian Gift & Bookstore","Book Stores","163 Livingston Street","718-290-2100","www.belltoweronline.com",,,,"(40.690296, -73.987423)","3","11201","40.690296","-73.987423","2","33","37","3335898","3001550005","DUMBO-Vinegar Hill-Downtown Brooklyn-Boerum Hill                           "
"Eyes and Optics","Medical/Dental/Optical","314 Livingston Street","718-875-3351",,"M-Th 10am - 6pm; F 9am - 5pm","Closed","Closed","(40.688206, -73.98209)","3","11217","40.688206","-73.98209","2","33","37","3000509","3001660028","DUMBO-Vinegar Hill-Downtown Brooklyn-Boerum Hill                           "
"Game Champ","Electronics","6 Nevins Street",,,,,,"(40.688511, -73.98103)","3","11217","40.688511","-73.98103","2","33","37","3329440","3001610047","DUMBO-Vinegar Hill-Downtown Brooklyn-Boerum Hill                           "
"NY Bail","Bail Bonds","75 Smith Street",,,"8:30am - 2am","8:30am - 2am","8:30am - 2am","(40.689201, -73.988739)","3","11201","40.689201","-73.988739","2","33","43","3395986","3001767501","DUMBO-Vinegar Hill-Downtown Brooklyn-Boerum Hill                           "
"Top Nail","Beauty Services","312 Livingston Street","718-246-9063",,"9:30am - 8pm","9:30am - 8pm","Closed","(40.688226, -73.982144)","3","11217","40.688226","-73.982144","2","33","37","3000508","3001660027","DUMBO-Vinegar Hill-Downtown Brooklyn-Boerum Hill                           "
"New Way Newstand & Candy","Newsstands & Delis","208 Livingston Street","973-767-5589",,,,,"(40.689706, -73.985951)","3","11201","40.689706","-73.985951","2","33","37","3000489","3001640036","DUMBO-Vinegar Hill-Downtown Brooklyn-Boerum Hill                           "
"Renaissance Java Café","Food Service","200-2 Schermerhorn Street","718-222-8868","www.renaissancejavacafe.com","7am - 6pm","9am - 5pm","closed","(40.688822, -73.985674)","3","11201","40.688822","-73.985674","2","33","41","3000541","3001710001","DUMBO-Vinegar Hill-Downtown Brooklyn-Boerum Hill                           "
"Dallas BBQ","Food Service","180 Livingston Street","718-643-5700","www.dallasbbq.com",,,,"(40.690052, -73.986838)","3","11201","40.690052","-73.986838","2","33","37","3000484","3001647501","DUMBO-Vinegar Hill-Downtown Brooklyn-Boerum Hill                           "
"Z-7 Diner","Food Service","115 Court Street","718-596-6237",,,,,"(40.690541, -73.991948)","3","11201","40.690541","-73.991948","2","33","9","3339393","3002710020","Brooklyn Heights-Cobble Hill                                               "
"Diallo Hair Braiding","Beauty Services","301 Livingston Street, 2nd Floor","347-247-2627","no website ",,,,"(40.688097, -73.981765)","3","11217","40.688097","-73.981765","2","33","37","3000474","3001610056","DUMBO-Vinegar Hill-Downtown Brooklyn-Boerum Hill                           "
"ABRS Check Cashing","Banking","92 Court Street","718-875-0057",,,,,"(40.691087, -73.99171)","3","11201","40.691087","-73.99171","2","33","9","3002641","3002680054","Brooklyn Heights-Cobble Hill                                               "
"Greenline Newsstand","Newsstands & Delis","245 Schermerhorn Street",,,"8am - 8pm","9am - 6pm","9am - 6pm","(40.688393, -73.984527)","3","11201","40.688393","-73.984527","2","33","37","3329446","3001650029","DUMBO-Vinegar Hill-Downtown Brooklyn-Boerum Hill                           "
"Psychic Answers by Marie","Psychic","304 Livingston Street","718-237-2644","no website ","9am - 10pm","9am - 10pm","9am - 10pm","(40.688311, -73.98236)","3","11217","40.688311","-73.98236","2","33","37","3000505","3001660023","DUMBO-Vinegar Hill-Downtown Brooklyn-Boerum Hill                           "
"Subway","Food Service","288 Livingston Street","718-596-2530","www.subway.com","7am - 10pm","8am - 10pm","9am - 9pm","(40.688583, -73.983067)","3","11217","40.688583","-73.983067","2","33","37","3000503","3001660001","DUMBO-Vinegar Hill-Downtown Brooklyn-Boerum Hill                           "
"Mr. Rafaels Dry Cleaners & Tailoring","Dry Cleaners / Tailors","105 Court Street","718-858-5833","www.drycleanny.com",,,,"(40.690793, -73.991825)","3","11201","40.690793","-73.991825","2","33","9","3002702","3002710023","Brooklyn Heights-Cobble Hill                                               "
"200 Dry Cleaners ","Dry Cleaners / Tailors","200-4 Schermerhorn Street","718-855-1122",,"M-Th 8am-10pm, F 8am - 9pm","8am - 9pm","8am-9pm","(40.688822, -73.985674)","3","11201","40.688822","-73.985674","2","33","41","3000541","3001710001","DUMBO-Vinegar Hill-Downtown Brooklyn-Boerum Hill                           "
"McDonalds","Food Service","82 Court Street","718-852-2626","www.mcdonalds.com",,,,"(40.69135, -73.99158)","3","11201","40.69135","-73.99158","2","33","9","3002637","3002680049","Brooklyn Heights-Cobble Hill                                               "
"Govinda's Luncheon","Food Service","305 Schermerhorn Street","718-875-6127","www.radhagovinda108.com","12pm - 3:30pm","closed","closed","(40.687562, -73.982389)","3","11217","40.687562","-73.982389","2","33","37","3000518","3001660043","DUMBO-Vinegar Hill-Downtown Brooklyn-Boerum Hill                           "
"Angelica Pizza & Restaurant","Food Service","30 Nevins Street","718-852-2728",,,,,"(40.687858, -73.981473)","3","11217","40.687858","-73.981473","2","33","37","3000515","3001660037","DUMBO-Vinegar Hill-Downtown Brooklyn-Boerum Hill                           "
